recipe_id,name,ingredients,servings,serving_size,calories,total_fat,saturated_fat,cholesterol,sodium,carbohydrates,fiber,sugar,protein
36,Calzone,"[{""quantity"": ""1"", ""unitQuantity"": ""10"", ""unitUnit"": ""ounce"", ""unit"": ""can"", ""name"": ""Parker House Rolls"", ""description"": ""refrigerated""}, {""quantity"": ""1"", ""unitQuantity"": ""8"", ""unitUnit"": ""ounce"", ""unit"": ""can"", ""name"": ""tomato sauce with onion""}, {""quantity"": ""1"", ""unit"": ""teaspoon"", ""name"": ""basil leaves""}, {""quantity"": ""1"", ""unit"": ""teaspoon"", ""name"": ""oregano leaves""}, {""quantity"": ""2"", ""name"": ""Italian pork sausage (mild"", ""description"": ""6 oz.)""}, {""name"": ""water""}, {""quantity"": ""3"", ""unit"": ""tablespoons"", ""name"": ""olive oil""}, {""quantity"": ""2 1/4"", ""unit"": ""cups"", ""name"": ""mozzarella cheese"", ""description"": ""freshly-shredded""}, {""quantity"": ""1 1/2"", ""unit"": ""cups"", ""name"": ""romano cheese or 1 1/2 cups parmesan cheese"", ""description"": ""freshly-shredded""}]",4.0,219,622.8,50.6,21.5,125.9,1504.2,8.9,1.2,0.9,33.1
116,Chocolate Chip Cheesecake Dip,"[{""quantity"": ""1/2"", ""unit"": ""cup"", ""name"": ""raisins""}, {""quantity"": ""1"", ""unit"": ""tablespoon"", ""name"": ""brandy""}, {""quantity"": ""2"", ""unit"": ""cups"", ""name"": ""cream cheese"", ""description"": ""softened""}, {""quantity"": ""1/2"", ""unit"": ""cup"", ""name"": ""whipping cream""}, {""quantity"": ""1/2"", ""unit"": ""teaspoon"", ""name"": ""vanilla extract""}, {""quantity"": ""1/4"", ""unit"": ""cup"", ""name"": ""dark brown sugar""}, {""quantity"": ""1"", ""unit"": ""teaspoon"", ""name"": ""cinnamon""}, {""quantity"": ""1/2"", ""unit"": ""cup"", ""name"": ""miniature chocolate chip""}]",,815,779.0,61.9,38.6,179.6,388.9,48.9,2.4,38.5,11.6
165,Feijoada (Brazilian Bean Soup) II,"[{""quantity"": ""1"", ""unit"": ""lb"", ""name"": ""black beans""}, {""quantity"": ""6"", ""unit"": ""cups"", ""name"": ""water""}, {""quantity"": ""1"", ""unit"": ""lb"", ""name"": ""ham""}, {""quantity"": ""1"", ""unit"": ""lb"", ""name"": ""pork loin"", ""description"": ""cubed""}, {""quantity"": ""3/4"", ""unit"": ""lb"", ""name"": ""hot Italian sausage""}, {""quantity"": ""1"", ""unit"": ""pint"", ""name"": ""cherry tomatoes""}, {""quantity"": ""1"", ""name"": ""onion"", ""description"": ""chopped""}, {""quantity"": ""1"", ""unit"": ""teaspoon"", ""name"": ""red pepper flakes""}, {""quantity"": ""6"", ""name"": ""garlic cloves"", ""description"": ""minced""}, {""quantity"": ""1/8"", ""unit"": ""teaspoon"", ""name"": ""orange zest""}]",,3552,293.8,15.5,5.4,58.5,938.3,12.6,3.9,1.3,25.2
177,Rock Candy,"[{""quantity"": ""1 1/2"", ""unit"": ""cups"", ""name"": ""water""}, {""quantity"": ""6"", ""unit"": ""cups"", ""name"": ""sugar"", ""description"": ""divided""}, {""name"": ""food coloring""}, {""name"": ""candy flavoring""}, {""quantity"": ""3"", ""name"": ""lengths of string (6-inch)""}]",,1857,1548.0,0.0,0.0,0.0,7.5,399.9,0.0,399.2,0.0
319,Mississippi Mud Cake,"[{""quantity"": ""1"", ""unit"": ""cup"", ""name"": ""butter""}, {""quantity"": ""1/2"", ""unit"": ""cup"", ""name"": ""cocoa""}, {""quantity"": ""2"", ""unit"": ""cups"", ""name"": ""sugar""}, {""quantity"": ""4"", ""name"": ""eggs"", ""description"": ""beaten""}, {""quantity"": ""1 1/2"", ""unit"": ""cups"", ""name"": ""flour""}, {""quantity"": ""1"", ""unit"": ""pinch"", ""name"": ""salt""}, {""quantity"": ""1 1/2"", ""unit"": ""cups"", ""name"": ""nuts"", ""description"": ""chopped""}, {""quantity"": ""1"", ""unit"": ""teaspoon"", ""name"": ""vanilla""}, {""name"": ""marshmallows (to garnish)""}]",12.0,106,462.1,26.3,11.4,111.2,260.1,51.8,2.6,34.3,7.5
357,Baked Creamed Potatoes,"[{""quantity"": ""2"", ""unit"": ""lbs"", ""name"": ""potatoes""}, {""quantity"": ""1"", ""unit"": ""cup"", ""name"": ""mayonnaise""}, {""quantity"": ""1/2"", ""unit"": ""cup"", ""name"": ""sour cream""}, {""quantity"": ""1/4"", ""unit"": ""cup"", ""name"": ""milk""}, {""quantity"": ""2"", ""name"": ""eggs""}, {""quantity"": ""2"", ""unit"": ""teaspoons"", ""name"": ""mustard""}, {""name"": ""salt and pepper""}, {""quantity"": ""2"", ""unit"": ""tablespoons"", ""name"": ""parsley"", ""description"": ""chopped""}, {""name"": ""cheese"", ""description"": ""grated""}, {""quantity"": ""1/4"", ""unit"": ""cup"", ""name"": ""parmesan cheese"", ""description"": ""grated""}]",8.0,153,267.1,15.2,4.2,65.4,311.1,28.0,2.6,3.4,6.0
388,Tom's Tomato Soup French Dressing,"[{""quantity"": ""1"", ""unitQuantity"": ""10 3/4"", ""unitUnit"": ""ounce"", ""unit"": ""can"", ""name"": ""tomato soup""}, {""quantity"": ""10 3/4"", ""unit"": ""ounces"", ""name"": ""oil (use the soup can to measure)""}, {""quantity"": ""10 3/4"", ""unit"": ""ounces"", ""name"": ""vinegar (use the soup can to measure)""}, {""quantity"": ""2 1/2"", ""unit"": ""cups"", ""name"": ""sugar (or less"", ""description"": ""to taste)""}, {""quantity"": ""2"", ""name"": ""onions"", ""description"": ""chopped""}, {""quantity"": ""2"", ""unit"": ""teaspoons"", ""name"": ""paprika""}, {""quantity"": ""1"", ""unit"": ""teaspoon"", ""name"": ""salt""}, {""quantity"": ""1/2"", ""unit"": ""teaspoon"", ""name"": ""pepper""}, {""quantity"": ""3"", ""name"": ""garlic cloves"", ""description"": ""mashed""}]",20.0,82,249.2,15.4,2.0,0.0,176.4,28.4,0.5,26.7,0.4
470,Tortilla Peach Cobbler,"[{""quantity"": ""1/2"", ""unit"": ""cup"", ""name"": ""sugar""}, {""quantity"": ""1"", ""unit"": ""tablespoon"", ""name"": ""cornstarch""}, {""quantity"": ""16"", ""unit"": ""ounces"", ""name"": ""unsweetened frozen peach slices"", ""description"": ""frozen \\u0026 thawed""}, {""quantity"": ""1"", ""unit"": ""teaspoon"", ""name"": ""candied ginger"", ""description"": ""chopped""}, {""quantity"": ""2"", ""name"": ""white flour tortillas or 2 wheat flour tortillas""}, {""quantity"": ""1"", ""unit"": ""tablespoon"", ""name"": ""sugar""}, {""name"": ""almonds"", ""description"": ""sliced""}]",4.0,173,232.6,2.1,0.5,0.0,146.7,52.6,2.4,38.0,2.9
493,Irresistible Peanut Butter Cookies,"[{""quantity"": ""1/2"", ""unit"": ""cup"", ""name"": ""shortening""}, {""quantity"": ""3/4"", ""unit"": ""cup"", ""name"": ""creamy peanut butter""}, {""quantity"": ""1 1/4"", ""unit"": ""cups"", ""name"": ""brown sugar"", ""description"": ""firmly packed""}, {""quantity"": ""3"", ""unit"": ""tablespoons"", ""name"": ""milk""}, {""quantity"": ""1"", ""unit"": ""tablespoon"", ""name"": ""vanilla""}, {""quantity"": ""1"", ""name"": ""egg""}, {""quantity"": ""1 3/4"", ""unit"": ""cups"", ""name"": ""all-purpose flour""}, {""quantity"": ""3/4"", ""unit"": ""teaspoon"", ""name"": ""salt""}, {""quantity"": ""3/4"", ""unit"": ""teaspoon"", ""name"": ""baking soda""}]",,906,111.8,5.8,1.4,5.3,104.2,13.3,0.5,8.0,2.2
580,Sweet Potato Pie,"[{""quantity"": ""9"", ""unit"": ""medium"", ""name"": ""sweet potatoes or 9 medium yams (about 4 pounds)""}, {""quantity"": ""1"", ""unit"": ""cup"", ""name"": ""butter or 1 cup margarine"", ""description"": ""softened""}, {""quantity"": ""1/2"", ""unit"": ""cup"", ""name"": ""granulated sugar""}, {""quantity"": ""1/2"", ""unit"": ""cup"", ""name"": ""brown sugar"", ""description"": ""firmly packed""}, {""quantity"": ""1/2"", ""unit"": ""teaspoon"", ""name"": ""salt""}, {""quantity"": ""1/4"", ""unit"": ""teaspoon"", ""name"": ""nutmeg""}, {""quantity"": ""3"", ""name"": ""eggs"", ""description"": ""well beaten""}, {""quantity"": ""2"", ""unit"": ""cups"", ""name"": ""milk""}, {""quantity"": ""1"", ""unit"": ""tablespoon"", ""name"": ""vanilla extract""}]",,2262,1335.4,72.3,44.3,371.5,1304.1,156.4,11.7,86.0,18.4
737,Caribbean Chicken,"[{""quantity"": ""2"", ""unit"": ""tablespoons"", ""name"": ""fresh lime juice""}, {""quantity"": ""1"", ""unit"": ""tablespoon"", ""name"": ""soy sauce""}, {""quantity"": ""1"", ""unit"": ""tablespoon"", ""name"": ""peanut oil""}, {""quantity"": ""1"", ""unit"": ""tablespoon"", ""name"": ""hot pepper sauce""}, {""quantity"": ""1"", ""unit"": ""tablespoon"", ""name"": ""fresh ginger"", ""description"": ""chopped""}, {""quantity"": ""3"", ""name"": ""garlic cloves"", ""description"": ""coarsely chopped""}, {""quantity"": ""1/2"", ""unit"": ""teaspoon"", ""name"": ""dried thyme""}, {""quantity"": ""1/4"", ""unit"": ""teaspoon"", ""name"": ""black pepper""}, {""quantity"": ""1/4"", ""unit"": ""teaspoon"", ""name"": ""allspice"", ""description"": ""ground""}, {""quantity"": ""1/4"", ""unit"": ""teaspoon"", ""name"": ""salt""}, {""quantity"": ""500"", ""unit"": ""g"", ""name"": ""chicken fillets""}]",4.0,148,178.0,5.0,1.0,72.5,572.1,2.2,0.3,0.3,29.6
968,Maine Blueberry Compote,"[{""quantity"": ""2/3"", ""unit"": ""cup"", ""name"": ""cottage cheese""}, {""quantity"": ""1/4"", ""unit"": ""cup"", ""name"": ""fresh blueberries"", ""description"": ""lightly crushed""}, {""quantity"": ""2"", ""unit"": ""tablespoons"", ""name"": ""dark amber maple syrup""}]",1.0,217,269.3,6.5,4.0,21.0,571.2,35.8,0.9,27.8,17.8
1066,Potluck Pasta Salad,"[{""quantity"": ""4"", ""unit"": ""ounces"", ""name"": ""wagon wheel macaroni or 4 ounces desired pasta"", ""description"": ""1 1/3 cup""}, {""quantity"": ""4"", ""unit"": ""ounces"", ""name"": ""tri-colored corkscrew macaroni or 4 ounces desired pasta""}, {""quantity"": ""1"", ""unit"": ""teaspoon"", ""name"": ""dried red pepper"", ""description"": ""crushed""}, {""quantity"": ""1"", ""unit"": ""medium"", ""name"": ""sweet red pepper"", ""description"": ""cut into thin strips""}, {""quantity"": ""1"", ""unit"": ""medium"", ""name"": ""yellow squash"", ""description"": ""halved, sliced lengthwise (and/or zucchini)""}, {""quantity"": ""10"", ""unit"": ""ounces"", ""name"": ""frozen peas"", ""description"": ""thawed or 1 1/2 cups fresh peas, cooked and cooled""}, {""quantity"": ""6"", ""unit"": ""ounces"", ""name"": ""black olives"", ""description"": ""pitted, drained""}, {""quantity"": ""4"", ""unit"": ""ounces"", ""name"": ""smoked cheddar cheese"", ""description"": ""cubed""}, {""quantity"": ""1"", ""unit"": ""cup"", ""name"": ""unblanched whole almonds"", ""description"": ""toasted""}, {""quantity"": ""1/2"", ""unit"": ""cup"", ""name"": ""green onion"", ""description"": ""sliced""}, {""quantity"": ""2"", ""unit"": ""tablespoons"", ""name"": ""basil or 2 tablespoons dill""}, {""quantity"": ""8"", ""unit"": ""ounces"", ""name"": ""Italian salad dressing""}]",12.0,128,278.0,16.6,3.6,9.9,525.5,25.0,4.0,4.6,9.4
1291,Best Bruschetta,"[{""quantity"": ""1"", ""unit"": ""loaf"", ""name"": ""French bread""}, {""quantity"": ""10"", ""name"": ""fresh garlic cloves""}, {""quantity"": ""3/4"", ""unit"": ""cup"", ""name"": ""olive oil""}, {""quantity"": ""1 1/2"", ""unit"": ""cups"", ""name"": ""whipping cream""}, {""quantity"": ""1/2"", ""unit"": ""cup"", ""name"": ""locatelli cheese""}, {""quantity"": ""1/2"", ""unit"": ""cup"", ""name"": ""parmesan cheese""}, {""quantity"": ""3"", ""unit"": ""tablespoons"", ""name"": ""butter""}, {""quantity"": ""1"", ""unit"": ""tablespoon"", ""name"": ""parsley""}, {""name"": ""parsley""}]",10.0,167,447.4,35.7,13.8,62.5,391.8,25.8,1.4,0.2,6.9
1374,Chicken and Sausage Gumbo,"[{""quantity"": ""1"", ""name"": ""chicken"", ""description"": ""about 2 lb""}, {""quantity"": ""1"", ""name"": ""onion"", ""description"": ""large and chopped""}, {""name"": ""salt and black pepper""}, {""quantity"": ""16"", ""unit"": ""ounces"", ""name"": ""sausage"", ""description"": ""smoked link""}, {""quantity"": ""1"", ""name"": ""fresh tomato"", ""description"": ""or 16 oz can""}, {""quantity"": ""2"", ""unit"": ""tablespoons"", ""name"": ""shortening or 2 tablespoons oil""}, {""quantity"": ""1 1/2"", ""unit"": ""lbs"", ""name"": ""fresh okra""}, {""quantity"": ""2"", ""unit"": ""tablespoons"", ""name"": ""flour""}, {""quantity"": ""3"", ""unit"": ""quarts"", ""name"": ""water""}]",,471,373.5,28.2,8.8,75.4,575.1,10.7,3.2,2.0,19.6
1539,Peanut Butter Globs,"[{""quantity"": ""1"", ""unit"": ""ounce"", ""name"": ""baking chocolate""}, {""quantity"": ""1/3"", ""unit"": ""cup"", ""name"": ""peanut butter""}, {""quantity"": ""2"", ""unit"": ""tablespoons"", ""name"": ""butter""}, {""quantity"": ""1/3"", ""unit"": ""cup"", ""name"": ""ricotta cheese (part skim)""}, {""quantity"": ""12"", ""unitQuantity"": ""1"", ""unitUnit"": ""g"", ""unit"": ""packets"", ""name"": ""Nutrasweet""}, {""quantity"": ""1"", ""unit"": ""teaspoon"", ""name"": ""vanilla""}]",12.0,20,87.4,7.7,3.3,8.6,52.8,3.2,0.8,1.6,2.9
1623,Fresh Fruit Smoothies,"[{""quantity"": ""2"", ""unit"": ""cups"", ""name"": ""fresh strawberries""}, {""quantity"": ""2"", ""unit"": ""large"", ""name"": ""bananas""}, {""quantity"": ""1 1/2"", ""unit"": ""cups"", ""name"": ""cranberry juice""}, {""quantity"": ""5"", ""name"": ""ice cubes""}, {""quantity"": ""2"", ""unit"": ""teaspoons"", ""name"": ""honey""}]",,265,290.6,1.1,0.2,0.0,8.5,73.5,6.4,51.9,2.5
1639,Pineapple Pie,"[{""quantity"": ""1/3"", ""unit"": ""cup"", ""name"": ""sugar""}, {""quantity"": ""1"", ""unit"": ""tablespoon"", ""name"": ""cornstarch""}, {""quantity"": ""8 1/4"", ""unit"": ""ounces"", ""name"": ""pineapple"", ""description"": ""crushed, undrained""}, {""quantity"": ""8"", ""unit"": ""ounces"", ""name"": ""cream cheese"", ""description"": ""softened""}, {""quantity"": ""1/2"", ""unit"": ""cup"", ""name"": ""sugar""}, {""quantity"": ""1/2"", ""unit"": ""teaspoon"", ""name"": ""salt""}, {""quantity"": ""1/2"", ""unit"": ""cup"", ""name"": ""milk""}, {""quantity"": ""2"", ""name"": ""eggs""}, {""quantity"": ""1/2"", ""unit"": ""teaspoon"", ""name"": ""vanilla""}, {""quantity"": ""1/4"", ""unit"": ""cup"", ""name"": ""pecans"", ""description"": ""chopped""}]",8.0,111,250.3,14.2,7.2,86.2,254.7,27.6,0.8,23.9,4.7
1655,Baked Cranberry Acorn Squash,"[{""quantity"": ""4"", ""unit"": ""small"", ""name"": ""acorn squash""}, {""quantity"": ""1"", ""unit"": ""cup"", ""name"": ""apple"", ""description"": ""chopped, unpared""}, {""quantity"": ""1"", ""unit"": ""cup"", ""name"": ""fresh cranberries"", ""description"": ""chopped""}, {""quantity"": ""1/2"", ""unit"": ""teaspoon"", ""name"": ""orange rind"", ""description"": ""grated""}, {""quantity"": ""1/2"", ""unit"": ""cup"", ""name"": ""brown sugar""}, {""quantity"": ""2"", ""unit"": ""tablespoons"", ""name"": ""butter"", ""description"": ""melted""}]",8.0,261,177.2,3.1,1.9,7.6,32.7,39.5,4.2,15.3,1.8
2034,Mango Madness Smoothie,"[{""quantity"": ""3/4"", ""unit"": ""cup"", ""name"": ""low-fat buttermilk""}, {""quantity"": ""1/2"", ""unit"": ""cup"", ""name"": ""low-fat vanilla yogurt""}, {""quantity"": ""2 1/2"", ""unit"": ""cups"", ""name"": ""fresh mango"", ""description"": ""diced, frozen""}, {""quantity"": ""1"", ""unit"": ""tablespoon"", ""name"": ""fresh lime juice""}, {""quantity"": ""1/2"", ""unit"": ""teaspoon"", ""name"": ""ginger"", ""description"": ""ground""}, {""quantity"": ""1"", ""unit"": ""teaspoon"", ""name"": ""fresh ginger"", ""description"": ""grated, chopped""}, {""quantity"": ""3 -5"", ""name"": ""ice cubes""}]",2.0,400,227.1,2.2,1.1,6.7,142.1,49.0,3.8,43.5,7.2
2225,Sweet Potato Casserole IV,"[{""quantity"": ""3"", ""unit"": ""cups"", ""name"": ""sweet potatoes"", ""description"": ""mashed, cooked (about 2-1/4 pounds)""}, {""quantity"": ""1/3"", ""unit"": ""cup"", ""name"": ""brown sugar"", ""description"": ""packed""}, {""quantity"": ""1/3"", ""unit"": ""cup"", ""name"": ""skim milk""}, {""quantity"": ""2"", ""unit"": ""tablespoons"", ""name"": ""reduced-calorie stick margarine"", ""description"": ""melted""}, {""quantity"": ""1"", ""unit"": ""teaspoon"", ""name"": ""vanilla extract""}, {""quantity"": ""1/2"", ""unit"": ""teaspoon"", ""name"": ""salt""}, {""quantity"": ""2"", ""name"": ""egg whites"", ""description"": ""lightly beaten""}, {""name"": ""to taste cooking spray""}, {""quantity"": ""1/2"", ""unit"": ""cup"", ""name"": ""brown sugar"", ""description"": ""firmly packed""}, {""quantity"": ""1/4"", ""unit"": ""cup"", ""name"": ""all-purpose flour""}, {""quantity"": ""2"", ""unit"": ""tablespoons"", ""name"": ""reduced-calorie stick margarine"", ""description"": ""chilled""}, {""quantity"": ""1/3"", ""unit"": ""cup"", ""name"": ""pecans"", ""description"": ""chopped""}]",,804,209.7,6.2,0.8,0.2,270.7,36.7,2.0,24.4,2.9
2264,Praline Pecan Crunch,"[{""quantity"": ""8"", ""unit"": ""cups"", ""name"": ""Quaker Oatmeal Squares Cereal""}, {""quantity"": ""2"", ""unit"": ""cups"", ""name"": ""pecan pieces""}, {""quantity"": ""1/2"", ""unit"": ""cup"", ""name"": ""light corn syrup""}, {""quantity"": ""1/2"", ""unit"": ""cup"", ""name"": ""brown sugar"", ""description"": ""firmly packed""}, {""quantity"": ""1/4"", ""unit"": ""cup"", ""name"": ""margarine (1/2 stick) or 1/4 cup butter (1/2 stick)""}, {""quantity"": ""1"", ""unit"": ""teaspoon"", ""name"": ""vanilla""}, {""quantity"": ""1/2"", ""unit"": ""teaspoon"", ""name"": ""baking soda""}]",,1008,451.8,22.2,2.7,0.0,330.1,62.1,5.3,23.4,7.0
2364,Easy Cheesy Biscuits,"[{""quantity"": ""2"", ""unit"": ""cups"", ""name"": ""all-purpose flour""}, {""quantity"": ""2 1/2"", ""unit"": ""teaspoons"", ""name"": ""baking powder""}, {""quantity"": ""1/4"", ""unit"": ""cup"", ""name"": ""butter"", ""description"": ""cold""}, {""quantity"": ""1 1/2"", ""unit"": ""cups"", ""name"": ""cream-style cottage cheese""}]",,633,91.5,3.5,2.1,9.4,139.7,11.2,0.4,0.1,3.6
2414,Broccoli Casserole,"[{""quantity"": ""1"", ""unitQuantity"": ""20"", ""unitUnit"": ""ounce"", ""unit"": ""bag"", ""name"": ""frozen broccoli cuts""}, {""quantity"": ""1"", ""unitQuantity"": ""10 3/4"", ""unitUnit"": ""ounce"", ""unit"": ""can"", ""name"": ""cream of mushroom soup""}, {""quantity"": ""1 1/2"", ""unit"": ""cups"", ""name"": ""cheddar cheese"", ""description"": ""grated""}, {""quantity"": ""2/3"", ""unit"": ""cup"", ""name"": ""margarine""}, {""quantity"": ""1"", ""unit"": ""cup"", ""name"": ""seasoned bread crumbs""}]",,218,657.8,50.9,16.8,44.8,1714.5,33.3,5.7,5.0,20.4
2589,Gravlax,"[{""quantity"": ""1"", ""unit"": ""cup"", ""name"": ""kosher salt""}, {""quantity"": ""1/4"", ""unit"": ""cup"", ""name"": ""fresh dill"", ""description"": ""chopped""}, {""quantity"": ""1"", ""unit"": ""tablespoon"", ""name"": ""orange zest"", ""description"": ""grated""}, {""quantity"": ""1"", ""unit"": ""tablespoon"", ""name"": ""lime zest"", ""description"": ""grated""}, {""quantity"": ""4"", ""unit"": ""tablespoons"", ""name"": ""black pepper"", ""description"": ""freshly ground (4 turns)""}, {""quantity"": ""3"", ""unit"": ""tablespoons"", ""name"": ""vodka""}, {""quantity"": ""4"", ""unit"": ""lbs"", ""name"": ""salmon fillets"", ""description"": ""skin on, pin bones removed""}, {""quantity"": ""1/4"", ""unit"": ""cup"", ""name"": ""sugar""}]",6.0,373,412.0,10.6,1.7,157.7,19067.5,11.4,1.2,8.3,61.0
2609,Orange Pudding Cake,"[{""quantity"": ""1"", ""unitQuantity"": ""1"", ""unitUnit"": """", ""unit"": ""package"", ""name"": ""yellow cake mix or 1 (1 ) package white cake mix""}, {""quantity"": ""2"", ""name"": ""egg whites or 1 whole egg""}, {""quantity"": ""3/4"", ""unit"": ""cup"", ""name"": ""frozen orange juice concentrate"", ""description"": ""thawed""}, {""quantity"": ""1/3"", ""unit"": ""cup"", ""name"": ""raisins""}, {""quantity"": ""1/4"", ""unit"": ""cup"", ""name"": ""brown sugar"", ""description"": ""packed""}, {""quantity"": ""2"", ""unit"": ""tablespoons"", ""name"": ""margarine or 2 tablespoons butter""}, {""quantity"": ""3"", ""unit"": ""cups"", ""name"": ""light vanilla ice cream or 3 cups vanilla frozen yogurt""}]",8.0,173,501.7,13.3,3.4,16.7,522.8,89.7,1.3,61.2,7.4
2624,Swiss Chard a la Frommage,"[{""quantity"": ""4"", ""unit"": ""bunches"", ""name"": ""swiss chard""}, {""quantity"": ""8"", ""unit"": ""ounces"", ""name"": ""swiss cheese"", ""description"": ""shredded""}, {""quantity"": ""1"", ""unit"": ""package"", ""name"": ""onion soup mix""}, {""quantity"": ""1"", ""unit"": ""pint"", ""name"": ""sour cream""}, {""quantity"": ""2"", ""unit"": ""cans"", ""name"": ""sliced water chestnuts (the small flat cans)""}, {""name"": ""to taste herbed croutons""}]",,188,225.6,16.4,10.1,41.3,708.3,11.3,2.7,2.8,10.6
2797,Sourdough Starter #2,"[{""quantity"": ""2"", ""unit"": ""cups"", ""name"": ""unbleached flour""}, {""name"": ""water (To Make Thick Batter)""}]",1.0,250,910.0,2.5,0.4,0.0,5.0,190.8,6.8,0.7,25.8
2860,Cheddar Fruit Drops,"[{""quantity"": ""1/2"", ""unit"": ""cup"", ""name"": ""butter""}, {""quantity"": ""1/4"", ""unit"": ""cup"", ""name"": ""sugar""}, {""quantity"": ""1/4"", ""unit"": ""cup"", ""name"": ""brown sugar"", ""description"": ""firmly packed""}, {""quantity"": ""1"", ""name"": ""egg""}, {""quantity"": ""1"", ""unit"": ""teaspoon"", ""name"": ""vanilla""}, {""quantity"": ""1 1/2"", ""unit"": ""cups"", ""name"": ""unbleached flour""}, {""quantity"": ""1/2"", ""unit"": ""teaspoon"", ""name"": ""baking soda""}, {""quantity"": ""1/2"", ""unit"": ""teaspoon"", ""name"": ""salt""}, {""quantity"": ""1 1/2"", ""unit"": ""cups"", ""name"": ""sharp cheddar cheese"", ""description"": ""shredded""}, {""quantity"": ""1"", ""unitQuantity"": ""8 1/4"", ""unitUnit"": ""ounce"", ""unit"": ""can"", ""name"": ""crushed pineapple"", ""description"": ""drained""}, {""quantity"": ""1/4"", ""unit"": ""cup"", ""name"": ""red maraschino cherry"", ""description"": ""chopped""}]",12.0,75,238.7,12.9,8.0,52.8,299.8,25.1,0.7,12.7,5.8
2900,Asparagus and Acorn Squash Rings,"[{""quantity"": ""16"", ""name"": ""asparagus spears""}, {""quantity"": ""2"", ""unit"": ""small"", ""name"": ""acorn squash""}, {""quantity"": ""1/4"", ""unit"": ""cup"", ""name"": ""clarified butter (see note)""}, {""quantity"": ""2"", ""unit"": ""tablespoons"", ""name"": ""sugar""}, {""quantity"": ""1/2"", ""unit"": ""cup"", ""name"": ""walnuts"", ""description"": ""chopped""}, {""quantity"": ""1/4"", ""unit"": ""cup"", ""name"": ""fresh lemon juice""}, {""quantity"": ""2"", ""unit"": ""tablespoons"", ""name"": ""cider vinegar""}, {""quantity"": ""6"", ""unit"": ""tablespoons"", ""name"": ""apple cider""}]",4.0,355,326.5,21.4,8.3,30.5,17.2,34.6,5.5,7.9,5.6
2912,Soft Corn Muffins,"[{""quantity"": ""3"", ""unit"": ""tablespoons"", ""name"": ""unbleached flour""}, {""quantity"": ""3"", ""unit"": ""tablespoons"", ""name"": ""yellow cornmeal""}, {""quantity"": ""1"", ""unit"": ""tablespoon"", ""name"": ""sugar""}, {""quantity"": ""3/4"", ""unit"": ""teaspoon"", ""name"": ""baking powder""}, {""quantity"": ""1/8"", ""unit"": ""teaspoon"", ""name"": ""salt""}, {""quantity"": ""1"", ""unit"": ""large"", ""name"": ""egg yolk"", ""description"": ""beaten""}, {""quantity"": ""2"", ""unit"": ""tablespoons"", ""name"": ""milk""}, {""quantity"": ""2"", ""unit"": ""teaspoons"", ""name"": ""butter"", ""description"": ""melted""}, {""quantity"": ""1"", ""unit"": ""teaspoon"", ""name"": ""yellow cornmeal""}]",,121,182.9,7.2,3.6,117.1,324.7,26.1,1.2,6.5,4.1
2949,Peanut Butter Chip Cookies,"[{""quantity"": ""1/2"", ""unit"": ""cup"", ""name"": ""butter"", ""description"": ""softened""}, {""quantity"": ""3/4"", ""unit"": ""cup"", ""name"": ""brown sugar"", ""description"": ""Packed""}, {""quantity"": ""1/2"", ""unit"": ""cup"", ""name"": ""chunky peanut butter""}, {""quantity"": ""2"", ""name"": ""eggs""}, {""quantity"": ""1 1/2"", ""unit"": ""cups"", ""name"": ""flour""}, {""quantity"": ""1"", ""unit"": ""teaspoon"", ""name"": ""baking soda""}, {""quantity"": ""1"", ""unit"": ""cup"", ""name"": ""salted peanuts""}, {""quantity"": ""6"", ""unit"": ""ounces"", ""name"": ""semi-sweet chocolate chips or 6 ounces butterscotch chips""}]",48.0,22,107.6,6.9,2.5,13.9,96.0,10.2,0.9,5.7,2.6
2977,Baked Steak and Lima Beans,"[{""quantity"": ""1"", ""unit"": ""lb"", ""name"": ""dried lima beans""}, {""quantity"": ""6"", ""unit"": ""cups"", ""name"": ""water""}, {""quantity"": ""4"", ""unit"": ""slices"", ""name"": ""bacon""}, {""quantity"": ""2"", ""unit"": ""lbs"", ""name"": ""round steaks (cut in 1-inch strips)""}, {""quantity"": ""1"", ""unitQuantity"": ""18"", ""unitUnit"": ""ounce"", ""unit"": ""can"", ""name"": ""tomato juice""}, {""quantity"": ""1"", ""unit"": ""tablespoon"", ""name"": ""brown sugar"", ""description"": ""packed""}, {""quantity"": ""1/2"", ""unit"": ""teaspoon"", ""name"": ""salt (to taste)""}, {""quantity"": ""1"", ""unit"": ""teaspoon"", ""name"": ""dry mustard""}, {""quantity"": ""1/2"", ""unit"": ""teaspoon"", ""name"": ""black pepper""}]",8.0,419,447.2,15.4,5.9,85.5,434.5,40.6,11.1,8.8,36.7
2983,Butter Pecan Muffins,"[{""quantity"": ""1 1/2"", ""unit"": ""cups"", ""name"": ""sifted self-rising flour""}, {""quantity"": ""1"", ""unit"": ""cup"", ""name"": ""chopped pecans""}, {""quantity"": ""1/2"", ""unit"": ""cup"", ""name"": ""firmly packed brown sugar""}, {""quantity"": ""1"", ""name"": ""egg""}, {""quantity"": ""3/4"", ""unit"": ""cup"", ""name"": ""milk""}, {""quantity"": ""1/4"", ""unit"": ""cup"", ""name"": ""butter"", ""description"": ""melted and cooled""}, {""quantity"": ""1/2"", ""unit"": ""teaspoon"", ""name"": ""vanilla extract""}]",10.0,69,243.5,13.8,4.2,35.9,291.1,27.1,1.6,11.1,4.1
2991,Country Bran Muffins,"[{""quantity"": ""1"", ""unit"": ""cup"", ""name"": ""bran flakes (cereal)""}, {""quantity"": ""1"", ""unit"": ""cup"", ""name"": ""water"", ""description"": ""boiling""}, {""quantity"": ""2 1/2"", ""unit"": ""cups"", ""name"": ""unbleached flour"", ""description"": ""sifted""}, {""quantity"": ""2 1/2"", ""unit"": ""teaspoons"", ""name"": ""baking soda""}, {""quantity"": ""1/2"", ""unit"": ""teaspoon"", ""name"": ""salt""}, {""quantity"": ""1/2"", ""unit"": ""cup"", ""name"": ""butter""}, {""quantity"": ""1 1/2"", ""unit"": ""cups"", ""name"": ""sugar""}, {""quantity"": ""2"", ""unit"": ""large"", ""name"": ""eggs""}, {""quantity"": ""2"", ""unit"": ""cups"", ""name"": ""all-bran cereal""}, {""quantity"": ""2"", ""unit"": ""cups"", ""name"": ""buttermilk or 2 cups sour milk""}]",8.0,216,487.1,14.5,8.2,79.5,799.1,85.7,6.4,43.8,10.3
3065,Seafood Pasta Salad,"[{""quantity"": ""2"", ""unit"": ""cups"", ""name"": ""pasta"", ""description"": ""tri-colored spiral (cook pasta according to package directions)""}, {""quantity"": ""1"", ""unit"": ""cup"", ""name"": ""shrimp"", ""description"": ""cooked""}, {""quantity"": ""1"", ""unitQuantity"": ""6 1/2"", ""unitUnit"": ""ounce"", ""unit"": ""can"", ""name"": ""tuna"", ""description"": ""drained and flaked""}, {""quantity"": ""1/3"", ""unit"": ""cup"", ""name"": ""green pepper"", ""description"": ""diced""}, {""quantity"": ""1/3"", ""unit"": ""cup"", ""name"": ""sweet red pepper"", ""description"": ""chopped""}, {""quantity"": ""1/4"", ""unit"": ""cup"", ""name"": ""carrot"", ""description"": ""sliced""}, {""quantity"": ""1/2"", ""unit"": ""cup"", ""name"": ""fresh peas""}, {""quantity"": ""1/2"", ""unit"": ""cup"", ""name"": ""zucchini"", ""description"": ""sliced""}, {""quantity"": ""1/4"", ""unit"": ""cup"", ""name"": ""sweet onion"", ""description"": ""finely chopped""}, {""quantity"": ""1"", ""unit"": ""cup"", ""name"": ""cheese"", ""description"": ""finely shredded""}, {""quantity"": ""2"", ""unit"": ""tablespoons"", ""name"": ""Worcestershire sauce""}, {""quantity"": ""1/3"", ""unit"": ""cup"", ""name"": ""mayonnaise""}]",4.0,205,446.2,16.6,6.0,40.7,525.0,49.5,3.4,6.4,24.1
3078,Japanese Skewered Lamb (Low Cal),"[{""quantity"": ""2"", ""unit"": ""lbs"", ""name"": ""lean boneless lamb""}, {""quantity"": ""1/4"", ""unit"": ""cup"", ""name"": ""soy sauce""}, {""quantity"": ""1"", ""unit"": ""tablespoon"", ""name"": ""honey""}, {""quantity"": ""2"", ""unit"": ""tablespoons"", ""name"": ""vinegar""}, {""quantity"": ""2"", ""unit"": ""tablespoons"", ""name"": ""sherry wine""}, {""quantity"": ""2"", ""unit"": ""cloves"", ""name"": ""garlic""}, {""quantity"": ""1/4"", ""unit"": ""teaspoon"", ""name"": ""ginger"", ""description"": ""Ground""}, {""quantity"": ""1 1/2"", ""unit"": ""cups"", ""name"": ""bouillon cubes""}]",8.0,60,85.5,2.4,0.9,23.1,776.5,3.8,0.1,2.7,8.3
3200,Bean Dip a La Dr Pepper,"[{""quantity"": ""1"", ""unitQuantity"": ""15"", ""unitUnit"": ""ounce"", ""unit"": ""can"", ""name"": ""red kidney beans"", ""description"": ""drained (13 to 15 ounce can)""}, {""quantity"": ""3"", ""unit"": ""tablespoons"", ""name"": ""tomato paste""}, {""quantity"": ""2"", ""unit"": ""tablespoons"", ""name"": ""oil""}, {""quantity"": ""1"", ""unit"": ""teaspoon"", ""name"": ""salt""}, {""quantity"": ""1/4"", ""unit"": ""teaspoon"", ""name"": ""black pepper""}, {""quantity"": ""1"", ""name"": ""garlic clove"", ""description"": ""minced""}, {""quantity"": ""1/2"", ""unit"": ""cup"", ""name"": ""dr pepper cola""}, {""quantity"": ""1"", ""unitQuantity"": ""4"", ""unitUnit"": ""ounce"", ""unit"": ""can"", ""name"": ""green chilies"", ""description"": ""drained""}, {""quantity"": ""1"", ""unit"": ""teaspoon"", ""name"": ""Worcestershire sauce""}, {""quantity"": ""1"", ""unit"": ""cup"", ""name"": ""sharp cheddar cheese"", ""description"": ""shredded""}, {""name"": ""bacon"", ""description"": ""Crisp, Chopped""}]",,145,344.1,16.8,7.1,29.7,871.3,33.1,8.9,6.3,17.4
3219,Hot and Spicy Almonds,"[{""quantity"": ""1/4"", ""unit"": ""cup"", ""name"": ""unsalted butter""}, {""quantity"": ""2"", ""unit"": ""tablespoons"", ""name"": ""Worcestershire sauce""}, {""quantity"": ""1"", ""unit"": ""teaspoon"", ""name"": ""cumin"", ""description"": ""Ground""}, {""quantity"": ""1/2"", ""unit"": ""teaspoon"", ""name"": ""sugar""}, {""quantity"": ""1"", ""unit"": ""teaspoon"", ""name"": ""garlic powder""}, {""quantity"": ""1/2"", ""unit"": ""teaspoon"", ""name"": ""cayenne powder""}, {""quantity"": ""3"", ""unit"": ""cups"", ""name"": ""natural almonds""}, {""name"": ""sea salt"", ""description"": ""to taste""}]",4.0,132,734.4,66.0,11.5,30.5,87.1,24.2,12.8,6.7,23.2
3310,Cajun Pork Roast,"[{""quantity"": ""10"", ""unit"": ""lbs"", ""name"": ""boneless boston pork roast""}, {""quantity"": ""2"", ""unit"": ""tablespoons"", ""name"": ""steak sauce (Lea \\u0026 Perrins)""}, {""quantity"": ""1"", ""unit"": ""cup"", ""name"": ""chopped onion""}, {""quantity"": ""2 1/2"", ""unit"": ""tablespoons"", ""name"": ""dry mustard""}, {""quantity"": ""3/4"", ""unit"": ""cup"", ""name"": ""chopped garlic (approx 1 head garlic)""}, {""name"": ""Cajun-style seasoning salt"", ""description"": ""or other seasoning salt""}, {""quantity"": ""1/2"", ""unit"": ""cup"", ""name"": ""tiger sauce (a brand name of sweetened hot sauce)""}, {""quantity"": ""6"", ""unit"": ""ounces"", ""name"": ""tomato paste"", ""description"": ""thinned with 1/4 cup water or chicken broth""}, {""quantity"": ""1"", ""unit"": ""teaspoon"", ""name"": ""chopped parsley""}, {""quantity"": ""3"", ""unit"": ""tablespoons"", ""name"": ""brown sugar""}, {""quantity"": ""1/2"", ""unit"": ""cup"", ""name"": ""Worcestershire sauce""}]",,383,1074.7,71.8,26.4,324.9,481.4,12.8,1.2,7.0,89.0
3366,Chocolate Mint Meltaways,"[{""quantity"": ""1 1/2"", ""unit"": ""cups"", ""name"": ""mint chocolate chips""}, {""quantity"": ""1"", ""unit"": ""large"", ""name"": ""egg yolk""}, {""quantity"": ""3/4"", ""unit"": ""cup"", ""name"": ""butter"", ""description"": ""Softened""}, {""quantity"": ""1 1/4"", ""unit"": ""cups"", ""name"": ""flour"", ""description"": ""Unbleached""}, {""quantity"": ""1/2"", ""unit"": ""cup"", ""name"": ""confectioners\\u0027 sugar"", ""description"": ""Sifted""}, {""quantity"": ""1/2"", ""unit"": ""cup"", ""name"": ""mint chocolate chips (Use 1 10-oz bag of Nestles Mint-Chocolate Chips and divide into 1 cup and 1/2 cup.)""}, {""quantity"": ""2"", ""unit"": ""tablespoons"", ""name"": ""almonds"", ""description"": ""Toasted, Chopped""}, {""quantity"": ""1 1/2"", ""unit"": ""tablespoons"", ""name"": ""vegetable shortening""}]",12.0,64,329.6,22.8,12.9,48.0,90.5,32.9,2.2,20.3,3.2
3393,Batter Rolls,"[{""quantity"": ""1"", ""unit"": ""teaspoon"", ""name"": ""granulated sugar""}, {""quantity"": ""1/2"", ""unit"": ""cup"", ""name"": ""water""}, {""quantity"": ""1"", ""unitQuantity"": ""1/4"", ""unitUnit"": ""ounce"", ""unit"": ""packet"", ""name"": ""dry yeast""}, {""quantity"": ""1 1/2"", ""unit"": ""cups"", ""name"": ""milk""}, {""quantity"": ""1/4"", ""unit"": ""cup"", ""name"": ""granulated sugar""}, {""quantity"": ""1/4"", ""unit"": ""cup"", ""name"": ""shortening""}, {""quantity"": ""2"", ""unit"": ""teaspoons"", ""name"": ""salt""}, {""quantity"": ""2"", ""name"": ""eggs""}, {""quantity"": ""3 3/4"", ""unit"": ""cups"", ""name"": ""flour""}]",18.0,65,153.8,4.4,1.4,23.5,277.2,24.0,0.8,3.1,4.2
3423,Chicken Cordon Bleu,"[{""quantity"": ""6"", ""name"": ""chicken breasts""}, {""quantity"": ""6"", ""unit"": ""slices"", ""name"": ""swiss cheese""}, {""quantity"": ""6"", ""unit"": ""slices"", ""name"": ""ham""}, {""quantity"": ""3"", ""unit"": ""tablespoons"", ""name"": ""flour""}, {""quantity"": ""1"", ""unit"": ""teaspoon"", ""name"": ""paprika""}, {""quantity"": ""6"", ""unit"": ""tablespoons"", ""name"": ""butter""}, {""quantity"": ""1/2"", ""unit"": ""cup"", ""name"": ""dry white wine""}, {""quantity"": ""1"", ""unit"": ""teaspoon"", ""name"": ""chicken bouillon""}, {""quantity"": ""1"", ""unit"": ""tablespoon"", ""name"": ""cornstarch""}, {""quantity"": ""1"", ""unit"": ""cup"", ""name"": ""whipping cream""}]",6.0,252,631.0,47.5,25.3,203.4,266.4,7.5,0.2,0.7,39.2
3436,Chili Cheese Coney Dogs,"[{""quantity"": ""6"", ""name"": ""hot dogs""}, {""quantity"": ""6"", ""name"": ""hot dog buns"", ""description"": ""split""}, {""quantity"": ""12"", ""unit"": ""tablespoons"", ""name"": ""chili sauce (with OR without beans-your choice)""}, {""quantity"": ""1/3"", ""unit"": ""cup"", ""name"": ""fresh onion"", ""description"": ""chopped""}, {""quantity"": ""1"", ""unit"": ""cup"", ""name"": ""cheese sauce"", ""description"": ""melted (Cheeze Whiz)""}]",6.0,173,380.8,20.9,8.3,36.0,1523.7,33.6,3.2,8.4,12.9
3458,Deviled Eggs and Noodles,"[{""quantity"": ""1"", ""name"": ""deviled eggs recipe""}, {""quantity"": ""2"", ""unit"": ""tablespoons"", ""name"": ""onions"", ""description"": ""Chopped""}, {""quantity"": ""1"", ""unit"": ""tablespoon"", ""name"": ""margarine or 1 tablespoon butter""}, {""quantity"": ""2 1/2"", ""unit"": ""cups"", ""name"": ""noodles"", ""description"": ""cooked""}, {""quantity"": ""1"", ""unit"": ""cup"", ""name"": ""sour cream (8 ozs)""}, {""quantity"": ""1/3"", ""unit"": ""cup"", ""name"": ""parmesan cheese"", ""description"": ""Grated""}, {""quantity"": ""1/3"", ""unit"": ""cup"", ""name"": ""milk""}, {""quantity"": ""1/3"", ""unit"": ""cup"", ""name"": ""ripe olives"", ""description"": ""Sliced""}, {""quantity"": ""2"", ""unit"": ""teaspoons"", ""name"": ""poppy seeds""}, {""quantity"": ""1/2"", ""unit"": ""teaspoon"", ""name"": ""salt""}]",4.0,131,298.6,20.1,9.6,60.0,595.0,21.5,1.5,2.8,8.8
3476,Grouper &amp; Horseradish Sauce,"[{""quantity"": ""1"", ""unit"": ""small"", ""name"": ""green pepper"", ""description"": ""sliced""}, {""quantity"": ""1"", ""unit"": ""lb"", ""name"": ""grouper""}, {""quantity"": ""1/4"", ""unit"": ""teaspoon"", ""name"": ""pepper""}, {""quantity"": ""4"", ""unit"": ""slices"", ""name"": ""onions"", ""description"": ""thin""}, {""quantity"": ""1/3"", ""unit"": ""cup"", ""name"": ""Catalina dressing""}, {""quantity"": ""2"", ""unit"": ""tablespoons"", ""name"": ""prepared horseradish""}, {""quantity"": ""1/4"", ""unit"": ""teaspoon"", ""name"": ""hot sauce""}, {""quantity"": ""1"", ""unit"": ""tablespoon"", ""name"": ""lemon juice""}]",4.0,178,213.7,10.6,1.5,42.0,266.6,6.6,0.8,5.1,22.6
3540,Ranch Beef Stew,"[{""quantity"": ""1"", ""unit"": ""lb"", ""name"": ""lean beef"", ""description"": ""trimed, bite size""}, {""quantity"": ""3"", ""unit"": ""cups"", ""name"": ""water""}, {""quantity"": ""2"", ""unit"": ""large"", ""name"": ""carrots"", ""description"": ""sliced""}, {""quantity"": ""2"", ""unit"": ""medium"", ""name"": ""potatoes"", ""description"": ""diced""}, {""quantity"": ""12"", ""name"": ""white pearl onions"", ""description"": ""canned""}, {""quantity"": ""1"", ""unit"": ""cup"", ""name"": ""frozen peas""}, {""quantity"": ""2"", ""unit"": ""tablespoons"", ""name"": ""whole wheat flour""}, {""quantity"": ""1"", ""unit"": ""tablespoon"", ""name"": ""Worcestershire sauce""}, {""quantity"": ""1/2"", ""unit"": ""teaspoon"", ""name"": ""salt""}, {""quantity"": ""1/4"", ""unit"": ""teaspoon"", ""name"": ""pepper""}]",4.0,644,397.6,13.5,5.8,79.4,503.7,43.2,7.8,11.8,27.9
3545,Rhubarb and Nut Streusel Cake,"[{""quantity"": ""1 1/2"", ""unit"": ""cups"", ""name"": ""sugar""}, {""quantity"": ""3"", ""unit"": ""tablespoons"", ""name"": ""cornstarch""}, {""quantity"": ""3"", ""unit"": ""cups"", ""name"": ""fresh rhubarb"", ""description"": ""Diced""}, {""quantity"": ""3/4"", ""unit"": ""cup"", ""name"": ""milk""}, {""quantity"": ""1"", ""unit"": ""tablespoon"", ""name"": ""vinegar""}, {""quantity"": ""2 1/4"", ""unit"": ""cups"", ""name"": ""all-purpose flour""}, {""quantity"": ""3/4"", ""unit"": ""cup"", ""name"": ""butter""}, {""quantity"": ""1/2"", ""unit"": ""teaspoon"", ""name"": ""baking powder""}, {""quantity"": ""1/2"", ""unit"": ""teaspoon"", ""name"": ""baking soda""}, {""quantity"": ""1/2"", ""unit"": ""cup"", ""name"": ""nuts"", ""description"": ""Finely chopped""}, {""quantity"": ""1"", ""name"": ""egg"", ""description"": ""beaten""}]",4.0,365,1043.8,47.1,24.6,150.8,608.0,145.0,5.1,77.0,14.5
3563,Nat's Favorite Steak Marinade,"[{""quantity"": ""2"", ""unit"": ""tablespoons"", ""name"": ""lemon juice""}, {""quantity"": ""3"", ""unit"": ""teaspoons"", ""name"": ""Worcestershire sauce""}, {""quantity"": ""1/4"", ""unit"": ""cup"", ""name"": ""extra virgin olive oil""}, {""quantity"": ""2"", ""name"": ""garlic cloves (minced)""}]",2.0,53,252.7,27.0,3.7,0.0,84.5,4.0,0.1,1.2,0.2
3612,Garlicky Garbanzo Bean Dip,"[{""quantity"": ""3"", ""unit"": ""cups"", ""name"": ""garbanzo beans"", ""description"": ""Cooked""}, {""quantity"": ""1/4"", ""unit"": ""cup"", ""name"": ""water""}, {""quantity"": ""1/2"", ""unit"": ""cup"", ""name"": ""tahini"", ""description"": ""Sesame Paste""}, {""quantity"": ""1/3"", ""unit"": ""cup"", ""name"": ""lemon juice""}, {""quantity"": ""1"", ""unit"": ""teaspoon"", ""name"": ""cumin"", ""description"": ""Ground""}, {""name"": ""lemon slice""}, {""name"": ""parsley"", ""description"": ""Chopped""}, {""name"": ""paprika""}, {""quantity"": ""1 1/2"", ""unit"": ""tablespoons"", ""name"": ""garlic"", ""description"": ""Chopped""}, {""quantity"": ""1"", ""unit"": ""tablespoon"", ""name"": ""salt""}, {""quantity"": ""2"", ""unit"": ""tablespoons"", ""name"": ""olive oil""}]",6.0,176,304.0,15.6,2.1,0.0,1537.8,34.1,7.3,0.4,9.7
3639,Sausage-centered Hamburger Rolls,"[{""quantity"": ""1 1/2"", ""unit"": ""lbs"", ""name"": ""beef"", ""description"": ""Ground""}, {""quantity"": ""1"", ""unit"": ""cup"", ""name"": ""apple"", ""description"": ""cored but not peeled, finely chopped""}, {""quantity"": ""1/3"", ""unit"": ""cup"", ""name"": ""green onions with top"", ""description"": ""Chopped""}, {""quantity"": ""1"", ""unit"": ""large"", ""name"": ""egg""}, {""quantity"": ""1"", ""unit"": ""teaspoon"", ""name"": ""salt""}, {""quantity"": ""1/4"", ""unit"": ""teaspoon"", ""name"": ""cinnamon""}, {""quantity"": ""8"", ""unit"": ""links"", ""name"": ""brown and serve sausages""}, {""quantity"": ""2"", ""unit"": ""tablespoons"", ""name"": ""flour"", ""description"": ""Unbleached""}, {""quantity"": ""1"", ""unit"": ""teaspoon"", ""name"": ""instant beef bouillon""}, {""quantity"": ""1"", ""unit"": ""cup"", ""name"": ""water""}, {""quantity"": ""1"", ""unit"": ""dash"", ""name"": ""clove"", ""description"": ""Ground""}]",6.0,191,799.4,81.3,33.7,143.4,433.4,5.4,0.8,2.3,10.8
3727,Cream Raisin Pie,"[{""quantity"": ""1"", ""unit"": ""cup"", ""name"": ""sour cream""}, {""quantity"": ""1"", ""unit"": ""cup"", ""name"": ""sugar""}, {""quantity"": ""1"", ""unit"": ""cup"", ""name"": ""raisins""}, {""quantity"": ""1"", ""name"": ""egg""}, {""quantity"": ""1"", ""unitQuantity"": ""8"", ""unitUnit"": ""inch"", ""name"": ""unbaked pie shells""}]",6.0,132,430.3,17.8,7.5,52.1,173.2,66.3,1.9,47.8,4.6
3735,Easy Milky Way Pie,"[{""quantity"": ""1"", ""unitQuantity"": ""21"", ""unitUnit"": ""ounce"", ""unit"": ""can"", ""name"": ""cherry pie filling""}, {""quantity"": ""4"", ""unit"": ""teaspoons"", ""name"": ""lemon juice""}, {""quantity"": ""4"", ""unitQuantity"": ""1 1/2"", ""unitUnit"": ""ounce"", ""name"": ""Milky Way bars""}, {""quantity"": ""1/3"", ""unit"": ""cup"", ""name"": ""nuts"", ""description"": ""Chopped""}, {""quantity"": ""1"", ""unitQuantity"": ""9"", ""unitUnit"": ""inch"", ""name"": ""pie shells"", ""description"": ""chilled""}]",6.0,214,431.7,18.5,5.2,4.0,292.6,64.0,2.9,17.7,4.8
3912,Aunt Bea's Famous Swedish Meatballs,"[{""quantity"": ""6"", ""name"": ""saltine crackers""}, {""quantity"": ""1/2"", ""unit"": ""cup"", ""name"": ""water""}, {""quantity"": ""1"", ""unit"": ""lb"", ""name"": ""ground beef""}, {""quantity"": ""1"", ""unit"": ""jar"", ""name"": ""grape jelly""}, {""quantity"": ""1"", ""unit"": ""jar"", ""name"": ""chili sauce""}, {""quantity"": ""1"", ""name"": ""lemon"", ""description"": ""juice of""}, {""name"": ""salt \\u0026 pepper""}]",4.0,184,331.9,17.4,6.8,77.1,133.6,21.7,0.4,13.2,21.6
3914,Tofu Stir Fry,"[{""quantity"": ""1"", ""unit"": ""lb"", ""name"": ""extra firm tofu""}, {""quantity"": ""1/3"", ""unit"": ""cup"", ""name"": ""white wine""}, {""quantity"": ""2"", ""unit"": ""tablespoons"", ""name"": ""sesame oil or 2 tablespoons vegetable oil""}, {""quantity"": ""4"", ""unit"": ""tablespoons"", ""name"": ""soy sauce (or to taste)""}, {""quantity"": ""2"", ""name"": ""minced garlic cloves""}, {""quantity"": ""2"", ""unit"": ""teaspoons"", ""name"": ""ginger juice""}, {""quantity"": ""1"", ""name"": ""onion"", ""description"": ""thinly slices""}, {""quantity"": ""1"", ""name"": ""red pepper"", ""description"": ""diced""}, {""quantity"": ""2"", ""unit"": ""cups"", ""name"": ""broccoli florets or 2 cups Chinese cabbage""}, {""quantity"": ""1"", ""unit"": ""bunch"", ""name"": ""spinach""}, {""quantity"": ""8"", ""unit"": ""ounces"", ""name"": ""snow peas""}, {""quantity"": ""1/3"", ""unit"": ""cup"", ""name"": ""roasted cashews or 1/3 cup almonds""}]",4.0,405,307.6,17.5,3.1,0.0,1174.6,21.2,6.0,6.8,18.7
3952,Spinach &amp; Hearts,"[{""quantity"": ""2"", ""name"": ""red bell peppers""}, {""quantity"": ""2"", ""unitQuantity"": ""12"", ""unitUnit"": ""ounce"", ""unit"": ""packages"", ""name"": ""frozen chopped spinach"", ""description"": ""thawed""}, {""quantity"": ""1"", ""unit"": ""tablespoon"", ""name"": ""butter""}, {""quantity"": ""1/3"", ""unit"": ""cup"", ""name"": ""shallot"", ""description"": ""minced""}, {""quantity"": ""3/4"", ""unit"": ""cup"", ""name"": ""swiss cheese"", ""description"": ""grated""}, {""quantity"": ""1"", ""unit"": ""tablespoon"", ""name"": ""romano cheese""}, {""quantity"": ""1/2"", ""unit"": ""cup"", ""name"": ""fresh breadcrumb""}, {""quantity"": ""1/4"", ""unit"": ""teaspoon"", ""name"": ""nutmeg""}, {""quantity"": ""4"", ""name"": ""beaten eggs""}, {""quantity"": ""1/4"", ""unit"": ""cup"", ""name"": ""milk""}, {""quantity"": ""1/2"", ""unit"": ""cup"", ""name"": ""heavy cream""}, {""name"": ""fresh ground pepper""}]",6.0,251,282.0,18.1,9.8,171.0,265.9,17.2,4.5,3.3,14.8
3967,Roast Shoulder of Lamb With Mustard and Red Currant Glaze,"[{""quantity"": ""2"", ""unit"": ""kg"", ""name"": ""lamb shoulder""}, {""quantity"": ""2"", ""unit"": ""tablespoons"", ""name"": ""Dijon mustard""}, {""quantity"": ""1/4"", ""unit"": ""cup"", ""name"": ""red currant jelly""}, {""quantity"": ""1"", ""name"": ""garlic clove"", ""description"": ""crushed""}, {""quantity"": ""2"", ""unit"": ""teaspoons"", ""name"": ""oil""}, {""quantity"": ""2"", ""unit"": ""teaspoons"", ""name"": ""soy sauce""}]",6.0,357,937.4,73.3,31.2,240.4,376.4,10.3,0.3,7.2,55.9
4043,green bean quickie,"[{""quantity"": ""1"", ""unit"": ""can"", ""name"": ""green beans ( french/cut)""}, {""quantity"": ""1"", ""unit"": ""tablespoon"", ""name"": ""cornstarch""}, {""quantity"": ""1"", ""unit"": ""tablespoon"", ""name"": ""lemon juice""}, {""quantity"": ""1"", ""unit"": ""ounce"", ""name"": ""Velveeta cheese or 2 slices American cheese""}, {""name"": ""salt and pepper""}]",2.0,100,126.9,3.3,2.1,11.2,223.3,21.2,7.5,4.4,6.3
4195,Cuba Libre,"[{""quantity"": ""1"", ""name"": ""lime""}, {""quantity"": ""2"", ""name"": ""fluid ounces rum""}, {""quantity"": ""4"", ""name"": ""fluid ounces cola""}]",1.0,246,194.0,0.2,0.0,0.0,6.8,18.8,1.9,12.2,0.6
4255,Raisin Cinnamon Scones,"[{""quantity"": ""2"", ""unit"": ""cups"", ""name"": ""unbleached flour""}, {""quantity"": ""1"", ""unit"": ""teaspoon"", ""name"": ""salt""}, {""quantity"": ""1"", ""unit"": ""tablespoon"", ""name"": ""baking powder""}, {""quantity"": ""1/2"", ""unit"": ""teaspoon"", ""name"": ""baking soda""}, {""quantity"": ""1"", ""unit"": ""tablespoon"", ""name"": ""cinnamon""}, {""quantity"": ""1 1/2"", ""unit"": ""tablespoons"", ""name"": ""sugar""}, {""quantity"": ""1"", ""unit"": ""cup"", ""name"": ""vanilla yogurt""}, {""quantity"": ""2"", ""unit"": ""tablespoons"", ""name"": ""honey""}, {""quantity"": ""1/4"", ""unit"": ""cup"", ""name"": ""butter (Room Temp.)""}, {""quantity"": ""1/2"", ""unit"": ""cup"", ""name"": ""raisins""}]",12.0,59,159.1,4.8,2.9,12.8,375.0,26.8,1.1,9.1,3.1
4435,Chipotle Rice,"[{""quantity"": ""3"", ""unit"": ""cups"", ""name"": ""rice"", ""description"": ""cooked (We use Basmati rice)""}, {""quantity"": ""1/3"", ""unit"": ""cup"", ""name"": ""extra-strong chicken broth or 1 bouillon cube"", ""description"": ""dissolved in same amount of water""}, {""quantity"": ""1"", ""unit"": ""tablespoon"", ""name"": ""chili powder""}, {""quantity"": ""1 1/2"", ""unit"": ""tablespoons"", ""name"": ""chipotle chiles"", ""description"": ""in adobo""}]",6.0,100,355.4,0.8,0.2,0.0,13.7,78.1,1.8,0.1,6.6
4495,Highland Hot Pot,"[{""quantity"": ""1"", ""unit"": ""lb"", ""name"": ""lean beef"", ""description"": ""cut into cubes""}, {""quantity"": ""3"", ""unit"": ""tablespoons"", ""name"": ""flour""}, {""name"": ""salt and pepper""}, {""quantity"": ""1/4"", ""unit"": ""teaspoon"", ""name"": ""sage""}, {""quantity"": ""1/2"", ""unit"": ""lb"", ""name"": ""sausage"", ""description"": ""sliced""}, {""quantity"": ""1"", ""name"": ""onion"", ""description"": ""diced""}, {""quantity"": ""1"", ""name"": ""apple"", ""description"": ""pared and sliced""}, {""quantity"": ""4"", ""name"": ""potatoes"", ""description"": ""diced""}, {""quantity"": ""2"", ""unit"": ""cups"", ""name"": ""tomato juice""}, {""quantity"": ""3"", ""unit"": ""teaspoons"", ""name"": ""instant beef bouillon""}]",,389,580.6,23.7,8.3,99.8,950.1,55.8,6.6,10.8,36.6
4511,"Brussels sprouts, with butter sauce, Americano","[{""quantity"": ""20"", ""name"": ""Brussels sprouts""}, {""quantity"": ""6"", ""unit"": ""tablespoons"", ""name"": ""sweet butter (3/4 stick)""}, {""quantity"": ""1"", ""unit"": ""clove"", ""name"": ""fresh pressed garlic""}, {""quantity"": ""1"", ""unit"": ""teaspoon"", ""name"": ""grated parmesan cheese (No Kraft junk)""}, {""quantity"": ""1/2"", ""unit"": ""teaspoon"", ""name"": ""paprika""}, {""quantity"": ""1"", ""name"": ""bay leaf""}, {""quantity"": ""1"", ""unit"": ""pinch"", ""name"": ""cayenne pepper""}, {""quantity"": ""1/2"", ""unit"": ""teaspoon"", ""name"": ""black pepper""}, {""quantity"": ""1"", ""unit"": ""teaspoon"", ""name"": ""finely minced white onion (if you have a bit handy)""}, {""quantity"": ""1/2"", ""unit"": ""teaspoon"", ""name"": ""oregano""}]",4.0,128,195.5,18.0,11.1,46.2,31.1,8.2,3.0,1.9,3.1
4535,Pasta Mexicana,"[{""quantity"": ""1/2"", ""unit"": ""lb"", ""name"": ""spinach pasta (green)""}, {""quantity"": ""1 1/2"", ""unit"": ""cups"", ""name"": ""cubed tomatoes""}, {""quantity"": ""1"", ""unit"": ""cup"", ""name"": ""cucumber"", ""description"": ""cut into matchsticks""}, {""quantity"": ""1"", ""unit"": ""medium"", ""name"": ""avocado"", ""description"": ""peeled seeded and thinly sliced crosswise""}, {""quantity"": ""1"", ""unit"": ""cup"", ""name"": ""salsa""}, {""quantity"": ""1"", ""unit"": ""tablespoon"", ""name"": ""extra virgin olive oil""}, {""quantity"": ""1/2"", ""unit"": ""teaspoon"", ""name"": ""dried oregano""}, {""quantity"": ""1/4"", ""unit"": ""teaspoon"", ""name"": ""ground cumin""}, {""quantity"": ""1/4"", ""unit"": ""teaspoon"", ""name"": ""chili powder""}, {""name"": ""cayenne""}, {""quantity"": ""1/4-1/2"", ""unit"": ""cup"", ""name"": ""minced cilantro or 1/4-1/2 cup minced parsley""}]",,271,476.6,16.0,2.3,0.0,558.5,73.1,15.4,6.2,13.9
4559,Pumpkin Ice Cream Pie,"[{""quantity"": ""1"", ""unitQuantity"": ""15"", ""unitUnit"": ""ounce"", ""unit"": ""can"", ""name"": ""spiced pumpkin""}, {""quantity"": ""1/2"", ""unit"": ""gallon"", ""name"": ""vanilla ice cream""}, {""quantity"": ""18"", ""unit"": ""inches"", ""name"": ""graham cracker pie crust""}]",,193,774.0,40.7,17.0,83.2,606.8,96.6,2.5,70.7,10.0
4584,Hand Me Down Chocolate Cake,"[{""quantity"": ""3/4"", ""unit"": ""cup"", ""name"": ""butter""}, {""quantity"": ""3/4"", ""unit"": ""cup"", ""name"": ""cocoa""}, {""quantity"": ""2"", ""name"": ""eggs""}, {""quantity"": ""1"", ""unit"": ""teaspoon"", ""name"": ""vanilla""}, {""quantity"": ""1 1/3"", ""unit"": ""cups"", ""name"": ""water""}, {""quantity"": ""1 3/4"", ""unit"": ""cups"", ""name"": ""flour""}, {""quantity"": ""1 3/4"", ""unit"": ""cups"", ""name"": ""sugar""}, {""quantity"": ""1 1/4"", ""unit"": ""teaspoons"", ""name"": ""baking soda""}, {""quantity"": ""1/2"", ""unit"": ""teaspoon"", ""name"": ""salt""}]",16.0,76,235.4,9.7,5.7,46.1,256.9,34.6,1.1,21.9,3.0
4692,Cheesy Beef &amp; Bean Casserole,"[{""quantity"": ""1"", ""unit"": ""lb"", ""name"": ""ground beef""}, {""quantity"": ""1"", ""unitQuantity"": ""15"", ""unitUnit"": ""ounce"", ""unit"": ""can"", ""name"": ""baked beans""}, {""quantity"": ""1"", ""unitQuantity"": ""10"", ""unitUnit"": ""ounce"", ""unit"": ""jar"", ""name"": ""Ragu cheese sauce (or other brand) or 1 (10 ounce) jar Cheese Whiz (or other brand)""}, {""quantity"": ""1"", ""unit"": ""small"", ""name"": ""onion"", ""description"": ""chopped""}]",,158,351.1,17.4,6.8,77.1,433.6,24.2,4.6,10.4,26.3
4700,Lemonade Scones,"[{""quantity"": ""2"", ""unit"": ""cups"", ""name"": ""self raising flour""}, {""quantity"": ""1/4"", ""unit"": ""cup"", ""name"": ""caster sugar""}, {""quantity"": ""1/2"", ""unit"": ""teaspoon"", ""name"": ""salt""}, {""quantity"": ""125"", ""unit"": ""ml"", ""name"": ""lemonade (7 up or Sprite)""}, {""quantity"": ""125"", ""unit"": ""ml"", ""name"": ""whipping cream""}]",8.0,69,197.5,5.8,3.5,20.4,152.1,32.6,0.9,8.4,3.5
4739,Nutty Chocolate Cream,"[{""quantity"": ""200"", ""unit"": ""g"", ""name"": ""baking chocolate""}, {""quantity"": ""2"", ""unit"": ""tablespoons"", ""name"": ""water""}, {""quantity"": ""4"", ""name"": ""eggs""}, {""quantity"": ""1"", ""unit"": ""teaspoon"", ""name"": ""vanilla essence""}, {""quantity"": ""4"", ""unit"": ""tablespoons"", ""name"": ""sugar""}, {""name"": ""whipped cream"", ""description"": ""for decoration""}, {""name"": ""almonds"", ""description"": ""roasted and sliced,for decoration""}]",4.0,127,373.8,30.9,17.7,186.0,83.4,28.0,8.3,13.3,12.7
4765,Broccoli Ala Ritz Casserole,"[{""quantity"": ""2"", ""unitQuantity"": ""10"", ""unitUnit"": ""ounce"", ""unit"": ""packages"", ""name"": ""frozen broccoli florets""}, {""quantity"": ""1/2"", ""unit"": ""lb"", ""name"": ""Velveeta cheese"", ""description"": ""cubed""}, {""quantity"": ""1/2"", ""unit"": ""cup"", ""name"": ""margarine or 1/2 cup butter"", ""description"": ""divided""}, {""quantity"": ""24"", ""name"": ""Ritz crackers""}]",,163,506.7,40.0,13.9,44.8,1314.0,25.1,4.7,8.1,14.8
4837,Parsnips with Almonds,"[{""quantity"": ""450"", ""unit"": ""g"", ""name"": ""parsnips""}, {""quantity"": ""35"", ""unit"": ""g"", ""name"": ""butter""}, {""quantity"": ""25"", ""unit"": ""g"", ""name"": ""flaked almonds""}, {""quantity"": ""15"", ""unit"": ""g"", ""name"": ""brown sugar""}, {""quantity"": ""1"", ""unit"": ""pinch"", ""name"": ""ground mixed spice""}, {""quantity"": ""1"", ""unit"": ""tablespoon"", ""name"": ""lemon juice""}, {""name"": ""salt and pepper""}, {""name"": ""chopped parsley (to garnish)""}]",4.0,137,208.2,11.2,4.8,18.7,99.7,26.8,6.6,9.5,3.0
4885,Pickled Banana Peppers,"[{""quantity"": ""4"", ""unit"": ""quarts"", ""name"": ""banana peppers""}, {""quantity"": ""1 1/2"", ""unit"": ""cups"", ""name"": ""pickling salt""}, {""name"": ""water""}, {""quantity"": ""4"", ""unit"": ""teaspoons"", ""name"": ""sugar""}, {""quantity"": ""2"", ""unit"": ""teaspoons"", ""name"": ""prepared horseradish""}, {""quantity"": ""2"", ""unit"": ""cloves"", ""name"": ""garlic""}, {""quantity"": ""10"", ""unit"": ""cups"", ""name"": ""white vinegar (5% acidity)""}]",,4845,139.5,1.1,0.1,0.0,21271.2,18.5,8.5,8.2,4.2
4940,Apple Pizza,"[{""name"": ""pastry for double-crust pie""}, {""quantity"": ""6"", ""unit"": ""medium"", ""name"": ""apples""}, {""quantity"": ""1/2"", ""unit"": ""cup"", ""name"": ""flour""}, {""quantity"": ""1/2"", ""unit"": ""cup"", ""name"": ""brown sugar""}, {""quantity"": ""1/2"", ""unit"": ""teaspoon"", ""name"": ""cinnamon""}, {""quantity"": ""1/4"", ""unit"": ""cup"", ""name"": ""butter""}, {""quantity"": ""1 1/2"", ""unit"": ""cups"", ""name"": ""powdered sugar""}, {""name"": ""milk""}, {""quantity"": ""1"", ""unit"": ""teaspoon"", ""name"": ""caramel flavoring""}, {""name"": ""chopped peanuts""}]",10.0,189,218.3,4.8,3.0,12.2,38.1,44.9,2.2,36.8,0.9
4950,BBQ hash,"[{""quantity"": ""1 1/2"", ""unit"": ""lbs"", ""name"": ""chicken"", ""description"": ""preferably white meat,trimmed and cubed""}, {""quantity"": ""1 1/2"", ""unit"": ""lbs"", ""name"": ""pork"", ""description"": ""trimmed and cubed""}, {""quantity"": ""3 -5"", ""name"": ""potatoes"", ""description"": ""peeled and cubed""}, {""quantity"": ""1"", ""unit"": ""can"", ""name"": ""tomatoes""}, {""quantity"": ""2 -3"", ""name"": ""carrots"", ""description"": ""skinned and grated""}, {""quantity"": ""1"", ""name"": ""onion"", ""description"": ""diced""}]",,421,867.4,41.7,12.7,270.4,248.1,36.3,5.7,5.8,82.9
4998,Soft Batch Chocolate Chip Cookies,"[{""quantity"": ""1"", ""unit"": ""cup"", ""name"": ""butter"", ""description"": ""softened""}, {""quantity"": ""1/4"", ""unit"": ""cup"", ""name"": ""sugar""}, {""quantity"": ""3/4"", ""unit"": ""cup"", ""name"": ""light brown sugar"", ""description"": ""packed""}, {""quantity"": ""2"", ""name"": ""eggs""}, {""quantity"": ""1"", ""unit"": ""teaspoon"", ""name"": ""vanilla""}, {""quantity"": ""2 1/4"", ""unit"": ""cups"", ""name"": ""flour""}, {""quantity"": ""1"", ""unit"": ""teaspoon"", ""name"": ""baking soda""}, {""quantity"": ""1"", ""unitQuantity"": ""4"", ""unitUnit"": ""ounce"", ""unit"": ""package"", ""name"": ""instant vanilla pudding""}, {""quantity"": ""1"", ""unitQuantity"": ""12"", ""unitUnit"": ""ounce"", ""unit"": ""package"", ""name"": ""milk chocolate chips""}, {""quantity"": ""1"", ""unit"": ""cup"", ""name"": ""walnuts"", ""description"": ""chopped""}]",30.0,46,221.3,12.5,6.4,31.3,165.9,25.0,0.9,16.5,2.9
5113,Harissa,"[{""quantity"": ""12"", ""name"": ""dried chili peppers""}, {""quantity"": ""4"", ""unit"": ""cloves"", ""name"": ""garlic""}, {""quantity"": ""1/2"", ""unit"": ""cup"", ""name"": ""extra virgin olive oil""}, {""quantity"": ""1"", ""unit"": ""teaspoon"", ""name"": ""salt""}, {""quantity"": ""2"", ""unit"": ""teaspoons"", ""name"": ""cumin""}]",4.0,167,301.1,27.8,3.8,0.0,596.3,13.3,2.2,7.2,2.9
5140,Beef &amp; Pasta Soup,"[{""quantity"": ""3/4"", ""unit"": ""lb"", ""name"": ""extra lean ground beef""}, {""quantity"": ""1"", ""unit"": ""medium"", ""name"": ""onion"", ""description"": ""chopped (1/2 cup)""}, {""quantity"": ""1"", ""unitQuantity"": ""5 5/8"", ""unitUnit"": ""ounce"", ""unit"": ""box"", ""name"": ""Betty Crocker\\u0027s hamburger helper"", ""description"": ""beef pasta flavor""}, {""quantity"": ""6"", ""unit"": ""cups"", ""name"": ""fat-free chicken broth""}, {""quantity"": ""1/2"", ""unit"": ""teaspoon"", ""name"": ""basil leaves"", ""description"": ""dried (or more)""}, {""quantity"": ""1/8"", ""unit"": ""teaspoon"", ""name"": ""pepper""}, {""quantity"": ""2"", ""name"": ""garlic cloves"", ""description"": ""crushed""}, {""quantity"": ""1/2"", ""unit"": ""cup"", ""name"": ""frozen peas""}, {""quantity"": ""4"", ""unit"": ""ounces"", ""name"": ""mushrooms"", ""description"": ""sliced""}, {""quantity"": ""1/2"", ""unit"": ""tablespoon"", ""name"": ""fresh parsley"", ""description"": ""chopped""}]",6.0,333,108.6,3.4,1.3,35.1,979.9,4.5,1.1,2.1,14.8
5229,Breakfast Pie,"[{""quantity"": ""2"", ""name"": ""browned pie crusts""}, {""quantity"": ""4"", ""name"": ""eggs""}, {""quantity"": ""8"", ""unit"": ""ounces"", ""name"": ""shredded mozzarella cheese""}, {""quantity"": ""8"", ""unit"": ""ounces"", ""name"": ""shredded cheddar cheese""}, {""quantity"": ""1"", ""unit"": ""lb"", ""name"": ""smithfield ham sausage"", ""description"": ""browned and drained""}, {""quantity"": ""1/2"", ""unit"": ""cup"", ""name"": ""milk""}]",,97,407.7,29.1,14.2,160.1,600.1,17.5,0.3,2.0,18.4
5246,Balsamic Chicken,"[{""quantity"": ""4"", ""name"": ""boneless skinless chicken breast halves (see note in intro)""}, {""quantity"": ""2"", ""unit"": ""teaspoons"", ""name"": ""lemon-pepper seasoning""}, {""quantity"": ""1 1/2"", ""unit"": ""teaspoons"", ""name"": ""extra virgin olive oil""}, {""quantity"": ""1/3"", ""unit"": ""cup"", ""name"": ""balsamic vinegar""}, {""quantity"": ""1/4"", ""unit"": ""cup"", ""name"": ""chicken broth""}, {""quantity"": ""2"", ""name"": ""garlic cloves"", ""description"": ""minced""}, {""quantity"": ""4"", ""unit"": ""teaspoons"", ""name"": ""butter""}, {""name"": ""parsley sprig""}, {""name"": ""cherry tomatoes""}]",4.0,168,209.3,8.7,3.4,85.6,222.4,4.9,0.3,3.2,25.7
5328,Layered Ice Cream Terrine,"[{""quantity"": ""12"", ""name"": ""unfilled ladyfingers""}, {""quantity"": ""1"", ""unit"": ""pint"", ""name"": ""raspberry sherbet"", ""description"": ""slightly softened""}, {""quantity"": ""1"", ""unit"": ""pint"", ""name"": ""vanilla ice cream or 1 pint vanilla frozen yogurt"", ""description"": ""slightly softened""}, {""quantity"": ""1"", ""unit"": ""pint"", ""name"": ""chocolate ice cream or 1 pint chocolate frozen yogurt"", ""description"": ""slightly softened""}, {""quantity"": ""2"", ""unit"": ""cups"", ""name"": ""non-dairy whipped topping"", ""description"": ""whipped stiff""}, {""name"": ""chocolate syrup (for drizzling)""}]",12.0,92,210.8,9.7,6.5,58.1,66.4,28.8,1.4,22.3,3.3
5339,Peking Chicken,"[{""quantity"": ""1"", ""unit"": ""cup"", ""name"": ""hoisin sauce""}, {""quantity"": ""1/4"", ""unit"": ""cup"", ""name"": ""low sodium soy sauce""}, {""quantity"": ""1/4"", ""unit"": ""cup"", ""name"": ""rice vinegar""}, {""quantity"": ""1/4"", ""unit"": ""cup"", ""name"": ""honey""}, {""quantity"": ""1"", ""unit"": ""tablespoon"", ""name"": ""grated peeled gingerroot""}, {""quantity"": ""4"", ""name"": ""garlic cloves"", ""description"": ""minced""}, {""quantity"": ""2"", ""unit"": ""lbs"", ""name"": ""boneless skinless chicken breast halves""}, {""quantity"": ""1"", ""unit"": ""tablespoon"", ""name"": ""dark sesame oil"", ""description"": ""divided""}, {""quantity"": ""8"", ""unitQuantity"": ""8"", ""unitUnit"": ""inch"", ""name"": ""flour tortillas""}, {""quantity"": ""1"", ""unit"": ""cup"", ""name"": ""sliced green onion""}]",8.0,239,428.3,8.6,1.9,66.8,1215.1,53.8,3.1,18.9,32.7
5354,Penne With Sun-Dried Tomatoes,"[{""quantity"": ""1/2"", ""unit"": ""lb"", ""name"": ""penne or 1/2 lb other pastas""}, {""quantity"": ""8"", ""unit"": ""cups"", ""name"": ""water""}, {""quantity"": ""1"", ""unit"": ""cup"", ""name"": ""sun-dried tomato"", ""description"": ""chopped (about 20-25)""}, {""quantity"": ""4"", ""name"": ""garlic cloves"", ""description"": ""minced""}, {""quantity"": ""1"", ""unitQuantity"": ""10"", ""unitUnit"": ""ounce"", ""unit"": ""box"", ""name"": ""frozen chopped spinach"", ""description"": ""partly thawed""}, {""quantity"": ""1/3"", ""unit"": ""cup"", ""name"": ""water""}, {""name"": ""sea salt""}, {""name"": ""pepper""}]",4.0,638,262.5,2.0,0.2,0.0,352.4,56.5,10.0,5.6,8.9
5472,Crock Pot Country Ribs,"[{""quantity"": ""1"", ""unit"": ""large"", ""name"": ""onion"", ""description"": ""peeled, sliced and separated into rings""}, {""quantity"": ""3 -4"", ""unit"": ""lbs"", ""name"": ""country-style pork ribs""}, {""quantity"": ""1"", ""unit"": ""cup"", ""name"": ""tomato juice""}, {""quantity"": ""1"", ""unit"": ""cup"", ""name"": ""vegetable cocktail (or instead of Tomato juice and the vegetable cocktail use 2 cups extra spicy Clamato Juice)""}, {""quantity"": ""2"", ""unit"": ""tablespoons"", ""name"": ""molasses""}, {""quantity"": ""1"", ""unit"": ""teaspoon"", ""name"": ""Worcestershire sauce""}, {""quantity"": ""3"", ""unit"": ""tablespoons"", ""name"": ""balsamic vinegar""}, {""quantity"": ""1"", ""unit"": ""teaspoon"", ""name"": ""Dijon mustard""}, {""quantity"": ""1/2"", ""unit"": ""teaspoon"", ""name"": ""poultry seasoning""}, {""name"": ""salt and pepper""}, {""quantity"": ""1 1/2"", ""unit"": ""teaspoons"", ""name"": ""cornstarch""}, {""quantity"": ""4"", ""unit"": ""tablespoons"", ""name"": ""water""}]",4.0,540,726.8,40.5,8.1,252.2,534.5,19.7,1.4,13.2,67.3
5508,Gemista,"[{""quantity"": ""10"", ""unit"": ""large"", ""name"": ""tomatoes"", ""description"": ""3-inch of so in diameter""}, {""quantity"": ""2 1/4"", ""unit"": ""lbs"", ""name"": ""ground meat""}, {""quantity"": ""1"", ""unit"": ""cup"", ""name"": ""long grain rice""}, {""quantity"": ""1"", ""unit"": ""large"", ""name"": ""onion"", ""description"": ""small chop""}, {""quantity"": ""4"", ""name"": ""potatoes"", ""description"": ""cut into bite-sized pieces""}, {""quantity"": ""2"", ""unit"": ""tablespoons"", ""name"": ""olive oil"", ""description"": ""for frying""}, {""quantity"": ""1/8"", ""unit"": ""cup"", ""name"": ""olive oil""}, {""name"": ""salt and pepper""}, {""quantity"": ""2"", ""unit"": ""tablespoons"", ""name"": ""spearmint"", ""description"": ""dried""}, {""quantity"": ""1/4"", ""unit"": ""lb"", ""name"": ""mizithra cheese"", ""description"": ""cut in 1 . 8-inch pieces, if desired""}, {""quantity"": ""2"", ""unit"": ""tablespoons"", ""name"": ""tomato paste"", ""description"": ""if needed""}, {""quantity"": ""4 -5"", ""name"": ""garlic cloves""}]",6.0,519,374.8,10.0,1.5,0.0,69.3,65.7,7.9,10.9,8.4
5716,Bob's Mexican Rice,"[{""quantity"": ""2"", ""unit"": ""cups"", ""name"": ""long grain rice""}, {""quantity"": ""1/2"", ""unit"": ""cup"", ""name"": ""olive oil""}, {""quantity"": ""1"", ""unit"": ""large"", ""name"": ""yellow onion"", ""description"": ""minced""}, {""quantity"": ""2"", ""unit"": ""teaspoons"", ""name"": ""granulated garlic""}, {""quantity"": ""2"", ""unit"": ""teaspoons"", ""name"": ""ground cumin""}, {""quantity"": ""1/2"", ""unit"": ""teaspoon"", ""name"": ""salt""}, {""quantity"": ""1"", ""unitQuantity"": ""14"", ""unitUnit"": ""ounce"", ""unit"": ""can"", ""name"": ""Mexican-style stewed tomatoes with jalapeno peppers"", ""description"": ""diced""}, {""quantity"": ""4"", ""unit"": ""cups"", ""name"": ""water""}]",8.0,248,306.5,14.0,2.0,0.0,350.8,41.1,0.9,0.9,4.0
5767,Nanny's Tomato Soup,"[{""quantity"": ""1"", ""unitQuantity"": ""14 1/2"", ""unitUnit"": ""ounce"", ""unit"": ""can"", ""name"": ""diced tomatoes""}, {""quantity"": ""1"", ""unit"": ""gallon"", ""name"": ""tomato juice""}, {""quantity"": ""4"", ""unit"": ""large"", ""name"": ""potatoes""}, {""quantity"": ""1"", ""name"": ""onion"", ""description"": ""sliced""}, {""quantity"": ""1/2-1"", ""unit"": ""cup"", ""name"": ""milk""}, {""quantity"": ""1 -2"", ""unit"": ""tablespoon"", ""name"": ""butter or 1 -2 tablespoon margarine""}, {""name"": ""salt and pepper""}]",6.0,622,284.5,3.2,1.8,7.9,763.1,59.6,7.6,14.0,8.5
5931,Shepherd's Pie,"[{""quantity"": ""5"", ""unit"": ""cups"", ""name"": ""mashed potatoes""}, {""name"": ""diced onion""}, {""quantity"": ""1"", ""unit"": ""small"", ""name"": ""onion""}, {""quantity"": ""1"", ""unit"": ""lb"", ""name"": ""hamburger""}, {""quantity"": ""1"", ""unitQuantity"": ""22 1/2"", ""unitUnit"": ""ounce"", ""unit"": ""can"", ""name"": ""cream-style corn""}, {""quantity"": ""1"", ""unitQuantity"": ""15"", ""unitUnit"": ""ounce"", ""unit"": ""can"", ""name"": ""peas"", ""description"": ""drained""}]",6.0,420,371.1,10.1,3.8,54.2,882.3,51.1,4.1,6.6,20.9
5969,Stuffed Quinces,"[{""quantity"": ""6"", ""unit"": ""medium"", ""name"": ""quinces"", ""description"": ""cut off the tops,scoop out the core and most of the quince flesh,reserve 1 cup of the flesh (a melon baller does a good job)""}, {""quantity"": ""1"", ""unit"": ""medium"", ""name"": ""onion"", ""description"": ""finely chopped""}, {""quantity"": ""1/4"", ""unit"": ""cup"", ""name"": ""butter""}, {""quantity"": ""1"", ""unit"": ""lb"", ""name"": ""lean ground beef or 1 lb veal""}, {""quantity"": ""1/4"", ""unit"": ""cup"", ""name"": ""water""}, {""quantity"": ""2"", ""unit"": ""tablespoons"", ""name"": ""raw rice""}, {""quantity"": ""1/2"", ""unit"": ""teaspoon"", ""name"": ""cinnamon""}, {""name"": ""salt and pepper""}, {""quantity"": ""2"", ""unit"": ""teaspoons"", ""name"": ""sugar""}, {""quantity"": ""1"", ""unit"": ""cup"", ""name"": ""water""}, {""quantity"": ""1/4"", ""unit"": ""cup"", ""name"": ""lemon juice""}, {""quantity"": ""1/4"", ""unit"": ""cup"", ""name"": ""brown sugar""}]",6.0,267,311.8,15.4,7.9,69.5,113.5,29.0,2.2,11.3,15.9
6081,Southwest Grilled Salmon With Cilantro Lime Butter,"[{""quantity"": ""2"", ""unit"": ""lbs"", ""name"": ""salmon fillets (skin on)""}, {""quantity"": ""1"", ""unit"": ""tablespoon"", ""name"": ""olive oil""}, {""quantity"": ""1/4-1/2"", ""unit"": ""cup"", ""name"": ""butter""}, {""quantity"": ""1"", ""unit"": ""bunch"", ""name"": ""fresh cilantro""}, {""quantity"": ""2"", ""name"": ""limes""}, {""quantity"": ""1"", ""unit"": ""teaspoon"", ""name"": ""chili powder""}, {""quantity"": ""1/2"", ""unit"": ""teaspoon"", ""name"": ""cumin""}, {""name"": ""salt""}, {""name"": ""pepper""}]",4.0,287,435.0,25.1,9.6,135.1,287.5,4.3,1.4,0.7,47.3
6180,hamburger stew,"[{""quantity"": ""1"", ""unit"": ""lb"", ""name"": ""lean hamburger""}, {""quantity"": ""8 -10"", ""name"": ""potatoes""}, {""quantity"": ""3 -4"", ""name"": ""carrots""}, {""quantity"": ""1"", ""unit"": ""can"", ""name"": ""green wax beans""}, {""quantity"": ""1"", ""unit"": ""can"", ""name"": ""corn""}, {""quantity"": ""1"", ""unit"": ""can"", ""name"": ""peas""}, {""quantity"": ""1"", ""name"": ""onion (optional)""}, {""quantity"": ""2"", ""unit"": ""packages"", ""name"": ""instant Oxo""}, {""quantity"": ""1 -2"", ""unit"": ""teaspoon"", ""name"": ""allspice""}]",6.0,408,372.4,7.9,3.2,49.1,89.0,54.5,7.5,4.4,21.4
6182,Asian Chicken,"[{""quantity"": ""4"", ""name"": ""chicken breasts""}, {""quantity"": ""3"", ""unit"": ""tablespoons"", ""name"": ""soy sauce""}, {""quantity"": ""1 1/2"", ""unit"": ""tablespoons"", ""name"": ""vinegar""}, {""quantity"": ""2 -3"", ""unit"": ""tablespoons"", ""name"": ""brown sugar""}, {""quantity"": ""1 -2"", ""unit"": ""clove"", ""name"": ""garlic"", ""description"": ""chopped""}, {""quantity"": ""1/4"", ""unit"": ""teaspoon"", ""name"": ""ground pepper""}]",4.0,172,286.2,13.4,3.9,92.8,847.7,7.9,0.2,6.9,31.7
6250,Carolina Red Rice,"[{""quantity"": ""1/4"", ""unit"": ""lb"", ""name"": ""bacon""}, {""quantity"": ""3/4"", ""unit"": ""cup"", ""name"": ""chopped onion""}, {""quantity"": ""2"", ""unit"": ""cups"", ""name"": ""rice""}, {""quantity"": ""2"", ""unit"": ""cups"", ""name"": ""canned tomatoes""}, {""quantity"": ""1/2"", ""unit"": ""teaspoon"", ""name"": ""salt""}, {""quantity"": ""1/2"", ""unit"": ""teaspoon"", ""name"": ""pepper""}, {""name"": ""Tabasco sauce""}]",4.0,276,514.0,13.5,4.4,19.3,700.7,85.3,3.1,4.1,11.0
6259,Mummy and ghost cookies,"[{""quantity"": ""1"", ""unit"": ""package"", ""name"": ""chocolate chunk brownie mix""}, {""quantity"": ""1"", ""unit"": ""teaspoon"", ""name"": ""unsweetened cocoa powder""}, {""quantity"": ""1"", ""name"": ""egg"", ""description"": ""lightly beaten""}, {""quantity"": ""1/4"", ""unit"": ""cup"", ""name"": ""water""}, {""quantity"": ""1/2-3/4"", ""unit"": ""cup"", ""name"": ""all-purpose flour""}, {""quantity"": ""1"", ""unitQuantity"": ""450"", ""unitUnit"": ""g"", ""unit"": ""container"", ""name"": ""vanilla frosting""}, {""quantity"": ""1"", ""unit"": ""tablespoon"", ""name"": ""mini chocolate chip""}]",15.0,42,149.2,5.5,1.1,14.1,60.1,24.1,0.2,19.4,0.9
6336,Mandarin Meatloaf,"[{""quantity"": ""2"", ""unit"": ""lbs"", ""name"": ""ground beef (or 1 lb pork and 1 lb beef)""}, {""quantity"": ""1"", ""unit"": ""medium"", ""name"": ""onion"", ""description"": ""chopped""}, {""quantity"": ""1/4"", ""unit"": ""cup"", ""name"": ""soy sauce""}, {""quantity"": ""14"", ""unit"": ""ounces"", ""name"": ""chop suey vegetables""}, {""quantity"": ""1/2"", ""unit"": ""teaspoon"", ""name"": ""garlic powder""}, {""quantity"": ""1/4"", ""unit"": ""teaspoon"", ""name"": ""pepper""}, {""quantity"": ""1/2"", ""unit"": ""cup"", ""name"": ""breadcrumbs""}, {""quantity"": ""1"", ""name"": ""egg""}, {""quantity"": ""1"", ""unit"": ""jar"", ""name"": ""sweet and sour sauce""}]",12.0,108,200.7,12.0,4.6,67.0,453.3,6.0,0.5,1.7,16.1
6517,Cilantro Dip,"[{""quantity"": ""1"", ""unitQuantity"": ""6"", ""unitUnit"": ""ounce"", ""unit"": ""package"", ""name"": ""feta cheese""}, {""quantity"": ""1"", ""unit"": ""cup"", ""name"": ""milk""}, {""quantity"": ""1"", ""unitQuantity"": ""8"", ""unitUnit"": ""ounce"", ""unit"": ""package"", ""name"": ""cream cheese""}, {""quantity"": ""1"", ""unitQuantity"": ""8"", ""unitUnit"": ""ounce"", ""unit"": ""can"", ""name"": ""Mexican green sauce""}, {""quantity"": ""1/4"", ""unit"": ""cup"", ""name"": ""chopped fresh cilantro""}, {""quantity"": ""1"", ""name"": ""garlic clove""}]",8.0,82,178.6,15.8,10.3,55.5,350.7,3.2,0.0,1.0,6.4
6578,Crepes,"[{""quantity"": ""1"", ""unit"": ""cup"", ""name"": ""all-purpose flour""}, {""quantity"": ""1/2"", ""unit"": ""cup"", ""name"": ""water""}, {""quantity"": ""2"", ""unit"": ""tablespoons"", ""name"": ""water""}, {""quantity"": ""1/2"", ""unit"": ""cup"", ""name"": ""milk""}, {""quantity"": ""3"", ""unit"": ""large"", ""name"": ""eggs""}, {""quantity"": ""2"", ""unit"": ""tablespoons"", ""name"": ""butter"", ""description"": ""melted and cooled,plus some for the pan""}, {""quantity"": ""1/2"", ""unit"": ""teaspoon"", ""name"": ""salt""}]",10.0,57,95.1,4.3,2.2,63.6,164.4,10.2,0.3,0.1,3.6
6581,Truffle Cakes,"[{""quantity"": ""8"", ""unit"": ""tablespoons"", ""name"": ""unsalted butter"", ""description"": ""at room temp""}, {""quantity"": ""3/4"", ""unit"": ""cup"", ""name"": ""sugar""}, {""quantity"": ""2"", ""name"": ""eggs""}, {""quantity"": ""6 1/2"", ""unit"": ""ounces"", ""name"": ""dark chocolate"", ""description"": ""melted and cooled""}, {""quantity"": ""1"", ""unit"": ""tablespoon"", ""name"": ""Cointreau liqueur""}, {""quantity"": ""1"", ""unit"": ""tablespoon"", ""name"": ""grated orange zest""}, {""quantity"": ""2"", ""unit"": ""cups"", ""name"": ""self-rising flour""}, {""quantity"": ""2"", ""unit"": ""tablespoons"", ""name"": ""cocoa powder""}, {""quantity"": ""1"", ""unit"": ""teaspoon"", ""name"": ""baking powder""}, {""quantity"": ""1"", ""unit"": ""cup"", ""name"": ""milk""}, {""quantity"": ""8"", ""unit"": ""ounces"", ""name"": ""dark chocolate"", ""description"": ""coarsely chopped""}, {""quantity"": ""1 1/2"", ""unit"": ""cups"", ""name"": ""heavy cream""}]",6.0,274,984.5,77.0,47.2,198.4,674.5,81.5,13.2,25.9,18.1
6608,Milk Tart,"[{""quantity"": ""125"", ""unit"": ""g"", ""name"": ""butter""}, {""quantity"": ""1/2"", ""unit"": ""cup"", ""name"": ""sugar""}, {""quantity"": ""1"", ""name"": ""egg""}, {""quantity"": ""2"", ""unit"": ""cups"", ""name"": ""flour"", ""description"": ""sifted""}, {""name"": ""salt"", ""description"": ""sifted""}, {""quantity"": ""1"", ""unit"": ""liter"", ""name"": ""milk""}, {""quantity"": ""1"", ""unit"": ""tablespoon"", ""name"": ""butter""}, {""quantity"": ""1"", ""unit"": ""cup"", ""name"": ""sugar""}, {""quantity"": ""2"", ""name"": ""eggs""}, {""quantity"": ""3"", ""unit"": ""tablespoons"", ""name"": ""cornflour (cornstarch)""}, {""quantity"": ""3"", ""unit"": ""tablespoons"", ""name"": ""flour""}, {""quantity"": ""10"", ""unit"": ""ml"", ""name"": ""vanilla essence""}]",,160,413.0,16.8,10.0,100.0,171.9,57.6,0.9,30.2,8.4
6728,Make-Ahead Mashed Potatoes For A Crowd,"[{""quantity"": ""5"", ""unit"": ""lbs"", ""name"": ""potatoes"", ""description"": ""cooked and mashed (about 8 Medium)""}, {""quantity"": ""2"", ""unit"": ""cups"", ""name"": ""sour cream""}, {""quantity"": ""2"", ""unitQuantity"": ""3"", ""unitUnit"": ""ounce"", ""unit"": ""packages"", ""name"": ""cream cheese""}, {""name"": ""salt and pepper""}]",,241,332.6,15.8,9.8,39.0,88.3,42.1,5.0,1.9,7.3
7179,Rice Verde for One or Two,"[{""quantity"": ""1 1/3"", ""unit"": ""cups"", ""name"": ""cooked rice""}, {""quantity"": ""1/4"", ""unit"": ""cup"", ""name"": ""sour cream""}, {""quantity"": ""2"", ""unit"": ""tablespoons"", ""name"": ""green chilies (or both) or 2 tablespoons green onions (or both)""}, {""quantity"": ""1/2"", ""unit"": ""cup"", ""name"": ""sharp cheddar cheese or 1/2 cup monterey jack cheese""}]",2.0,190,340.2,15.7,9.8,42.3,191.3,37.9,0.5,0.7,11.1
7290,Pumpkin Toffee Cookies,"[{""quantity"": ""0"", ""name"": "".5 (15 ounce) can pumpkin""}, {""quantity"": ""1 1/2"", ""unit"": ""teaspoons"", ""name"": ""pumpkin pie spice""}, {""quantity"": ""1"", ""name"": ""egg""}, {""quantity"": ""1"", ""unit"": ""teaspoon"", ""name"": ""oranges or 1 teaspoon lemon extract""}, {""quantity"": ""1 1/4"", ""unit"": ""cups"", ""name"": ""all-purpose flour""}, {""quantity"": ""1"", ""unit"": ""teaspoon"", ""name"": ""baking powder""}, {""quantity"": ""1"", ""unit"": ""pinch"", ""name"": ""salt""}, {""quantity"": ""1/2"", ""unit"": ""cup"", ""name"": ""chopped nuts (walnut"", ""description"": ""pecan...)""}, {""quantity"": ""1"", ""unit"": ""cup"", ""name"": ""toffee pieces""}, {""quantity"": ""1/2"", ""unit"": ""cup"", ""name"": ""shortening""}, {""quantity"": ""2/3"", ""unit"": ""cup"", ""name"": ""brown sugar""}, {""name"": ""cinnamon sugar (for sprinkling)""}]",,748,107.3,6.0,1.4,8.8,46.3,12.4,0.5,6.2,1.5
7314,Tostones con Mojo (Fried Plantains w/ dipping sauce),"[{""quantity"": ""2"", ""unit"": ""large"", ""name"": ""green plantains""}, {""quantity"": ""1/2"", ""unit"": ""cup"", ""name"": ""vegetable oil or 1/2 cup olive oil""}, {""quantity"": ""1"", ""unit"": ""tablespoon"", ""name"": ""adobo seasoning or 1 tablespoon salt""}, {""quantity"": ""1/2"", ""unit"": ""cup"", ""name"": ""ketchup""}, {""quantity"": ""1/2"", ""unit"": ""cup"", ""name"": ""mayonnaise""}]",8.0,82,200.5,13.9,1.9,0.0,169.2,20.9,1.3,11.5,1.0
7315,Salmon with Ginger and Black Bean,"[{""quantity"": ""4"", ""name"": ""salmon steaks""}, {""quantity"": ""1/2"", ""unit"": ""inch"", ""name"": ""ginger"", ""description"": ""grated and save juice""}, {""quantity"": ""2"", ""unit"": ""tablespoons"", ""name"": ""peanut oil""}, {""quantity"": ""3"", ""unit"": ""cloves"", ""name"": ""garlic"", ""description"": ""minced""}, {""quantity"": ""3"", ""name"": ""green onions"", ""description"": ""chopped""}, {""quantity"": ""1"", ""unit"": ""tablespoon"", ""name"": ""rice wine""}, {""quantity"": ""2"", ""unit"": ""tablespoons"", ""name"": ""black bean sauce (found in Oriental stores)""}, {""quantity"": ""1/2"", ""unit"": ""cup"", ""name"": ""chicken stock""}, {""quantity"": ""1"", ""unit"": ""tablespoon"", ""name"": ""soy sauce""}, {""quantity"": ""4"", ""unit"": ""teaspoons"", ""name"": ""cornstarch""}]",4.0,161,278.2,18.0,3.4,59.9,355.8,5.5,0.4,0.8,21.5
7402,Gremolata Green Beans,"[{""quantity"": ""1"", ""unit"": ""lb"", ""name"": ""green beans"", ""description"": ""trimmed and cut into 2 inch pieces""}, {""quantity"": ""1"", ""unit"": ""teaspoon"", ""name"": ""lemon juice""}, {""quantity"": ""1"", ""unit"": ""tablespoon"", ""name"": ""lemon"", ""description"": ""zest of, minced""}, {""quantity"": ""1/2"", ""unit"": ""cup"", ""name"": ""fresh parsley"", ""description"": ""minced""}, {""quantity"": ""6"", ""name"": ""garlic cloves"", ""description"": ""minced""}, {""quantity"": ""1/4"", ""unit"": ""teaspoon"", ""name"": ""salt""}, {""quantity"": ""1/4"", ""unit"": ""cup"", ""name"": ""extra virgin olive oil (I use Lite)""}]",4.0,140,164.4,13.7,1.9,0.0,157.4,10.2,4.2,1.7,2.6
7419,Rice Pilaf,"[{""quantity"": ""1 1/2"", ""unit"": ""cups"", ""name"": ""white rice""}, {""quantity"": ""2"", ""unit"": ""tablespoons"", ""name"": ""low-fat margarine""}, {""quantity"": ""3"", ""unit"": ""cups"", ""name"": ""water""}, {""quantity"": ""3"", ""unit"": ""teaspoons"", ""name"": ""beef base""}, {""quantity"": ""3/4"", ""unit"": ""cup"", ""name"": ""parsley""}, {""quantity"": ""3/4"", ""unit"": ""cup"", ""name"": ""diced carrot""}, {""quantity"": ""1/2"", ""unit"": ""cup"", ""name"": ""diced green onion (with tops)""}]",6.0,199,183.4,0.4,0.1,0.0,40.2,40.4,2.2,1.0,3.7
7438,Quick tomato and noodle soup,"[{""quantity"": ""1/2"", ""unit"": ""cup"", ""name"": ""fine noodles (italian"", ""description"": ""not chinese)""}, {""quantity"": ""100"", ""unit"": ""ml"", ""name"": ""tomato juice (not puree)""}, {""quantity"": ""1"", ""unit"": ""small"", ""name"": ""onion""}, {""quantity"": ""3"", ""unit"": ""cloves"", ""name"": ""garlic (I use about 6 or 7...)""}, {""quantity"": ""1/4"", ""unit"": ""cup"", ""name"": ""semolina flour (cous-cous)""}, {""quantity"": ""1"", ""unit"": ""ounce"", ""name"": ""butter""}, {""quantity"": ""1"", ""name"": ""vegetable stock cube""}, {""quantity"": ""1"", ""unit"": ""cup"", ""name"": ""water or 1 cup vegetable stock""}, {""name"": ""fresh ground pepper""}, {""quantity"": ""2"", ""unit"": ""dashes"", ""name"": ""Tabasco sauce""}]",1.0,506,486.4,24.4,14.9,76.9,446.4,58.3,3.8,7.0,10.2
7500,Chicken Breasts with Mustard-Caper Sauce,"[{""quantity"": ""1"", ""unit"": ""tablespoon"", ""name"": ""olive oil""}, {""quantity"": ""6"", ""name"": ""boneless skinless chicken breast halves (about2 pounds total)""}, {""quantity"": ""1/4"", ""unit"": ""teaspoon"", ""name"": ""salt""}, {""quantity"": ""1/8"", ""unit"": ""teaspoon"", ""name"": ""black pepper""}, {""quantity"": ""1"", ""unitQuantity"": ""14 1/2"", ""unitUnit"": ""ounce"", ""unit"": ""can"", ""name"": ""chicken broth""}, {""quantity"": ""1/4"", ""unit"": ""cup"", ""name"": ""drained capers""}, {""quantity"": ""1/2"", ""unit"": ""teaspoon"", ""name"": ""dried rosemary""}, {""quantity"": ""1/4"", ""unit"": ""teaspoon"", ""name"": ""dried thyme""}, {""quantity"": ""2"", ""unit"": ""tablespoons"", ""name"": ""Dijon mustard""}, {""quantity"": ""2"", ""unit"": ""tablespoons"", ""name"": ""butter""}, {""quantity"": ""1"", ""unit"": ""tablespoon"", ""name"": ""honey""}]",6.0,213,216.0,9.8,3.6,85.7,720.1,3.8,0.4,3.2,27.0
7519,Hete Bliksem or Hot Lightning,"[{""quantity"": ""1/2"", ""unit"": ""lb"", ""name"": ""tart green apple""}, {""quantity"": ""1/2"", ""unit"": ""lb"", ""name"": ""sweet red apples""}, {""name"": ""water""}, {""quantity"": ""1"", ""unit"": ""lb"", ""name"": ""potato""}, {""quantity"": ""1 1/2"", ""unit"": ""tablespoons"", ""name"": ""butter""}, {""name"": ""salt""}, {""name"": ""ground cloves""}, {""name"": ""milk (as needed)""}]",,166,184.6,4.6,2.8,11.4,38.6,35.5,5.2,12.7,2.6
7580,Potatoes With Mustard and Honey,"[{""quantity"": ""1/4"", ""unit"": ""cup"", ""name"": ""mustard""}, {""quantity"": ""1/4"", ""unit"": ""cup"", ""name"": ""honey""}, {""quantity"": ""1/3"", ""unit"": ""cup"", ""name"": ""corn oil""}, {""quantity"": ""1 1/4"", ""unit"": ""kg"", ""name"": ""potatoes""}, {""quantity"": ""2"", ""unit"": ""medium"", ""name"": ""onions""}, {""name"": ""salt and pepper""}]",4.0,422,497.9,19.1,2.5,0.0,198.4,78.0,8.4,22.3,7.7
7581,Microwave Cornbread,"[{""quantity"": ""1"", ""unit"": ""cup"", ""name"": ""cornmeal""}, {""quantity"": ""1"", ""unit"": ""cup"", ""name"": ""all-purpose flour""}, {""quantity"": ""1"", ""unit"": ""tablespoon"", ""name"": ""baking powder""}, {""quantity"": ""1"", ""unit"": ""teaspoon"", ""name"": ""salt""}, {""quantity"": ""1/3"", ""unit"": ""cup"", ""name"": ""canola oil""}, {""quantity"": ""1"", ""unit"": ""cup"", ""name"": ""milk""}, {""quantity"": ""2"", ""unit"": ""large"", ""name"": ""eggs""}]",6.0,114,308.1,16.2,2.4,76.2,619.9,34.1,2.0,0.3,7.2
7636,Chicken With Pepper and Pineapple - Crock Pot,"[{""quantity"": ""1"", ""unit"": ""lb"", ""name"": ""boneless skinless chicken breast"", ""description"": ""cut into 1 1/2 inch pieces""}, {""quantity"": ""4"", ""unit"": ""medium"", ""name"": ""carrots"", ""description"": ""cut into 1 inch pieces""}, {""quantity"": ""1/2"", ""unit"": ""cup"", ""name"": ""chicken broth""}, {""quantity"": ""1"", ""unit"": ""tablespoon"", ""name"": ""finely chopped gingerroot""}, {""quantity"": ""1"", ""unit"": ""tablespoon"", ""name"": ""packed brown sugar""}, {""quantity"": ""2"", ""unit"": ""tablespoons"", ""name"": ""soy sauce""}, {""quantity"": ""1/2"", ""unit"": ""teaspoon"", ""name"": ""ground allspice""}, {""quantity"": ""1/2"", ""unit"": ""teaspoon"", ""name"": ""red pepper sauce (tabasco)""}, {""quantity"": ""1"", ""unit"": ""tablespoon"", ""name"": ""cornstarch""}, {""quantity"": ""1"", ""unitQuantity"": ""8"", ""unitUnit"": ""ounce"", ""unit"": ""can"", ""name"": ""pineapple chunks in juice"", ""description"": ""drained and juice reserved""}, {""quantity"": ""1"", ""unit"": ""medium"", ""name"": ""red bell pepper"", ""description"": ""cut into 1 inch pieces - 1 cup""}]",,205,230.5,3.4,0.7,72.6,788.6,22.8,3.0,16.0,26.8
7670,Cornbread Taco Bake,"[{""quantity"": ""1"", ""unit"": ""lb"", ""name"": ""ground beef""}, {""quantity"": ""1"", ""unitQuantity"": ""1"", ""unitUnit"": ""ounce"", ""unit"": ""package"", ""name"": ""taco seasoning""}, {""quantity"": ""1/2"", ""unit"": ""cup"", ""name"": ""water""}, {""quantity"": ""1"", ""unitQuantity"": ""15"", ""unitUnit"": ""ounce"", ""unit"": ""can"", ""name"": ""corn"", ""description"": ""drained""}, {""quantity"": ""1/2"", ""unit"": ""cup"", ""name"": ""green pepper"", ""description"": ""chopped""}, {""quantity"": ""1"", ""unitQuantity"": ""8"", ""unitUnit"": ""ounce"", ""unit"": ""can"", ""name"": ""tomato sauce""}, {""quantity"": ""1"", ""unitQuantity"": ""8 1/2"", ""unitUnit"": ""ounce"", ""unit"": ""package"", ""name"": ""Jiffy cornbread mix""}, {""quantity"": ""1"", ""unitQuantity"": ""2 7/8"", ""unitUnit"": ""ounce"", ""unit"": ""can"", ""name"": ""French-fried onions""}, {""quantity"": ""1/3"", ""unit"": ""cup"", ""name"": ""shredded cheddar cheese""}]",4.0,401,666.8,29.2,10.7,88.2,1677.5,72.3,9.0,9.1,32.2
7718,Easy German Chocolate Cake,"[{""quantity"": ""1"", ""unitQuantity"": ""18 1/4"", ""unitUnit"": ""ounce"", ""unit"": ""package"", ""name"": ""German chocolate cake mix""}, {""quantity"": ""1 1/4"", ""unit"": ""cups"", ""name"": ""water (or as called for by cake mix)""}, {""quantity"": ""3"", ""unit"": ""large"", ""name"": ""eggs (or as called for by cake mix)""}, {""quantity"": ""1/3"", ""unit"": ""cup"", ""name"": ""oil (or as called for by cake mix)""}, {""quantity"": ""1"", ""unitQuantity"": ""12"", ""unitUnit"": ""ounce"", ""unit"": ""can"", ""name"": ""sweetened condensed milk""}, {""quantity"": ""1"", ""unitQuantity"": ""12"", ""unitUnit"": ""ounce"", ""unit"": ""jar"", ""name"": ""caramel ice cream topping""}, {""quantity"": ""1"", ""unitQuantity"": ""8"", ""unitUnit"": ""ounce"", ""unit"": ""container"", ""name"": ""Cool Whip""}, {""quantity"": ""2/3"", ""unit"": ""cup"", ""name"": ""coconut""}, {""quantity"": ""1/2"", ""unit"": ""cup"", ""name"": ""pecan pieces""}]",,207,800.8,37.5,16.9,94.2,663.2,113.8,4.5,62.6,10.4
7738,Bankruptcy Beef Stew,"[{""quantity"": ""2"", ""unit"": ""lbs"", ""name"": ""round steaks (chopped into bite size pieces)""}, {""quantity"": ""1/2"", ""unit"": ""cup"", ""name"": ""water""}, {""quantity"": ""1/2"", ""unit"": ""cup"", ""name"": ""tomato sauce""}, {""quantity"": ""4"", ""unit"": ""large"", ""name"": ""potatoes (peeled and cubed)""}, {""quantity"": ""1"", ""name"": ""green pepper (chopped)""}, {""quantity"": ""1"", ""name"": ""celery ("", ""description"": ""sliced)""}, {""quantity"": ""3"", ""name"": ""carrots (thinly sliced)""}, {""quantity"": ""1"", ""name"": ""yellow onion (chopped)""}, {""quantity"": ""1"", ""unit"": ""teaspoon"", ""name"": ""dried parsley""}, {""quantity"": ""1"", ""name"": ""bay leaf""}, {""name"": ""salt and pepper""}]",,512,764.7,26.8,10.5,165.6,352.6,74.8,11.0,8.4,55.9
7795,Tangy Chicken Fajitas,"[{""quantity"": ""3 -4"", ""name"": ""skinless chicken"", ""description"": ""boneless chicken breasts""}, {""name"": ""cayenne pepper"", ""description"": ""to taste""}, {""name"": ""Italian dressing"", ""description"": ""enough to cover chicken""}, {""quantity"": ""2"", ""name"": ""bell peppers""}, {""quantity"": ""1"", ""name"": ""red onion""}, {""name"": ""oil""}, {""quantity"": ""6 -8"", ""name"": ""tortillas""}, {""name"": ""shredded cheese""}, {""name"": ""sour cream""}]",,257,563.9,12.9,3.3,109.7,765.9,59.5,4.7,4.6,49.5
8017,Easy Ricotta Spaghetti,"[{""quantity"": ""1 1/2"", ""unit"": ""lbs"", ""name"": ""hamburger meat""}, {""quantity"": ""3"", ""unit"": ""tablespoons"", ""name"": ""sausage drippings""}, {""quantity"": ""1"", ""unitQuantity"": ""26"", ""unitUnit"": ""ounce"", ""unit"": ""jar"", ""name"": ""prepared spaghetti sauce (I use Ragu Parmesan and Romano or make your own)""}, {""quantity"": ""2"", ""unit"": ""tablespoons"", ""name"": ""brown sugar""}, {""quantity"": ""8"", ""unit"": ""ounces"", ""name"": ""spaghetti"", ""description"": ""cooked""}, {""quantity"": ""1"", ""unit"": ""cup"", ""name"": ""ricotta cheese""}, {""name"": ""parmesan cheese""}]",4.0,396,854.5,39.0,15.9,147.0,1107.4,73.1,2.6,25.1,49.8
8369,Butterscotch Pie,"[{""quantity"": ""1"", ""unit"": ""cup"", ""name"": ""brown sugar""}, {""quantity"": ""1/4-1/3"", ""unit"": ""cup"", ""name"": ""margarine""}, {""quantity"": ""1/4"", ""unit"": ""cup"", ""name"": ""brown sugar""}, {""quantity"": ""3 1/2"", ""unit"": ""tablespoons"", ""name"": ""cornstarch""}, {""quantity"": ""1/4"", ""unit"": ""teaspoon"", ""name"": ""salt""}, {""quantity"": ""1"", ""unit"": ""can"", ""name"": ""evaporated milk"", ""description"": ""heated""}, {""quantity"": ""2"", ""name"": ""eggs"", ""description"": ""separated""}, {""quantity"": ""1 1/2"", ""unit"": ""cups"", ""name"": ""milk""}, {""quantity"": ""2"", ""unit"": ""tablespoons"", ""name"": ""sugar""}, {""quantity"": ""1"", ""name"": ""pie shell"", ""description"": ""baked""}]",8.0,128,351.0,14.2,4.0,59.3,288.4,52.3,0.9,36.4,4.5
8599,Chicken & rice (Arroz con pollo),"[{""quantity"": ""3"", ""unit"": ""tablespoons"", ""name"": ""olive oil""}, {""quantity"": ""4 -6"", ""name"": ""chicken pieces""}, {""quantity"": ""2"", ""unit"": ""tablespoons"", ""name"": ""adobo seasoning""}, {""quantity"": ""1 1/2"", ""unit"": ""teaspoons"", ""name"": ""minced garlic or 3 cloves garlic"", ""description"": ""minced""}, {""quantity"": ""1"", ""name"": ""onion"", ""description"": ""diced""}, {""quantity"": ""3/4"", ""unit"": ""cup"", ""name"": ""green pepper"", ""description"": ""diced""}, {""quantity"": ""1"", ""unit"": ""packet"", ""name"": ""sazon goya""}, {""quantity"": ""1"", ""unit"": ""packet"", ""name"": ""chicken bouillon""}, {""quantity"": ""3"", ""unit"": ""cups"", ""name"": ""water""}, {""quantity"": ""1 1/2"", ""unit"": ""cups"", ""name"": ""parboiled rice""}]",4.0,374,198.9,10.3,1.5,0.0,5.6,24.4,1.1,1.9,2.2
8697,Easy Hamburger Stroganoff,"[{""quantity"": ""1"", ""unit"": ""lb"", ""name"": ""ground beef""}, {""quantity"": ""1"", ""unit"": ""medium"", ""name"": ""onion (chopped)""}, {""quantity"": ""1/4"", ""unit"": ""cup"", ""name"": ""margarine or 1/4 cup butter""}, {""quantity"": ""2"", ""unit"": ""tablespoons"", ""name"": ""flour""}, {""quantity"": ""1"", ""unit"": ""teaspoon"", ""name"": ""salt""}, {""quantity"": ""1"", ""unit"": ""teaspoon"", ""name"": ""garlic powder""}, {""quantity"": ""1/4"", ""unit"": ""teaspoon"", ""name"": ""pepper""}, {""quantity"": ""1"", ""unitQuantity"": ""8"", ""unitUnit"": ""ounce"", ""unit"": ""can"", ""name"": ""sliced mushrooms""}, {""quantity"": ""1"", ""unit"": ""can"", ""name"": ""cream of mushroom soup""}, {""quantity"": ""1"", ""unit"": ""cup"", ""name"": ""sour cream""}, {""quantity"": ""2"", ""unit"": ""cups"", ""name"": ""hot"", ""description"": ""cooked noodles""}]",5.0,296,507.3,36.2,13.6,98.4,1100.3,22.8,1.5,4.6,23.1
8892,Annie's Turkey Salad,"[{""quantity"": ""6"", ""name"": ""eggs""}, {""quantity"": ""6"", ""unit"": ""cups"", ""name"": ""cooked turkey meat""}, {""quantity"": ""1"", ""unitQuantity"": ""16"", ""unitUnit"": ""ounce"", ""unit"": ""jar"", ""name"": ""sweet gherkins"", ""description"": ""chopped""}, {""quantity"": ""1"", ""unitQuantity"": ""15"", ""unitUnit"": ""ounce"", ""unit"": ""jar"", ""name"": ""prepared sandwich and salad sauce""}, {""quantity"": ""3/4"", ""unit"": ""cup"", ""name"": ""mayonnaise""}]",10.0,75,84.2,3.0,1.0,111.6,249.9,9.8,0.5,8.4,4.0
8913,Dairy-Free Low-Fat Pumpkin Pie,"[{""quantity"": ""1"", ""name"": "".5 (12 ounce) packages Mori-Nu extra firm lite tofu""}, {""quantity"": ""2"", ""unit"": ""cups"", ""name"": ""canned pumpkin or 2 cups cooked pumpkin""}, {""quantity"": ""2/3"", ""unit"": ""cup"", ""name"": ""honey or 2/3 cup maple syrup""}, {""quantity"": ""1"", ""unit"": ""teaspoon"", ""name"": ""vanilla""}, {""quantity"": ""1"", ""unit"": ""tablespoon"", ""name"": ""pumpkin pie spice (or 1 1/2 teaspoons ground cinnamon"", ""description"": ""3/4 teaspoon ground ginger, 1/4 teaspoon ground nutmeg, 1/4 teas)""}, {""quantity"": ""1"", ""name"": ""unbaked 9-inch pie crust""}]",8.0,115,224.4,7.7,2.0,0.0,266.0,39.0,2.8,25.4,2.2
8923,Cornmeal Scones,"[{""quantity"": ""2"", ""unit"": ""cups"", ""name"": ""all-purpose flour""}, {""quantity"": ""1/3"", ""unit"": ""cup"", ""name"": ""cornmeal""}, {""quantity"": ""1"", ""unit"": ""teaspoon"", ""name"": ""baking powder""}, {""quantity"": ""1/2"", ""unit"": ""teaspoon"", ""name"": ""baking soda""}, {""quantity"": ""1/2"", ""unit"": ""teaspoon"", ""name"": ""salt""}, {""quantity"": ""1/2"", ""unit"": ""cup"", ""name"": ""cold butter or 1/2 cup cold margarine"", ""description"": ""cut in 8 pieces""}, {""quantity"": ""3/4"", ""unit"": ""cup"", ""name"": ""buttermilk""}]",8.0,74,243.3,12.2,7.5,31.4,397.2,29.0,1.2,1.2,4.5
8980,Crumbed Fish With Super Tasty White Sauce,"[{""quantity"": ""1"", ""unit"": ""tablespoon"", ""name"": ""butter""}, {""quantity"": ""1"", ""unit"": ""tablespoon"", ""name"": ""plain flour""}, {""quantity"": ""1/2"", ""unit"": ""cup"", ""name"": ""milk""}, {""quantity"": ""1/2"", ""unit"": ""teaspoon"", ""name"": ""paprika""}, {""quantity"": ""4"", ""unit"": ""pieces"", ""name"": ""fish"", ""description"": ""cut in halfs""}, {""quantity"": ""1"", ""name"": ""egg""}, {""quantity"": ""1"", ""unit"": ""cup"", ""name"": ""stale breadcrumbs""}]",4.0,75,177.6,6.7,3.2,64.8,250.7,22.5,1.4,1.8,6.4
9009,Szechuan Fish,"[{""quantity"": ""1"", ""unit"": ""lb"", ""name"": ""red snapper (or other firm white fish) or 1 lb cod"", ""description"": ""cut onto 1 1/2\\\"" pieces (or other firm white fish)""}, {""quantity"": ""2"", ""name"": ""green onions"", ""description"": ""chopped""}, {""quantity"": ""3"", ""unit"": ""cloves"", ""name"": ""garlic"", ""description"": ""minced""}, {""quantity"": ""1"", ""unit"": ""cup"", ""name"": ""fish stock (or use chicken stock)""}, {""quantity"": ""3"", ""unit"": ""tablespoons"", ""name"": ""soy sauce""}, {""quantity"": ""1"", ""unit"": ""tablespoon"", ""name"": ""rice vinegar""}, {""quantity"": ""1"", ""unit"": ""tablespoon"", ""name"": ""ginger"", ""description"": ""grated""}, {""quantity"": ""1"", ""unit"": ""tablespoon"", ""name"": ""sherry wine""}, {""quantity"": ""1/2"", ""unit"": ""teaspoon"", ""name"": ""chili pepper"", ""description"": ""crushed""}]",4.0,216,157.7,2.1,0.5,42.6,920.7,3.5,0.5,0.6,26.5
9306,All Everything Dip,"[{""quantity"": ""1"", ""unitQuantity"": ""8"", ""unitUnit"": ""ounce"", ""unit"": ""bag"", ""name"": ""shredded mozzarella cheese""}, {""quantity"": ""1"", ""unitQuantity"": ""8"", ""unitUnit"": ""ounce"", ""unit"": ""bag"", ""name"": ""shredded sharp cheddar cheese""}, {""quantity"": ""2"", ""unit"": ""cups"", ""name"": ""mayonnaise""}, {""quantity"": ""1"", ""unitQuantity"": ""4"", ""unitUnit"": ""ounce"", ""unit"": ""can"", ""name"": ""green chilies (drained and chopped)""}, {""quantity"": ""1"", ""unit"": ""medium"", ""name"": ""onion (chopped fine)""}]",6.0,113,281.2,21.1,13.0,69.7,474.6,4.8,0.6,2.3,18.4
9309,Sausage Dressing,"[{""quantity"": ""1"", ""unit"": ""lb"", ""name"": ""sausage""}, {""quantity"": ""1"", ""unit"": ""large"", ""name"": ""white onion"", ""description"": ""diced""}, {""quantity"": ""5"", ""name"": ""celery ribs"", ""description"": ""diced""}, {""quantity"": ""5"", ""unit"": ""cups"", ""name"": ""cornbread""}, {""quantity"": ""3"", ""unit"": ""cups"", ""name"": ""white bread or 3 cups whole wheat bread"", ""description"": ""cubed""}, {""quantity"": ""1"", ""unit"": ""teaspoon"", ""name"": ""sage""}, {""quantity"": ""3 1/2-4"", ""unit"": ""cups"", ""name"": ""chicken broth""}, {""quantity"": ""2"", ""name"": ""eggs"", ""description"": ""beaten""}, {""name"": ""salt and pepper""}]",,189,263.2,18.6,6.2,85.8,977.9,11.2,1.0,2.2,11.8
9420,5-Ingredient Ham & Potato Casserole,"[{""quantity"": ""3"", ""unit"": ""cups"", ""name"": ""frozen O\\u0027Brien potatoes""}, {""quantity"": ""1"", ""unitQuantity"": ""10 3/4"", ""unitUnit"": ""ounce"", ""unit"": ""can"", ""name"": ""cream of celery soup""}, {""quantity"": ""1"", ""unit"": ""cup"", ""name"": ""sour cream""}, {""quantity"": ""1"", ""unit"": ""cup"", ""name"": ""cubed ham""}, {""quantity"": ""1"", ""unit"": ""cup"", ""name"": ""cheddar cheese""}]",,228,335.2,18.6,9.3,62.3,1285.7,29.5,0.5,3.0,13.4
9526,Succulent Prawns for the Barbie,"[{""quantity"": ""1/2"", ""unit"": ""cup"", ""name"": ""butter"", ""description"": ""melted""}, {""quantity"": ""1/4"", ""unit"": ""cup"", ""name"": ""olive oil""}, {""quantity"": ""1/4"", ""unit"": ""cup"", ""name"": ""minced fresh herb ("", ""description"": ""Parsley,Thyme,oregano etc.)""}, {""quantity"": ""3"", ""unit"": ""tablespoons"", ""name"": ""fresh lemon juice""}, {""quantity"": ""4"", ""name"": ""garlic cloves"", ""description"": ""crushed""}, {""quantity"": ""1"", ""unit"": ""tablespoon"", ""name"": ""minced shallot""}, {""name"": ""salt and pepper""}, {""quantity"": ""1"", ""unit"": ""kg"", ""name"": ""medium size prawns""}, {""quantity"": ""1"", ""name"": ""lettuce""}]",8.0,154,254.6,19.5,8.4,188.0,809.6,2.2,0.1,0.2,17.3
9563,Tuna Noodle Salad,"[{""quantity"": ""1"", ""unitQuantity"": ""6"", ""unitUnit"": ""ounce"", ""unit"": ""can"", ""name"": ""tuna""}, {""quantity"": ""1"", ""unit"": ""large"", ""name"": ""sweet onion""}, {""quantity"": ""1"", ""unitQuantity"": ""16"", ""unitUnit"": ""ounce"", ""unit"": ""box"", ""name"": ""elbow macaroni (bow ties for special occasions)""}, {""quantity"": ""4"", ""unit"": ""tablespoons"", ""name"": ""Miracle Whip (add more if desired)""}, {""quantity"": ""1"", ""unit"": ""teaspoon"", ""name"": ""season salt""}, {""quantity"": ""1"", ""unit"": ""teaspoon"", ""name"": ""garlic powder""}, {""quantity"": ""1"", ""unitQuantity"": ""1"", ""unitUnit"": ""lb"", ""unit"": ""bag"", ""name"": ""baby carrots""}, {""quantity"": ""1"", ""unit"": ""cup"", ""name"": ""celery"", ""description"": ""chopped""}, {""quantity"": ""1"", ""unit"": ""cup"", ""name"": ""assorted cubed cheese""}]",8.0,204,283.7,2.0,0.5,8.1,56.2,51.9,3.2,4.7,13.4
9822,White Hot Chocolate,"[{""quantity"": ""2"", ""unit"": ""cups"", ""name"": ""heavy cream""}, {""quantity"": ""6"", ""unit"": ""cups"", ""name"": ""whole milk""}, {""quantity"": ""12"", ""unit"": ""ounces"", ""name"": ""white chocolate"", ""description"": ""finely chopped""}, {""quantity"": ""1"", ""unit"": ""teaspoon"", ""name"": ""pure vanilla extract""}, {""quantity"": ""1"", ""unit"": ""ounce"", ""name"": ""dark chocolate"", ""description"": ""piece""}]",,2312,565.2,43.5,26.5,108.7,140.4,36.7,0.7,34.5,9.9
9880,Orange Agent,"[{""quantity"": ""30"", ""unit"": ""ml"", ""name"": ""Southern Comfort""}, {""quantity"": ""30"", ""unit"": ""ml"", ""name"": ""Baileys Irish Cream""}]",1.0,60,186.4,5.0,3.0,18.3,29.3,6.6,0.0,6.2,0.9
9894,Mexican Spirals,"[{""quantity"": ""8"", ""unit"": ""ounces"", ""name"": ""cream cheese""}, {""quantity"": ""1"", ""unit"": ""cup"", ""name"": ""diced cooked chicken""}, {""quantity"": ""1/4"", ""unit"": ""lb"", ""name"": ""monterey jack cheese"", ""description"": ""shredded""}, {""quantity"": ""1/4"", ""unit"": ""cup"", ""name"": ""chopped fresh coriander or 1 teaspoon dried coriander""}, {""quantity"": ""2"", ""unit"": ""tablespoons"", ""name"": ""diced fresh jalapeno peppers or 2 tablespoons diced canned jalapeno peppers""}, {""quantity"": ""2"", ""unit"": ""teaspoons"", ""name"": ""ground cumin""}, {""quantity"": ""3"", ""unitQuantity"": ""10"", ""unitUnit"": ""inch"", ""name"": ""flour tortillas""}, {""name"": ""vegetable oil""}, {""name"": ""salsa""}, {""name"": ""sour cream""}]",,710,422.2,27.8,14.4,91.3,558.0,24.1,1.5,2.5,18.9
9930,White Chocolate Pineapple Balls,"[{""quantity"": ""225"", ""unit"": ""g"", ""name"": ""glace pineapple (slices)""}, {""quantity"": ""1/2"", ""unit"": ""cup"", ""name"": ""icing sugar""}, {""quantity"": ""1/2"", ""unit"": ""teaspoon"", ""name"": ""coconut essence""}, {""quantity"": ""1"", ""unit"": ""teaspoon"", ""name"": ""vanilla essence""}, {""quantity"": ""1"", ""unit"": ""cup"", ""name"": ""white chocolate chips""}, {""quantity"": ""150"", ""unit"": ""g"", ""name"": ""butter""}, {""quantity"": ""1"", ""name"": ""egg""}, {""quantity"": ""3"", ""unit"": ""cups"", ""name"": ""Rice Krispies""}, {""quantity"": ""1 1/4"", ""unit"": ""cups"", ""name"": ""coconut""}]",,623,83.3,6.2,4.3,13.9,48.0,6.5,0.5,4.4,0.8
9975,Joe's Lemonade Chicken,"[{""quantity"": ""3"", ""unit"": ""lbs"", ""name"": ""boneless chicken breasts""}, {""quantity"": ""1"", ""unit"": ""can"", ""name"": ""frozen lemonade"", ""description"": ""thawed""}, {""quantity"": ""1"", ""unit"": ""teaspoon"", ""name"": ""lemon pepper""}, {""name"": ""salt""}]",,225,522.6,21.1,6.1,145.3,145.9,34.4,0.1,32.9,47.5
10001,Easy Cinnamon Puff,"[{""quantity"": ""2"", ""unitQuantity"": ""1/8-1/4"", ""unitUnit"": ""cup"", ""unit"": ""tablespoons"", ""name"": ""butter"", ""description"": ""room temp""}, {""quantity"": ""1"", ""unit"": ""cup"", ""name"": ""sugar""}, {""quantity"": ""1"", ""unit"": ""teaspoon"", ""name"": ""vanilla extract""}, {""quantity"": ""2 1/2"", ""unit"": ""cups"", ""name"": ""all-purpose flour""}, {""quantity"": ""2"", ""unit"": ""teaspoons"", ""name"": ""baking powder""}, {""quantity"": ""1/8"", ""unit"": ""teaspoon"", ""name"": ""salt""}, {""quantity"": ""1"", ""unit"": ""cup"", ""name"": ""milk""}, {""quantity"": ""1/16-1/8"", ""name"": ""cup cup butter"", ""description"": ""melted""}, {""quantity"": ""1/2"", ""unit"": ""cup"", ""name"": ""firmly packed brown sugar""}, {""quantity"": ""1"", ""unit"": ""teaspoon"", ""name"": ""cinnamon""}]",,119,501.6,11.5,7.0,30.9,265.3,93.6,1.6,51.2,6.8
10030,Thumbprint Cookies,"[{""quantity"": ""1/2"", ""unit"": ""cup"", ""name"": ""margarine"", ""description"": ""soft""}, {""quantity"": ""1/4"", ""unit"": ""cup"", ""name"": ""sugar""}, {""quantity"": ""1/4"", ""unit"": ""cup"", ""name"": ""dark corn syrup""}, {""quantity"": ""1"", ""unit"": ""large"", ""name"": ""egg"", ""description"": ""separated""}, {""quantity"": ""1 1/4"", ""unit"": ""cups"", ""name"": ""unsifted flour""}, {""quantity"": ""1/2"", ""unit"": ""cup"", ""name"": ""pecans"", ""description"": ""finely chopped""}, {""name"": ""jelly or preserves""}]",24.0,21,94.1,5.7,0.9,8.8,52.7,10.1,0.4,3.1,1.2
10064,Stuffed Baked Tomatoes,"[{""quantity"": ""6"", ""unit"": ""medium"", ""name"": ""tomatoes""}, {""quantity"": ""3"", ""unit"": ""tablespoons"", ""name"": ""water""}, {""quantity"": ""1/2"", ""unit"": ""cup"", ""name"": ""onion"", ""description"": ""chopped""}, {""quantity"": ""1/2"", ""unit"": ""cup"", ""name"": ""red pepper"", ""description"": ""chopped""}, {""quantity"": ""2"", ""name"": ""jalapeno peppers"", ""description"": ""chopped""}, {""quantity"": ""1/2"", ""unit"": ""cup"", ""name"": ""green onion"", ""description"": ""chopped""}, {""quantity"": ""1"", ""unit"": ""cup"", ""name"": ""brown rice or 1 cup wild rice"", ""description"": ""cooked""}, {""quantity"": ""1/2"", ""unit"": ""cup"", ""name"": ""fresh parsley"", ""description"": ""chopped""}, {""quantity"": ""1"", ""unit"": ""tablespoon"", ""name"": ""soy sauce""}, {""quantity"": ""1"", ""unit"": ""tablespoon"", ""name"": ""basil""}, {""quantity"": ""1"", ""unit"": ""pinch"", ""name"": ""cayenne""}, {""quantity"": ""2"", ""unit"": ""tablespoons"", ""name"": ""parmesan cheese""}]",6.0,210,160.3,1.8,0.6,1.5,206.4,32.2,3.6,5.1,5.1
10119,Bacon Ranch Dressing,"[{""quantity"": ""3/4"", ""unit"": ""cup"", ""name"": ""low-sodium mayonnaise""}, {""quantity"": ""3"", ""unit"": ""tablespoons"", ""name"": ""fat-free buttermilk""}, {""quantity"": ""1 1/2"", ""unit"": ""teaspoons"", ""name"": ""sugar""}, {""quantity"": ""3/4"", ""unit"": ""teaspoon"", ""name"": ""vinegar""}, {""quantity"": ""3/4"", ""unit"": ""teaspoon"", ""name"": ""garlic powder""}, {""quantity"": ""3/4"", ""unit"": ""teaspoon"", ""name"": ""finely chopped fresh dill""}, {""quantity"": ""1"", ""unit"": ""teaspoon"", ""name"": ""finely chopped fresh parsley""}, {""quantity"": ""1/2"", ""unit"": ""teaspoon"", ""name"": ""onion powder""}, {""quantity"": ""1/4"", ""unit"": ""teaspoon"", ""name"": ""salt substitute""}, {""quantity"": ""1/4"", ""unit"": ""teaspoon"", ""name"": ""paprika""}, {""quantity"": ""3 -4"", ""unit"": ""slices"", ""name"": ""reduced-sodium bacon"", ""description"": ""crumbled""}]",4.0,10,127.2,9.1,3.0,23.9,224.6,2.6,0.1,1.8,8.2
10229,Traditional Migas,"[{""quantity"": ""2"", ""unit"": ""teaspoons"", ""name"": ""butter""}, {""quantity"": ""4"", ""name"": ""eggs"", ""description"": ""lightly beaten""}, {""quantity"": ""2"", ""unit"": ""dashes"", ""name"": ""Tabasco sauce""}, {""quantity"": ""2"", ""unit"": ""teaspoons"", ""name"": ""onions"", ""description"": ""chopped""}, {""quantity"": ""1/2"", ""unit"": ""cup"", ""name"": ""cheddar cheese"", ""description"": ""grated""}, {""quantity"": ""2"", ""unit"": ""teaspoons"", ""name"": ""green peppers"", ""description"": ""chopped""}, {""name"": ""tostados"", ""description"": ""crumbled""}]",2.0,139,292.4,22.7,11.5,411.7,353.0,1.5,0.1,0.7,19.7
10265,Fig-Walnut Sweet Potato Casserole Boats,"[{""quantity"": ""4"", ""unit"": ""medium"", ""name"": ""sweet potatoes""}, {""quantity"": ""8"", ""name"": ""dried figs""}, {""quantity"": ""1/4-1/2"", ""unit"": ""cup"", ""name"": ""chopped walnuts""}, {""quantity"": ""1"", ""unit"": ""cup"", ""name"": ""corn syrup or 1 cup maple syrup""}, {""quantity"": ""1"", ""unit"": ""teaspoon"", ""name"": ""vinegar""}, {""quantity"": ""1/2"", ""unit"": ""cup"", ""name"": ""brown sugar""}, {""quantity"": ""1/2"", ""unit"": ""teaspoon"", ""name"": ""salt""}, {""quantity"": ""4"", ""unit"": ""teaspoons"", ""name"": ""butter""}]",,132,556.7,8.8,2.9,10.1,403.3,123.6,6.0,60.6,3.8
10299,"Sausage, Peppers and Pasta Casserole","[{""name"": ""pasta dough or 1 lb spaghetti""}, {""quantity"": ""3"", ""unit"": ""cups"", ""name"": ""Perruso\\u0027s spaghetti and meatballs sauce (or your own recipe)""}, {""quantity"": ""1"", ""unit"": ""lb"", ""name"": ""sweet Italian sausage link"", ""description"": ""casings removed""}, {""quantity"": ""1"", ""unit"": ""lb"", ""name"": ""hot Italian sausage"", ""description"": ""casings removed""}, {""quantity"": ""3"", ""name"": ""green peppers"", ""description"": ""cored,seeded and sliced lengthwise""}, {""quantity"": ""1"", ""unitQuantity"": ""7"", ""unitUnit"": ""ounce"", ""unit"": ""jar"", ""name"": ""roasted red peppers"", ""description"": ""drained and skiced lengthwise""}, {""quantity"": ""1"", ""unitQuantity"": ""8"", ""unitUnit"": ""ounce"", ""unit"": ""package"", ""name"": ""mozzarella cheese"", ""description"": ""cut into 1/2 inch cubes""}, {""quantity"": ""1/2"", ""unit"": ""teaspoon"", ""name"": ""red pepper flakes (or more if you like)""}]",8.0,211,489.2,37.5,14.6,87.1,1888.7,8.6,1.2,2.4,28.6
10311,Annette Funicello's Peanut Butter Chocolate Chip Cookies,"[{""quantity"": ""2"", ""unit"": ""cups"", ""name"": ""unsifted flour""}, {""quantity"": ""1"", ""unit"": ""cup"", ""name"": ""sugar""}, {""quantity"": ""1/2"", ""unit"": ""teaspoon"", ""name"": ""baking soda""}, {""quantity"": ""1/4"", ""unit"": ""teaspoon"", ""name"": ""salt""}, {""quantity"": ""1/2"", ""unit"": ""cup"", ""name"": ""corn oil margarine"", ""description"": ""softened (1 stick)""}, {""quantity"": ""1/2"", ""unit"": ""cup"", ""name"": ""Skippy creamy peanut butter (or Trader Joe\\u0027s Almond Butter) or 1/2 cup chunky peanut butter (or Trader Joe\\u0027s Almond Butter)""}, {""quantity"": ""2"", ""name"": ""eggs""}, {""quantity"": ""1"", ""unit"": ""tablespoon"", ""name"": ""water""}, {""quantity"": ""1"", ""unit"": ""teaspoon"", ""name"": ""vanilla""}, {""quantity"": ""6"", ""unit"": ""ounces"", ""name"": ""semi-sweet chocolate chips""}]",,872,1137.5,56.1,10.8,141.0,1004.0,139.4,4.8,71.2,23.9
10343,Chipotle-Cheddar Mashed Potatoes,"[{""quantity"": ""1"", ""unitQuantity"": ""7"", ""unitUnit"": ""ounce"", ""unit"": ""can"", ""name"": ""chipotle chiles in adobo""}, {""quantity"": ""4"", ""unit"": ""lbs"", ""name"": ""cubed"", ""description"": ""peeled yukon gold potatoes""}, {""quantity"": ""6"", ""unit"": ""cloves"", ""name"": ""garlic"", ""description"": ""peeled""}, {""quantity"": ""1 1/2"", ""unit"": ""cups"", ""name"": ""shredded reduced-fat sharp cheddar cheese""}, {""quantity"": ""3/4"", ""unit"": ""cup"", ""name"": ""2% low-fat milk or 3/4 cup 1% low-fat milk""}, {""quantity"": ""3"", ""unit"": ""tablespoons"", ""name"": ""butter"", ""description"": ""softened""}, {""quantity"": ""1"", ""unit"": ""teaspoon"", ""name"": ""salt""}]",12.0,186,191.4,4.3,2.7,11.8,313.2,31.9,2.8,2.2,6.9
10350,Crock Pot Caramel Apples,"[{""quantity"": ""2"", ""unitQuantity"": ""14"", ""unitUnit"": ""ounce"", ""unit"": ""packages"", ""name"": ""caramel candies""}, {""quantity"": ""1/4"", ""unit"": ""cup"", ""name"": ""water""}, {""quantity"": ""8"", ""name"": ""apples""}]",8.0,289,453.8,8.3,2.5,7.0,246.5,96.1,3.3,79.8,5.0
10487,Crock Pot Autumn Chicken,"[{""quantity"": ""2"", ""unit"": ""large"", ""name"": ""chicken breasts or 4 small chicken breasts""}, {""quantity"": ""2"", ""name"": ""parsnips""}, {""quantity"": ""2"", ""name"": ""carrots""}, {""quantity"": ""1"", ""name"": ""acorn squash""}, {""quantity"": ""1"", ""unitQuantity"": ""14 1/2"", ""unitUnit"": ""ounce"", ""unit"": ""can"", ""name"": ""chicken broth""}, {""quantity"": ""4"", ""name"": ""garlic cloves"", ""description"": ""coarsely minced""}, {""name"": ""salt""}, {""name"": ""pepper""}, {""name"": ""nutmeg""}, {""name"": ""honey""}]",4.0,340,202.5,7.5,2.1,46.4,408.8,15.6,2.5,1.8,18.7
10563,Corn Masa,"[{""quantity"": ""3/4"", ""unit"": ""cup"", ""name"": ""lard""}, {""quantity"": ""2 1/2"", ""unit"": ""cups"", ""name"": ""masa harina""}, {""quantity"": ""1"", ""unit"": ""teaspoon"", ""name"": ""fine sea salt""}, {""quantity"": ""1/4"", ""unit"": ""teaspoon"", ""name"": ""baking powder""}, {""quantity"": ""1 1/2"", ""unit"": ""cups"", ""name"": ""warm chicken broth or 1 1/2 cups warm water""}]",,812,828.4,55.5,20.8,48.7,1191.8,73.0,0.0,0.3,11.3
10709,Melon and Raspberry Compote,"[{""quantity"": ""3"", ""unit"": ""cups"", ""name"": ""cubed"", ""description"": ""peeled cantaloupe""}, {""quantity"": ""1 1/2"", ""unit"": ""cups"", ""name"": ""fresh raspberries""}, {""quantity"": ""1/2"", ""unit"": ""cup"", ""name"": ""apple juice""}, {""quantity"": ""3"", ""unit"": ""tablespoons"", ""name"": ""lime juice""}, {""quantity"": ""3"", ""unit"": ""tablespoons"", ""name"": ""honey""}, {""name"": ""lime slice""}]",6.0,160,86.8,0.4,0.1,0.0,14.3,21.9,2.8,18.6,1.1
10762,Zurichgeschnetzeltes-or-diced chicken,"[{""quantity"": ""500"", ""unit"": ""g"", ""name"": ""chicken breasts"", ""description"": ""diced""}, {""quantity"": ""200"", ""unit"": ""g"", ""name"": ""mushrooms"", ""description"": ""diced""}, {""quantity"": ""1"", ""unit"": ""teaspoon"", ""name"": ""lemon juice""}, {""quantity"": ""1"", ""unit"": ""teaspoon"", ""name"": ""oil""}, {""quantity"": ""1/4"", ""unit"": ""cup"", ""name"": ""white wine""}, {""quantity"": ""1/4"", ""unit"": ""cup"", ""name"": ""cream""}, {""quantity"": ""2"", ""unit"": ""teaspoons"", ""name"": ""cream""}, {""name"": ""salt and pepper""}]",2.0,389,592.2,36.4,13.7,198.7,174.4,4.3,0.7,1.5,55.1
10767,Chocolate Surprise Cake,"[{""quantity"": ""2"", ""unit"": ""ounces"", ""name"": ""unsweetened chocolate""}, {""quantity"": ""4"", ""unit"": ""tablespoons"", ""name"": ""butter""}, {""quantity"": ""1 1/2"", ""unit"": ""cups"", ""name"": ""sugar""}, {""quantity"": ""2"", ""unit"": ""cups"", ""name"": ""sifted flour""}, {""quantity"": ""4"", ""unit"": ""teaspoons"", ""name"": ""baking powder""}, {""quantity"": ""1/2"", ""unit"": ""teaspoon"", ""name"": ""salt""}, {""quantity"": ""1"", ""unit"": ""cup"", ""name"": ""milk""}, {""quantity"": ""2"", ""unit"": ""teaspoons"", ""name"": ""vanilla""}, {""quantity"": ""1/2"", ""unit"": ""cup"", ""name"": ""brown sugar""}, {""quantity"": ""1/4"", ""unit"": ""cup"", ""name"": ""cocoa powder""}, {""quantity"": ""1"", ""unit"": ""cup"", ""name"": ""cold coffee""}]",9.0,145,380.1,10.0,6.1,17.4,347.9,71.6,2.6,45.4,5.1
10811,Eileen's 7-Up Salad,"[{""quantity"": ""1"", ""unit"": ""cup"", ""name"": ""7-Up soda""}, {""quantity"": ""2"", ""unit"": ""cups"", ""name"": ""small marshmallows""}, {""quantity"": ""1"", ""unitQuantity"": ""3"", ""unitUnit"": ""ounce"", ""unit"": ""package"", ""name"": ""lime Jell-O gelatin""}, {""quantity"": ""8"", ""unit"": ""ounces"", ""name"": ""cream cheese""}, {""quantity"": ""1"", ""unitQuantity"": ""14"", ""unitUnit"": ""ounce"", ""unit"": ""can"", ""name"": ""crushed pineapple"", ""description"": ""with juuice""}, {""quantity"": ""1"", ""unit"": ""cup"", ""name"": ""whipping cream"", ""description"": ""whipped""}, {""quantity"": ""1/2"", ""unit"": ""cup"", ""name"": ""Miracle Whip""}]",6.0,236,431.9,27.9,17.4,95.9,210.8,43.0,0.6,35.2,5.4
10928,Cottage Scrambled Eggs,"[{""quantity"": ""3"", ""name"": ""eggs""}, {""quantity"": ""1/4"", ""unit"": ""cup"", ""name"": ""cottage cheese""}, {""name"": ""salt and pepper""}, {""name"": ""butter""}]",2.0,101,133.0,8.3,2.8,283.5,202.1,1.4,0.0,1.0,12.3
10935,Chocolate Orange Fudge,"[{""quantity"": ""2 1/2"", ""unit"": ""cups"", ""name"": ""semi-sweet chocolate chips""}, {""quantity"": ""1"", ""unitQuantity"": ""14"", ""unitUnit"": ""ounce"", ""unit"": ""can"", ""name"": ""sweetened condensed milk""}, {""quantity"": ""1/2"", ""unit"": ""cup"", ""name"": ""chopped almonds""}, {""quantity"": ""1"", ""unit"": ""teaspoon"", ""name"": ""grated orange rind""}]",,888,102.8,5.5,2.8,3.8,21.8,13.7,0.9,12.4,1.8
11042,Quick and Light Fettuccine Primavera,"[{""quantity"": ""12"", ""unit"": ""ounces"", ""name"": ""fettuccine (try spinach or other flavors)""}, {""quantity"": ""1"", ""unitQuantity"": ""16"", ""unitUnit"": ""ounce"", ""unit"": ""package"", ""name"": ""frozen mixed vegetables (choose your favorite)""}, {""quantity"": ""1"", ""unit"": ""teaspoon"", ""name"": ""butter or 1 teaspoon margarine""}, {""quantity"": ""1"", ""unit"": ""cup"", ""name"": ""evaporated skim milk""}, {""quantity"": ""1/4"", ""unit"": ""cup"", ""name"": ""shredded parmesan cheese""}, {""name"": ""fresh ground pepper""}]",6.0,188,329.0,4.9,1.9,54.9,168.4,56.9,5.2,6.0,15.7
11087,Challah (Braided Egg Bread),"[{""quantity"": ""8 -9"", ""unit"": ""cups"", ""name"": ""flour""}, {""quantity"": ""3/4-1"", ""unit"": ""cup"", ""name"": ""sugar (or \u00be cup honey)""}, {""quantity"": ""1"", ""unit"": ""tablespoon"", ""name"": ""salt""}, {""quantity"": ""1"", ""unitQuantity"": ""2"", ""unitUnit"": ""ounce"", ""unit"": ""package"", ""name"": ""yeast""}, {""quantity"": ""2 1/2"", ""unit"": ""cups"", ""name"": ""lukewarm water ("", ""description"": ""or 2 cups only if using honey)""}, {""quantity"": ""1/2"", ""unit"": ""cup"", ""name"": ""oil""}, {""quantity"": ""5"", ""name"": ""eggs""}]",,2176,1431.5,36.7,6.0,232.5,1849.9,234.6,10.6,38.3,39.4
11157,Orange Chicken Stir-Fry,"[{""quantity"": ""1"", ""unit"": ""tablespoon"", ""name"": ""vegetable oil""}, {""quantity"": ""1"", ""unit"": ""lb"", ""name"": ""boneless skinless chicken breast"", ""description"": ""cut in 3-inch strips""}, {""quantity"": ""2"", ""unit"": ""cups"", ""name"": ""fresh broccoli florets or 2 cups fresh frozen broccoli florets""}, {""quantity"": ""2"", ""name"": ""garlic cloves"", ""description"": ""minced""}, {""quantity"": ""1"", ""unitQuantity"": ""10"", ""unitUnit"": ""ounce"", ""unit"": ""can"", ""name"": ""Campbell\\u0027s Cream of Chicken Soup or 1 (10 ounce) can low-fat cream of chicken soup""}, {""quantity"": ""1"", ""unitQuantity"": ""10"", ""unitUnit"": ""ounce"", ""unit"": ""can"", ""name"": ""mandarin orange segments""}, {""quantity"": ""1/4"", ""unit"": ""teaspoon"", ""name"": ""dried oregano flakes""}]",4.0,296,275.3,9.8,2.0,70.8,643.6,17.4,1.3,7.6,29.6
11183,Cucumber and Onion Salad,"[{""quantity"": ""2"", ""unit"": ""medium"", ""name"": ""cucumbers"", ""description"": ""sliced""}, {""quantity"": ""1"", ""unit"": ""small"", ""name"": ""onion"", ""description"": ""cut in quarters,then sliced""}, {""quantity"": ""3"", ""unit"": ""teaspoons"", ""name"": ""vinegar""}, {""quantity"": ""1"", ""unit"": ""teaspoon"", ""name"": ""salt""}, {""quantity"": ""4"", ""unit"": ""ounces"", ""name"": ""sour cream""}, {""quantity"": ""1/4"", ""unit"": ""teaspoon"", ""name"": ""paprika""}]",,135,95.0,6.5,4.0,13.2,600.9,8.6,1.1,3.3,2.1
11224,Chicekn & Bacon Quesadillas,"[{""quantity"": ""2"", ""unit"": ""slices"", ""name"": ""lean bacon (sliced into 1/2\\\"" pieces)""}, {""quantity"": ""2"", ""name"": ""flour tortillas (8\\\"" diameter)""}, {""name"": ""softened butter ("", ""description"": ""softened for lightly spreading on tortilla shells)""}, {""quantity"": ""1"", ""unit"": ""tablespoon"", ""name"": ""pico de gallo""}, {""quantity"": ""1/4"", ""unit"": ""cup"", ""name"": ""shredded colby-monterey jack cheese""}, {""name"": ""sour cream""}, {""name"": ""guacamole""}, {""name"": ""picante sauce or salsa""}, {""quantity"": ""2"", ""name"": ""cooked chicken breasts"", ""description"": ""cut into strips""}]",,394,999.0,60.5,21.0,241.6,1093.3,31.3,1.9,1.3,77.6
11281,T.G.I.F's Broccoli Cheese Soup,"[{""quantity"": ""4"", ""unit"": ""cups"", ""name"": ""chicken broth""}, {""quantity"": ""1"", ""unit"": ""cup"", ""name"": ""water""}, {""quantity"": ""1"", ""unit"": ""cup"", ""name"": ""half-and-half""}, {""quantity"": ""4"", ""unit"": ""slices"", ""name"": ""process American cheese (like Kraft)""}, {""quantity"": ""1/2"", ""unit"": ""cup"", ""name"": ""flour""}, {""quantity"": ""1/2"", ""unit"": ""teaspoon"", ""name"": ""dried onion flakes""}, {""quantity"": ""1/4"", ""unit"": ""teaspoon"", ""name"": ""black pepper""}, {""quantity"": ""4 1/2"", ""unit"": ""cups"", ""name"": ""broccoli florets"", ""description"": ""cut to bite size pieces""}, {""quantity"": ""1"", ""unit"": ""cup"", ""name"": ""shredded cheddar cheese""}, {""quantity"": ""3 -4"", ""unit"": ""teaspoons"", ""name"": ""minced fresh parsley""}]",6.0,345,270.1,16.8,10.1,46.8,949.6,14.9,0.3,2.1,15.6
11382,Cheesy Crock Pot Potatoes,"[{""quantity"": ""2 -3"", ""unit"": ""lbs"", ""name"": ""potatoes""}, {""quantity"": ""1"", ""unit"": ""small"", ""name"": ""onion"", ""description"": ""diced""}, {""quantity"": ""1"", ""unitQuantity"": ""10 1/2"", ""unitUnit"": ""ounce"", ""unit"": ""can"", ""name"": ""cream of chicken soup""}, {""quantity"": ""1"", ""unit"": ""cup"", ""name"": ""cheddar cheese""}, {""quantity"": ""1"", ""unit"": ""cup"", ""name"": ""sour cream""}, {""quantity"": ""1/4"", ""unit"": ""cup"", ""name"": ""butter"", ""description"": ""melted""}, {""quantity"": ""1"", ""unit"": ""teaspoon"", ""name"": ""salt""}, {""name"": ""pepper""}, {""name"": ""parsley""}]",,280,575.3,36.7,21.2,96.0,1440.8,48.6,5.3,5.1,14.9
11444,Vermont Maple Float,"[{""quantity"": ""6"", ""unit"": ""ounces"", ""name"": ""ice-cold milk""}, {""quantity"": ""1"", ""unit"": ""tablespoon"", ""name"": ""pure maple syrup""}, {""quantity"": ""1"", ""unit"": ""scoop"", ""name"": ""vanilla ice cream""}]",1.0,269,241.7,10.7,6.6,41.5,120.3,30.4,0.2,19.5,7.3
11469,Easy Cornbread Pudding,"[{""quantity"": ""2"", ""unit"": ""boxes"", ""name"": ""Jiffy cornbread mix""}, {""quantity"": ""1"", ""unitQuantity"": ""14"", ""unitUnit"": ""ounce"", ""unit"": ""can"", ""name"": ""creamed corn""}, {""quantity"": ""1"", ""unitQuantity"": ""14"", ""unitUnit"": ""ounce"", ""unit"": ""can"", ""name"": ""whole kernel corn""}, {""quantity"": ""1/2-1"", ""unit"": ""cup"", ""name"": ""butter"", ""description"": ""melted""}, {""quantity"": ""1"", ""unitQuantity"": ""8"", ""unitUnit"": ""ounce"", ""unit"": ""carton"", ""name"": ""sour cream""}]",,119,246.3,18.5,11.3,43.7,417.6,20.6,1.7,3.0,3.4
11476,Sweet &amp; Sour Italian Sausage With Sauce,"[{""quantity"": ""8"", ""name"": ""Italian sausages (hot or mild)""}, {""quantity"": ""1 1/2"", ""unit"": ""cups"", ""name"": ""ketchup""}, {""quantity"": ""2"", ""unit"": ""tablespoons"", ""name"": ""honey""}, {""quantity"": ""1/2"", ""name"": ""green pepper"", ""description"": ""chopped""}, {""quantity"": ""1/2"", ""name"": ""onion"", ""description"": ""chopped""}, {""quantity"": ""3"", ""unit"": ""tablespoons"", ""name"": ""hot sauce""}, {""name"": ""salt and pepper""}, {""quantity"": ""1/2"", ""unit"": ""cup"", ""name"": ""mustard""}, {""quantity"": ""3"", ""unit"": ""tablespoons"", ""name"": ""brown sugar"", ""description"": ""to make it sweeter you can add""}, {""quantity"": ""1"", ""unitQuantity"": ""16"", ""unitUnit"": ""ounce"", ""unit"": ""package"", ""name"": ""Italian rolls (or whatever size you can find them in)""}]",,307,1037.4,51.6,17.0,94.6,4333.0,100.4,5.6,32.9,44.7
11530,Cheese and Egg Puffs,"[{""quantity"": ""6"", ""name"": ""eggs""}, {""quantity"": ""1"", ""unit"": ""medium"", ""name"": ""green pepper"", ""description"": ""chopped (1 cup)""}, {""quantity"": ""1"", ""unit"": ""medium"", ""name"": ""onion"", ""description"": ""chopped (1/2 cup)""}, {""quantity"": ""2"", ""unit"": ""tablespoons"", ""name"": ""butter""}, {""quantity"": ""2"", ""unit"": ""tablespoons"", ""name"": ""cornstarch""}, {""quantity"": ""1"", ""unitQuantity"": ""15"", ""unitUnit"": ""ounce"", ""unit"": ""can"", ""name"": ""tomato sauce""}, {""quantity"": ""1"", ""unitQuantity"": ""4"", ""unitUnit"": ""ounce"", ""unit"": ""can"", ""name"": ""sliced mushrooms"", ""description"": "", drained""}, {""quantity"": ""3/4"", ""unit"": ""cup"", ""name"": ""flour""}, {""quantity"": ""1 1/2"", ""unit"": ""teaspoons"", ""name"": ""baking powder""}, {""quantity"": ""1/2"", ""unit"": ""teaspoon"", ""name"": ""salt""}, {""quantity"": ""1 1/2"", ""unit"": ""cups"", ""name"": ""shredded cheddar cheese""}]",3.0,463,655.2,37.2,20.0,502.7,1868.4,48.1,4.6,10.4,33.7
11553,Cornmeal Pastry Crust,"[{""quantity"": ""1 1/2"", ""unit"": ""cups"", ""name"": ""all-purpose flour""}, {""quantity"": ""2"", ""unit"": ""cups"", ""name"": ""cornmeal""}, {""quantity"": ""1/4"", ""unit"": ""teaspoon"", ""name"": ""salt""}, {""quantity"": ""1/2"", ""unit"": ""cup"", ""name"": ""solid shortening""}, {""quantity"": ""1/2"", ""unit"": ""cup"", ""name"": ""ice water""}]",,654,1235.9,56.5,13.6,0.0,336.4,165.3,11.4,1.0,19.6
11603,Blue Cheese and Walnut Crumpets,"[{""quantity"": ""5"", ""unit"": ""ounces"", ""name"": ""Roquefort cheese"", ""description"": ""crumbled (or other creamy blue cheese)""}, {""quantity"": ""5"", ""unit"": ""teaspoons"", ""name"": ""unsalted butter""}, {""quantity"": ""4"", ""unit"": ""teaspoons"", ""name"": ""tawny port""}, {""quantity"": ""7"", ""unit"": ""teaspoons"", ""name"": ""chopped walnuts""}, {""quantity"": ""1/8"", ""unit"": ""teaspoon"", ""name"": ""salt""}, {""quantity"": ""8"", ""name"": ""crumpets or 8 English muffins"", ""description"": ""split""}, {""quantity"": ""16"", ""name"": ""walnut halves""}]",8.0,29,130.8,11.8,5.3,22.3,358.1,1.5,0.4,0.3,4.8
11635,Cinnamon Sugar Monkey Bread,"[{""quantity"": ""3"", ""unitQuantity"": ""10"", ""unitUnit"": ""count"", ""unit"": ""packages"", ""name"": ""biscuits (10 to a tube)""}, {""quantity"": ""2/3"", ""unit"": ""cup"", ""name"": ""sugar""}, {""quantity"": ""1"", ""unit"": ""teaspoon"", ""name"": ""cinnamon""}, {""quantity"": ""3/4-1 1/2"", ""unit"": ""cup"", ""name"": ""butter or 3/4-1 1/2 cup margarine"", ""description"": ""also called oleo""}, {""quantity"": ""1"", ""unit"": ""cup"", ""name"": ""brown sugar""}, {""quantity"": ""1"", ""unit"": ""teaspoon"", ""name"": ""cinnamon""}, {""quantity"": ""1/2"", ""unit"": ""cup"", ""name"": ""chopped nuts""}]",12.0,199,745.0,36.0,13.8,35.0,976.6,96.4,2.5,32.2,10.7
11688,The Unrouladen Rouladen for one or two,"[{""quantity"": ""2"", ""unitQuantity"": ""4"", ""unitUnit"": ""ounce"", ""unit"": ""slices"", ""name"": ""ready cut rouladen beef""}, {""quantity"": ""2"", ""unit"": ""cloves"", ""name"": ""garlic"", ""description"": ""crushed""}, {""quantity"": ""3"", ""unit"": ""tablespoons"", ""name"": ""onions"", ""description"": ""chopped""}, {""quantity"": ""2"", ""unit"": ""tablespoons"", ""name"": ""sun-dried tomatoes"", ""description"": ""olive oil packed,drained \\u0026 chopped""}, {""quantity"": ""4 -6"", ""unit"": ""medium"", ""name"": ""mushrooms"", ""description"": ""cleaned \\u0026 sliced""}, {""name"": ""salt \\u0026 pepper""}, {""quantity"": ""2"", ""unit"": ""tablespoons"", ""name"": ""hot chili sauce (less if so desired)""}, {""quantity"": ""2"", ""unit"": ""tablespoons"", ""name"": ""ketchup""}, {""quantity"": ""4"", ""unit"": ""tablespoons"", ""name"": ""tomato juice (or V8"", ""description"": ""clamato whatever)""}, {""quantity"": ""1"", ""unit"": ""teaspoon"", ""name"": ""Worcestershire sauce""}, {""quantity"": ""1"", ""unit"": ""teaspoon"", ""name"": ""black bean sauce""}, {""quantity"": ""1/4"", ""unit"": ""cup"", ""name"": ""red wine""}]",,148,150.4,0.7,0.1,0.0,1438.8,24.0,2.6,15.4,5.0
11749,Stuffed Chicken Breasts,"[{""quantity"": ""3"", ""unit"": ""lbs"", ""name"": ""boneless skinless chicken breasts""}, {""quantity"": ""1/2"", ""unit"": ""cup"", ""name"": ""fresh lemon juice""}, {""quantity"": ""8"", ""unit"": ""ounces"", ""name"": ""cream cheese""}, {""quantity"": ""1/3"", ""unit"": ""cup"", ""name"": ""green onion"", ""description"": ""chopped""}, {""quantity"": ""1/2"", ""unit"": ""teaspoon"", ""name"": ""dried tarragon""}, {""quantity"": ""1/2"", ""unit"": ""teaspoon"", ""name"": ""salt""}, {""quantity"": ""12"", ""unit"": ""slices"", ""name"": ""bacon""}]",6.0,307,596.5,36.4,15.8,204.1,832.0,3.5,0.2,0.7,60.7
11765,Baked Spareribs With Sauerkraut and Apples,"[{""quantity"": ""3"", ""unit"": ""lbs"", ""name"": ""spareribs""}, {""quantity"": ""1 1/2"", ""unit"": ""teaspoons"", ""name"": ""salt""}, {""quantity"": ""1/4"", ""unit"": ""teaspoon"", ""name"": ""pepper""}, {""quantity"": ""1"", ""unitQuantity"": ""32"", ""unitUnit"": ""ounce"", ""unit"": ""jar"", ""name"": ""sauerkraut (undrained)""}, {""quantity"": ""2"", ""unit"": ""teaspoons"", ""name"": ""firmly packed brown sugar""}, {""quantity"": ""2"", ""name"": ""tart apples"", ""description"": ""peeled and chopped""}, {""quantity"": ""1/2"", ""unit"": ""cup"", ""name"": ""chopped onion""}, {""quantity"": ""1/4"", ""unit"": ""cup"", ""name"": ""water""}]",5.0,567,1158.5,82.8,30.3,329.1,2214.1,19.2,6.3,11.6,81.1
12193,Pineapple Pudding Cake,"[{""quantity"": ""18"", ""unit"": ""ounces"", ""name"": ""yellow cake mix""}, {""quantity"": ""3"", ""name"": ""eggs (or as called for by your cake mix)""}, {""quantity"": ""1/3"", ""unit"": ""cup"", ""name"": ""oil (or as called for by your cake mix)""}, {""quantity"": ""1 1/3"", ""unit"": ""cups"", ""name"": ""water (or as called for by your cake mix)""}, {""quantity"": ""1"", ""unitQuantity"": ""4"", ""unitUnit"": ""ounce"", ""unit"": ""package"", ""name"": ""vanilla pudding mix""}, {""quantity"": ""1"", ""unitQuantity"": ""8"", ""unitUnit"": ""ounce"", ""unit"": ""can"", ""name"": ""crushed pineapple""}, {""quantity"": ""1/2"", ""unit"": ""cup"", ""name"": ""sugar""}, {""quantity"": ""1"", ""unitQuantity"": ""8"", ""unitUnit"": ""ounce"", ""unit"": ""container"", ""name"": ""Cool Whip""}]",,143,473.9,20.5,7.2,64.5,447.9,69.3,0.8,49.7,4.5
12248,Banoffi Pie,"[{""quantity"": ""1"", ""unit"": ""can"", ""name"": ""condensed milk"", ""description"": ""sweetened""}, {""quantity"": ""1"", ""unit"": ""cup"", ""name"": ""heavy whipping cream""}, {""quantity"": ""1"", ""unit"": ""teaspoon"", ""name"": ""sugar""}, {""quantity"": ""1/2"", ""unit"": ""teaspoon"", ""name"": ""instant coffee powder""}, {""quantity"": ""1 1/2"", ""unit"": ""lbs"", ""name"": ""bananas""}, {""quantity"": ""1"", ""name"": ""pie shell"", ""description"": ""baked""}]",,206,678.5,32.8,16.6,84.7,285.3,89.9,4.0,63.2,10.9
12292,Cheese-Ranch Chicken,"[{""quantity"": ""1"", ""unit"": ""cup"", ""name"": ""crushed buttery cracker""}, {""quantity"": ""3/4"", ""unit"": ""cup"", ""name"": ""grated parmesan cheese""}, {""quantity"": ""1"", ""unit"": ""envelope"", ""name"": ""ranch dressing mix""}, {""quantity"": ""6"", ""name"": ""skinless chicken breast halves"", ""description"": ""boneless (2lb.)""}, {""quantity"": ""1/2"", ""unit"": ""cup"", ""name"": ""butter"", ""description"": ""melted""}, {""name"": ""cooking spray""}]",,158,569.3,35.1,19.1,180.2,717.6,11.8,0.3,0.5,49.6
12322,Crock Pot Cranberry Chicken,"[{""quantity"": ""1"", ""unit"": ""cup"", ""name"": ""sliced onion""}, {""quantity"": ""12"", ""name"": ""skinless chicken thighs""}, {""quantity"": ""1"", ""unit"": ""cup"", ""name"": ""whole berry cranberry sauce""}, {""quantity"": ""1"", ""unit"": ""tablespoon"", ""name"": ""low-sodium beef bouillon cube""}, {""quantity"": ""1"", ""unit"": ""teaspoon"", ""name"": ""apple cider vinegar""}, {""quantity"": ""1"", ""unit"": ""teaspoon"", ""name"": ""prepared mustard""}, {""quantity"": ""1 1/2"", ""unit"": ""teaspoons"", ""name"": ""salt""}]",,158,268.0,5.0,1.3,102.1,1013.8,30.8,1.4,28.0,24.8
12347,Tender Crock Pot Chicken Curry,"[{""quantity"": ""1"", ""unit"": ""cup"", ""name"": ""chopped onion""}, {""quantity"": ""2"", ""unit"": ""medium"", ""name"": ""tomatoes"", ""description"": ""diced""}, {""quantity"": ""1"", ""unit"": ""medium"", ""name"": ""green pepper"", ""description"": ""chopped""}, {""quantity"": ""4"", ""unit"": ""cups"", ""name"": ""hot water""}, {""quantity"": ""3"", ""unit"": ""tablespoons"", ""name"": ""curry powder""}, {""quantity"": ""4"", ""unit"": ""teaspoons"", ""name"": ""low-sodium instant chicken bouillon granules""}, {""quantity"": ""1"", ""unit"": ""tablespoon"", ""name"": ""ketchup""}, {""quantity"": ""1/2"", ""unit"": ""teaspoon"", ""name"": ""salt""}, {""quantity"": ""1 1/2"", ""unit"": ""lbs"", ""name"": ""boneless skinless chicken thighs or 1 1/2 lbs boneless skinless chicken breasts""}]",,365,255.1,7.5,1.9,141.7,494.4,11.2,3.5,5.0,35.4
12365,Orange Angel Cake,"[{""quantity"": ""1"", ""unitQuantity"": ""16"", ""unitUnit"": ""ounce"", ""unit"": ""box"", ""name"": ""angel food cake mix""}, {""name"": ""orange juice (amount equal to water required on box mix)""}, {""quantity"": ""1/3"", ""unit"": ""cup"", ""name"": ""slivered almonds""}]",12.0,40,141.2,0.1,0.0,0.0,184.8,32.2,0.1,16.7,3.4
12366,Strawberry Pie,"[{""quantity"": ""1"", ""unitQuantity"": ""8"", ""unitUnit"": ""ounce"", ""unit"": ""package"", ""name"": ""cream cheese""}, {""quantity"": ""1/4"", ""unit"": ""cup"", ""name"": ""sugar""}, {""quantity"": ""1/2"", ""unit"": ""teaspoon"", ""name"": ""vanilla""}, {""quantity"": ""1"", ""unit"": ""cup"", ""name"": ""strawberry slices""}, {""quantity"": ""1"", ""unit"": ""cup"", ""name"": ""Cool Whip""}, {""quantity"": ""1/4"", ""unit"": ""cup"", ""name"": ""confectioners\\u0027 sugar""}]",7.0,78,199.9,14.1,9.5,35.6,98.9,16.6,0.5,15.0,2.7
12379,Strawberries with Balsamic Vinegar,"[{""quantity"": ""1"", ""unit"": ""lb"", ""name"": ""fresh strawberries""}, {""quantity"": ""1"", ""unit"": ""tablespoon"", ""name"": ""6 year old balsamic vinegar (12 year old balsamic vinegar is preferred)""}, {""quantity"": ""5"", ""unit"": ""large"", ""name"": ""fresh mint leaves"", ""description"": ""cut into thin strips""}, {""quantity"": ""2"", ""unit"": ""tablespoons"", ""name"": ""grenadine or 2 tablespoons creme de cassis""}, {""quantity"": ""12"", ""name"": ""vanilla wafer cookies""}]",6.0,97,101.2,2.6,0.6,0.0,39.9,19.3,1.8,7.2,1.0
12387,Mom's Cake,"[{""quantity"": ""1"", ""unitQuantity"": ""3 1/2"", ""unitUnit"": ""ounce"", ""unit"": ""package"", ""name"": ""chocolate pudding mix"", ""description"": ""cook and serve""}, {""quantity"": ""1"", ""unitQuantity"": ""18"", ""unitUnit"": ""ounce"", ""unit"": ""box"", ""name"": ""chocolate cake mix""}, {""quantity"": ""1"", ""unitQuantity"": ""12"", ""unitUnit"": ""ounce"", ""unit"": ""bag"", ""name"": ""chocolate chips""}, {""quantity"": ""1"", ""unit"": ""cup"", ""name"": ""chopped nuts""}]",24.0,45,208.8,10.6,3.6,0.0,229.8,29.6,2.0,17.9,2.9
12393,Scottish Beef in Whisky Sauce,"[{""quantity"": ""1 1/2"", ""unit"": ""lbs"", ""name"": ""sirloin steaks"", ""description"": ""preferably aberdeen angus""}, {""quantity"": ""1/2"", ""unit"": ""ounce"", ""name"": ""butter""}, {""quantity"": ""1"", ""unit"": ""large"", ""name"": ""onion"", ""description"": ""chopped""}, {""quantity"": ""3"", ""unit"": ""tablespoons"", ""name"": ""Scotch whisky (or whisky liqueur such as Drambuie)""}, {""quantity"": ""5"", ""unit"": ""tablespoons"", ""name"": ""double cream (heavy whipping cream)""}, {""name"": ""salt and pepper""}]",4.0,240,686.1,48.7,21.3,199.9,147.7,4.3,0.5,1.6,48.5
12416,Garlic-mushroom sauce (for pasta),"[{""quantity"": ""1"", ""unit"": ""lb"", ""name"": ""button mushroom"", ""description"": ""snipped into pieces""}, {""quantity"": ""2"", ""unit"": ""cloves"", ""name"": ""garlic""}, {""quantity"": ""1/4"", ""unit"": ""cup"", ""name"": ""chicken stock""}, {""quantity"": ""1/4"", ""unit"": ""cup"", ""name"": ""canned milk or 1/4 cup whipping cream""}, {""quantity"": ""1"", ""unit"": ""lb"", ""name"": ""cooked pasta (of your choice)""}]",,175,237.1,3.1,1.3,7.0,51.7,46.8,6.6,12.5,8.5
12477,Sauerkraut Chicken bake,"[{""quantity"": ""2"", ""unit"": ""tablespoons"", ""name"": ""butter or 2 tablespoons margarine""}, {""quantity"": ""1 1/2"", ""unit"": ""lbs"", ""name"": ""chicken"", ""description"": ""boneless,skinless breasts""}, {""quantity"": ""1"", ""unit"": ""large"", ""name"": ""onion"", ""description"": ""thinly sliced""}, {""quantity"": ""1"", ""unit"": ""cup"", ""name"": ""celery"", ""description"": ""sliced""}, {""quantity"": ""2"", ""name"": ""carrots""}, {""quantity"": ""3"", ""unit"": ""cloves"", ""name"": ""garlic""}, {""quantity"": ""1"", ""unitQuantity"": ""14"", ""unitUnit"": ""ounce"", ""unit"": ""can"", ""name"": ""Italian-style tomato sauce""}, {""quantity"": ""1"", ""unitQuantity"": ""12"", ""unitUnit"": ""ounce"", ""unit"": ""jar"", ""name"": ""wine cured sauerkraut"", ""description"": ""well drained (Bick\\u0027s is good)""}, {""quantity"": ""1/4"", ""unit"": ""cup"", ""name"": ""brown sugar""}, {""quantity"": ""2"", ""unit"": ""tablespoons"", ""name"": ""dried parsley flakes""}]",4.0,483,548.8,31.9,11.1,142.8,1373.3,31.4,6.4,23.1,35.2
12484,Easy Guacamole,"[{""quantity"": ""2"", ""name"": ""avocados""}, {""quantity"": ""1"", ""unit"": ""tablespoon"", ""name"": ""medium salsa""}, {""quantity"": ""1"", ""unit"": ""tablespoon"", ""name"": ""mayonnaise""}, {""quantity"": ""1"", ""unit"": ""teaspoon"", ""name"": ""onion powder""}, {""quantity"": ""1"", ""unit"": ""teaspoon"", ""name"": ""pepper""}, {""quantity"": ""1"", ""unit"": ""teaspoon"", ""name"": ""salt""}, {""quantity"": ""1"", ""unit"": ""teaspoon"", ""name"": ""lemon juice""}]",,72,165.7,14.8,2.1,0.0,613.0,9.8,7.0,0.9,2.2
12522,Ginger Chicken,"[{""quantity"": ""1"", ""unit"": ""cup"", ""name"": ""flour""}, {""quantity"": ""2"", ""unit"": ""teaspoons"", ""name"": ""salt""}, {""quantity"": ""2"", ""unit"": ""teaspoons"", ""name"": ""paprika""}, {""quantity"": ""1/4"", ""unit"": ""teaspoon"", ""name"": ""pepper""}, {""quantity"": ""2"", ""unit"": ""lbs"", ""name"": ""chicken"", ""description"": ""cut up into small pieces""}, {""quantity"": ""1/2"", ""unit"": ""cup"", ""name"": ""honey""}, {""quantity"": ""1/2"", ""unit"": ""cup"", ""name"": ""orange juice concentrate"", ""description"": ""thawed""}, {""quantity"": ""1"", ""unit"": ""teaspoon"", ""name"": ""ground ginger""}]",4.0,341,600.6,21.3,6.0,103.5,1263.3,73.3,1.7,48.3,30.1
12615,A Different Chicken Dish,"[{""quantity"": ""1/2"", ""unit"": ""cup"", ""name"": ""milk""}, {""quantity"": ""1"", ""unit"": ""can"", ""name"": ""French style green bean"", ""description"": ""drained""}, {""quantity"": ""8"", ""unit"": ""ounces"", ""name"": ""shredded sharp cheddar cheese""}, {""quantity"": ""1"", ""unit"": ""can"", ""name"": ""condensed golden mushroom soup""}, {""quantity"": ""4"", ""name"": ""chicken breasts"", ""description"": ""boneless skinless""}, {""quantity"": ""1"", ""unit"": ""can"", ""name"": ""French-fried onions""}, {""quantity"": ""1"", ""unit"": ""jar"", ""name"": ""Hormel dried beef""}, {""name"": ""garlic powder""}, {""name"": ""Tony Chachere\\u0027s Seasoning""}, {""name"": ""cooked rice (I like rice-a-roni"", ""description"": ""ck flav.)""}]",6.0,239,375.6,23.9,11.7,107.5,781.2,7.4,1.1,1.8,32.0
12727,Teensters Chili Dog Crepes,"[{""quantity"": ""10"", ""name"": ""cooked dinner crepes (separate posting)""}, {""quantity"": ""10"", ""name"": ""frankfurters""}, {""quantity"": ""1"", ""unitQuantity"": ""15"", ""unitUnit"": ""ounce"", ""unit"": ""can"", ""name"": ""chili with beans""}, {""quantity"": ""1"", ""unit"": ""small"", ""name"": ""onion""}, {""quantity"": ""2"", ""unit"": ""cups"", ""name"": ""grated cheese""}]",,1171,262.6,20.3,9.3,44.2,944.5,8.4,2.0,0.9,12.1
12842,Applesauce Cookies,"[{""quantity"": ""1 3/4"", ""unit"": ""cups"", ""name"": ""sifted flour""}, {""quantity"": ""1/2"", ""unit"": ""teaspoon"", ""name"": ""salt""}, {""quantity"": ""1"", ""unit"": ""teaspoon"", ""name"": ""cinnamon""}, {""quantity"": ""1/2"", ""unit"": ""teaspoon"", ""name"": ""nutmeg""}, {""quantity"": ""1/2"", ""unit"": ""teaspoon"", ""name"": ""clove""}, {""quantity"": ""1"", ""unit"": ""cup"", ""name"": ""canned applesauce""}, {""quantity"": ""1"", ""unit"": ""teaspoon"", ""name"": ""baking soda""}, {""quantity"": ""1/2"", ""unit"": ""cup"", ""name"": ""vegetable shortening""}, {""quantity"": ""1"", ""unit"": ""cup"", ""name"": ""sugar""}, {""quantity"": ""1"", ""name"": ""egg""}, {""quantity"": ""1"", ""unit"": ""cup"", ""name"": ""raisins or 1 cup nuts""}, {""quantity"": ""1"", ""unit"": ""cup"", ""name"": ""rolled oats""}]",,1065,292.0,9.7,2.7,17.6,215.8,49.2,2.0,24.0,3.9
12912,Veggie Sub,"[{""quantity"": ""2"", ""unit"": ""slices"", ""name"": ""whole wheat bread""}, {""quantity"": ""2"", ""unit"": ""tablespoons"", ""name"": ""ranch dressing""}, {""quantity"": ""2"", ""unit"": ""tablespoons"", ""name"": ""cream cheese""}, {""quantity"": ""2"", ""unit"": ""slices"", ""name"": ""tomatoes""}, {""quantity"": ""4"", ""unit"": ""slices"", ""name"": ""cucumbers""}, {""name"": ""alfalfa sprout (to your liking)""}, {""quantity"": ""1"", ""unit"": ""slice"", ""name"": ""swiss cheese""}, {""quantity"": ""1"", ""unit"": ""dash"", ""name"": ""pepper""}]",1.0,219,506.2,35.9,14.3,65.8,724.6,32.4,4.6,6.4,16.2
12971,Salmon Salad Pita Pockets,"[{""quantity"": ""2"", ""unitQuantity"": ""7 1/4"", ""unitUnit"": ""ounce"", ""unit"": ""cans"", ""name"": ""salmon"", ""description"": ""drained""}, {""quantity"": ""2"", ""unit"": ""tablespoons"", ""name"": ""light mayonnaise""}, {""quantity"": ""2"", ""unit"": ""tablespoons"", ""name"": ""light sour cream""}, {""quantity"": ""4"", ""unit"": ""teaspoons"", ""name"": ""chopped fresh dill or 1/4 teaspoon dried dill weed""}, {""quantity"": ""1"", ""unit"": ""tablespoon"", ""name"": ""lemon juice""}, {""quantity"": ""1"", ""unit"": ""pinch"", ""name"": ""cayenne pepper""}, {""quantity"": ""2"", ""name"": ""pita breads""}, {""quantity"": ""4"", ""name"": ""lettuce leaves""}, {""quantity"": ""1"", ""unitQuantity"": ""3"", ""unitUnit"": ""inch"", ""name"": ""English cucumbers"", ""description"": ""sliced""}, {""quantity"": ""1"", ""unit"": ""cup"", ""name"": ""alfalfa sprout""}]",4.0,211,244.6,7.2,1.5,58.2,301.5,19.9,1.1,1.5,23.9
12974,Penne Allarabiata,"[{""quantity"": ""1"", ""unit"": ""can"", ""name"": ""crushed or pureed tomatoes""}, {""quantity"": ""1"", ""unit"": ""tablespoon"", ""name"": ""olive oil""}, {""quantity"": ""1"", ""name"": ""fresh green chili""}, {""quantity"": ""1"", ""name"": ""onion"", ""description"": ""diced""}, {""quantity"": ""2 -3"", ""unit"": ""cloves"", ""name"": ""garlic"", ""description"": ""minced""}, {""quantity"": ""5"", ""unit"": ""slices"", ""name"": ""bacon"", ""description"": ""chopped into small pieces""}, {""quantity"": ""1"", ""unit"": ""tablespoon"", ""name"": ""dried basil""}, {""quantity"": ""2"", ""unit"": ""teaspoons"", ""name"": ""dried oregano""}, {""quantity"": ""1/2"", ""unit"": ""teaspoon"", ""name"": ""dried rosemary""}, {""name"": ""salt and pepper""}, {""name"": ""cayenne pepper or Tabasco sauce""}, {""name"": ""penne"", ""description"": ""enough for 4 people""}]",4.0,130,194.7,16.4,4.8,19.3,242.0,8.2,2.0,3.8,4.7
12982,Braised Shallots and Squash Stew,"[{""quantity"": ""2"", ""unit"": ""tablespoons"", ""name"": ""olive oil""}, {""quantity"": ""3"", ""unit"": ""cups"", ""name"": ""shallots"", ""description"": ""about 1 lb""}, {""quantity"": ""6"", ""name"": ""garlic cloves""}, {""quantity"": ""2"", ""unit"": ""tablespoons"", ""name"": ""all-purpose flour""}, {""quantity"": ""2"", ""unit"": ""teaspoons"", ""name"": ""crumbled dried sage""}, {""quantity"": ""4"", ""unit"": ""cups"", ""name"": ""cubed peeled squash (rutabaga or or and carrots may be substituted for squash)""}, {""quantity"": ""3"", ""unit"": ""cups"", ""name"": ""vegetable stock""}, {""quantity"": ""1/2"", ""unit"": ""cup"", ""name"": ""dry white wine""}, {""quantity"": ""1/4"", ""unit"": ""teaspoon"", ""name"": ""salt""}, {""quantity"": ""1/4"", ""unit"": ""teaspoon"", ""name"": ""pepper""}, {""quantity"": ""2"", ""unitQuantity"": ""19"", ""unitUnit"": ""ounce"", ""unit"": ""cans"", ""name"": ""white kidney beans"", ""description"": ""drained and rinsed""}, {""quantity"": ""1/4"", ""unit"": ""cup"", ""name"": ""chopped fresh parsley""}]",8.0,275,216.3,4.4,0.6,0.0,481.9,34.3,6.7,3.9,9.6
12996,Leek and Salmon Quiche,"[{""quantity"": ""1 1/2"", ""unit"": ""cups"", ""name"": ""plain flour""}, {""quantity"": ""1"", ""unit"": ""pinch"", ""name"": ""salt""}, {""quantity"": ""90"", ""unit"": ""g"", ""name"": ""butter"", ""description"": ""cut into cubes""}, {""quantity"": ""1"", ""name"": ""egg yolk""}, {""quantity"": ""1"", ""unit"": ""tablespoon"", ""name"": ""cold water""}, {""quantity"": ""60"", ""unit"": ""g"", ""name"": ""butter""}, {""quantity"": ""2"", ""name"": ""leeks"", ""description"": ""washed and sliced""}, {""quantity"": ""1"", ""unitQuantity"": ""210"", ""unitUnit"": ""g"", ""unit"": ""can"", ""name"": ""smoked salmon (I use pink)""}, {""quantity"": ""3"", ""name"": ""eggs"", ""description"": ""beaten""}, {""quantity"": ""3/4"", ""unit"": ""cup"", ""name"": ""cream""}, {""name"": ""salt and pepper"", ""description"": ""to taste""}, {""quantity"": ""1"", ""name"": ""tomatoes"", ""description"": ""sliced""}]",,201,724.8,51.7,29.9,347.8,744.5,43.8,2.1,2.2,21.7
12998,Vallie's Rum & Pepsi,"[{""quantity"": ""4"", ""unit"": ""ounces"", ""name"": ""Bacardi light rum""}, {""quantity"": ""4"", ""unit"": ""ounces"", ""name"": ""very cold Pepsi (cuz ice is BAD here)""}]",1.0,523,969.4,0.0,0.0,0.0,8.9,11.7,0.0,11.0,0.1
13160,Tomato Bruschetta with Basil Spread,"[{""quantity"": ""12"", ""unit"": ""slices"", ""name"": ""French bread"", ""description"": ""1/2 inch thick""}, {""quantity"": ""4"", ""name"": ""ounces packages low-fat cream cheese"", ""description"": ""softened (Neufchatel)""}, {""quantity"": ""1"", ""unit"": ""teaspoon"", ""name"": ""dried basil or 1 teaspoon oregano leaves""}, {""quantity"": ""1"", ""unit"": ""small"", ""name"": ""tomatoes""}, {""quantity"": ""1"", ""unit"": ""medium"", ""name"": ""green onion"", ""description"": ""sliced""}, {""quantity"": ""1"", ""unit"": ""tablespoon"", ""name"": ""chopped black olives""}]",6.0,166,405.1,8.5,3.6,14.4,868.3,67.9,4.2,0.8,13.3
13330,Braised Belgian Endive,"[{""quantity"": ""6"", ""name"": ""Belgian endive"", ""description"": ""rinsed,patted dry and root end cut off (about 1 1/4 lbs)""}, {""quantity"": ""1 1/2"", ""unit"": ""tablespoons"", ""name"": ""butter""}, {""quantity"": ""1/2"", ""unit"": ""teaspoon"", ""name"": ""sugar""}, {""quantity"": ""2"", ""unit"": ""tablespoons"", ""name"": ""fresh lemon juice""}, {""quantity"": ""1/2"", ""unit"": ""cup"", ""name"": ""low sodium chicken broth""}, {""quantity"": ""1"", ""unit"": ""tablespoon"", ""name"": ""dried herbs (oregano"", ""description"": ""basil, rosemary or marjoram)""}, {""quantity"": ""1"", ""unit"": ""tablespoon"", ""name"": ""chopped fresh parsley""}, {""name"": ""pepper""}]",6.0,542,118.7,4.0,2.1,7.6,139.7,18.2,15.9,1.8,6.9
13345,Canapes with Savory Oyster Spread,"[{""quantity"": ""2"", ""name"": ""eggs"", ""description"": ""hard cooked and chopped""}, {""quantity"": ""2"", ""unit"": ""ounces"", ""name"": ""smoked oysters"", ""description"": ""oil packed,drained,and chopped""}, {""quantity"": ""1"", ""unit"": ""teaspoon"", ""name"": ""chives"", ""description"": ""minced""}, {""quantity"": ""2"", ""unit"": ""slices"", ""name"": ""bread"", ""description"": ""plain or toasted (rye, pumpernickel or white)""}]",4.0,52,81.3,3.2,1.0,111.1,143.2,7.6,0.3,0.7,5.1
13543,Celery Baked in Cream,"[{""quantity"": ""1"", ""unit"": ""head"", ""name"": ""celery""}, {""quantity"": ""1"", ""unit"": ""teaspoon"", ""name"": ""ground allspice""}, {""quantity"": ""2"", ""unit"": ""cloves"", ""name"": ""garlic"", ""description"": ""crushed""}, {""quantity"": ""10"", ""name"": ""fluid ounces single cream (table cream)""}, {""quantity"": ""1"", ""unit"": ""ounce"", ""name"": ""fresh breadcrumb""}]",,136,196.2,15.1,9.2,49.5,181.6,12.6,2.4,2.8,4.0
13708,Easiest Chocolate Cake Yet!,"[{""quantity"": ""1"", ""unit"": ""package"", ""name"": ""chocolate cake mix""}, {""quantity"": ""1"", ""unit"": ""package"", ""name"": ""instant chocolate pudding mix""}, {""quantity"": ""4"", ""name"": ""eggs""}, {""quantity"": ""1/2"", ""unit"": ""cup"", ""name"": ""oil""}, {""quantity"": ""1/2"", ""unit"": ""cup"", ""name"": ""water""}, {""quantity"": ""1"", ""unit"": ""cup"", ""name"": ""sour cream""}, {""quantity"": ""1"", ""unitQuantity"": ""8"", ""unitUnit"": ""ounce"", ""unit"": ""package"", ""name"": ""Ghirardelli semi-sweet chocolate chips (or other brand)""}]",8.0,260,1024.7,62.6,26.3,118.4,778.8,123.2,7.9,86.2,12.4
13727,Chinese New Year Wonton Soup,"[{""quantity"": ""1/2"", ""unit"": ""lb"", ""name"": ""mushroom""}, {""quantity"": ""1/4"", ""unit"": ""lb"", ""name"": ""sliced ham""}, {""quantity"": ""1"", ""unit"": ""tablespoon"", ""name"": ""oil""}, {""quantity"": ""1/4"", ""unit"": ""lb"", ""name"": ""small shrimp""}, {""quantity"": ""1/2"", ""unit"": ""cup"", ""name"": ""minced green onion""}, {""quantity"": ""2"", ""unit"": ""tablespoons"", ""name"": ""soy sauce""}, {""quantity"": ""12"", ""name"": ""wonton skins""}, {""quantity"": ""2"", ""name"": ""green onions"", ""description"": ""diagonally cut in 1 inch pieces""}, {""quantity"": ""4"", ""unit"": ""cups"", ""name"": ""chicken broth""}, {""quantity"": ""1/2"", ""unit"": ""lb"", ""name"": ""fresh spinach"", ""description"": ""trimmed,washed,drained,cut in thin strips""}]",6.0,314,165.0,5.1,1.1,40.1,1284.0,14.0,1.9,1.7,16.0
13870,Mama Mull's Chili,"[{""quantity"": ""1"", ""unit"": ""lb"", ""name"": ""ground beef""}, {""quantity"": ""1"", ""unit"": ""medium"", ""name"": ""onion"", ""description"": ""chopped""}, {""quantity"": ""1"", ""unit"": ""clove"", ""name"": ""garlic"", ""description"": ""minced""}, {""quantity"": ""3"", ""unit"": ""tablespoons"", ""name"": ""chili powder""}, {""quantity"": ""2"", ""unitQuantity"": ""8"", ""unitUnit"": ""ounce"", ""unit"": ""cans"", ""name"": ""tomato sauce""}, {""quantity"": ""1"", ""unitQuantity"": ""8"", ""unitUnit"": ""ounce"", ""unit"": ""can"", ""name"": ""water""}, {""quantity"": ""1"", ""unitQuantity"": ""16"", ""unitUnit"": ""ounce"", ""unit"": ""can"", ""name"": ""stewed tomatoes""}, {""quantity"": ""1"", ""unit"": ""envelope"", ""name"": ""Lipton Onion Soup Mix""}, {""quantity"": ""1/4"", ""unit"": ""cup"", ""name"": ""red wine or 1/4 cup beer""}, {""quantity"": ""1"", ""unit"": ""can"", ""name"": ""red kidney beans""}, {""name"": ""salt and pepper""}, {""name"": ""Tabasco sauce""}]",,382,522.3,19.5,7.0,77.6,1788.9,53.1,13.9,14.2,34.8
13955,Carrot Soup,"[{""quantity"": ""2"", ""unit"": ""tablespoons"", ""name"": ""butter""}, {""quantity"": ""1"", ""unit"": ""clove"", ""name"": ""garlic"", ""description"": ""minced""}, {""quantity"": ""1"", ""unit"": ""medium"", ""name"": ""onion"", ""description"": ""finely chopped""}, {""quantity"": ""2 1/2"", ""unit"": ""cups"", ""name"": ""chopped carrots""}, {""quantity"": ""2"", ""name"": ""mcintosh apples"", ""description"": ""peeled,cored and chopped""}, {""quantity"": ""2"", ""name"": ""celery ribs"", ""description"": ""chopped""}, {""quantity"": ""1/2"", ""unit"": ""cup"", ""name"": ""long grain rice""}, {""quantity"": ""2"", ""unit"": ""tablespoons"", ""name"": ""chicken bouillon""}, {""name"": ""parsley""}, {""name"": ""salt""}, {""quantity"": ""4"", ""unit"": ""cups"", ""name"": ""water""}]",4.0,493,231.1,6.3,3.8,15.3,162.5,42.2,5.5,14.8,3.2
14000,Edinburgh Gingerbread,"[{""quantity"": ""8"", ""unit"": ""ounces"", ""name"": ""plain flour""}, {""quantity"": ""1"", ""unit"": ""teaspoon"", ""name"": ""baking soda""}, {""quantity"": ""2"", ""unit"": ""teaspoons"", ""name"": ""ground ginger""}, {""quantity"": ""1"", ""unit"": ""teaspoon"", ""name"": ""cinnamon""}, {""quantity"": ""1"", ""unit"": ""pinch"", ""name"": ""salt""}, {""quantity"": ""6"", ""unit"": ""ounces"", ""name"": ""unsalted butter""}, {""quantity"": ""6"", ""unit"": ""ounces"", ""name"": ""molasses""}, {""quantity"": ""4"", ""unit"": ""ounces"", ""name"": ""packed brown sugar""}, {""quantity"": ""6"", ""unit"": ""tablespoons"", ""name"": ""milk""}, {""quantity"": ""2"", ""unit"": ""large"", ""name"": ""eggs""}, {""quantity"": ""2"", ""unit"": ""ounces"", ""name"": ""sultanas (golden raisins)""}, {""quantity"": ""2"", ""unit"": ""ounces"", ""name"": ""almonds"", ""description"": ""flaked""}]",8.0,125,471.0,23.3,11.9,100.2,242.7,60.9,2.2,30.2,7.2
14027,Layered Salad,"[{""quantity"": ""1"", ""unit"": ""head"", ""name"": ""lettuce"", ""description"": ""broken into pieces""}, {""quantity"": ""1"", ""unit"": ""head"", ""name"": ""cauliflower"", ""description"": ""broken into pieces""}, {""quantity"": ""1"", ""unit"": ""lb"", ""name"": ""bacon"", ""description"": ""fried and broken up""}, {""quantity"": ""1"", ""name"": ""red onion"", ""description"": ""sliced into rings""}, {""quantity"": ""1"", ""unit"": ""cup"", ""name"": ""mayonnaise""}, {""quantity"": ""1/4"", ""unit"": ""cup"", ""name"": ""sugar""}, {""quantity"": ""1"", ""unit"": ""cup"", ""name"": ""parmesan cheese""}]",,277,736.7,58.8,21.4,99.1,1397.4,26.7,4.6,17.4,27.1
14143,Paella for Those Who Don't Like Seafood,"[{""quantity"": ""4 -8"", ""name"": ""chicken (portions and or or pork or both to suite 4 people"", ""description"": ""can be chicken breast, leg or thigh)""}, {""quantity"": ""2"", ""name"": ""onions"", ""description"": ""chopped""}, {""quantity"": ""1 -3"", ""name"": ""garlic clove (chopped or crushed or paste)""}, {""quantity"": ""1"", ""unit"": ""teaspoon"", ""name"": ""turmeric""}, {""quantity"": ""115 -250"", ""unit"": ""g"", ""name"": ""chorizo sausage"", ""description"": ""cooked (or other sausage, plain or spicy)""}, {""quantity"": ""250"", ""unit"": ""g"", ""name"": ""rice (brown is nice"", ""description"": ""but does take longer)""}, {""quantity"": ""1"", ""unit"": ""liter"", ""name"": ""stock (chicken or herb stock i.e. \\u0027caldo\\u0027)""}, {""quantity"": ""4"", ""name"": ""tomatoes"", ""description"": ""peeled and chopped (or equivalent such as passata)""}, {""quantity"": ""1"", ""name"": ""red pepper (or yellow pepper or green pepper"", ""description"": ""or all three)""}, {""quantity"": ""1"", ""unit"": ""cup"", ""name"": ""peas (or any vegetable) or 1 cup carrot (or any vegetable)""}, {""name"": ""salt and pepper (to season)""}]",,568,1504.0,69.5,19.8,340.2,329.8,115.3,7.1,9.2,96.6
14370,Perfect Spicy Sausage Pasta Salad,"[{""quantity"": ""3"", ""unit"": ""cups"", ""name"": ""spiral shaped pasta"", ""description"": ""bows (or other)""}, {""quantity"": ""3 -4"", ""name"": ""spring onions"", ""description"": ""chopped finely""}, {""quantity"": ""2 -3"", ""name"": ""beer sticks"", ""description"": ""sliced""}, {""name"": ""thousand island dressing""}]",,327,237.3,1.0,0.2,0.0,5.0,47.9,2.3,1.4,8.4
14549,Grilled Chicken,"[{""name"": ""chicken piece""}, {""quantity"": ""1/2"", ""unit"": ""cup"", ""name"": ""oil""}, {""quantity"": ""2"", ""unit"": ""teaspoons"", ""name"": ""paprika""}, {""name"": ""crushed garlic ("", ""description"": ""or garlic salt)""}, {""quantity"": ""1"", ""unit"": ""teaspoon"", ""name"": ""dried mustard""}]",,19,247.8,27.6,3.6,0.0,0.4,0.9,0.5,0.2,0.4
14625,Ballpack Cracker Jack Cookies,"[{""quantity"": ""1"", ""unit"": ""cup"", ""name"": ""butter""}, {""quantity"": ""1"", ""unit"": ""cup"", ""name"": ""sugar""}, {""quantity"": ""1"", ""unit"": ""cup"", ""name"": ""brown sugar"", ""description"": ""firmly packed""}, {""quantity"": ""2"", ""name"": ""eggs""}, {""quantity"": ""2"", ""unit"": ""teaspoons"", ""name"": ""vanilla""}, {""quantity"": ""1 1/2"", ""unit"": ""cups"", ""name"": ""flour""}, {""quantity"": ""1"", ""unit"": ""teaspoon"", ""name"": ""baking powder""}, {""quantity"": ""1"", ""unit"": ""teaspoon"", ""name"": ""baking soda""}, {""quantity"": ""2"", ""unit"": ""cups"", ""name"": ""old-fashioned oatmeal""}, {""quantity"": ""2"", ""unit"": ""cups"", ""name"": ""Rice Krispies""}, {""quantity"": ""1"", ""unit"": ""cup"", ""name"": ""coconut""}, {""quantity"": ""1/2"", ""unit"": ""cup"", ""name"": ""nuts"", ""description"": ""chopped""}]",,1324,1473.5,74.2,43.9,227.8,1046.9,188.5,10.3,107.7,20.3
14650,Mandel Brodt,"[{""quantity"": ""3/4"", ""unit"": ""cup"", ""name"": ""oil""}, {""quantity"": ""1"", ""unit"": ""cup"", ""name"": ""sugar""}, {""quantity"": ""4"", ""name"": ""eggs""}, {""quantity"": ""1"", ""unit"": ""teaspoon"", ""name"": ""lemon juice""}, {""quantity"": ""1"", ""unit"": ""teaspoon"", ""name"": ""almond extract""}, {""quantity"": ""2 3/4"", ""unit"": ""cups"", ""name"": ""flour""}, {""quantity"": ""1"", ""unit"": ""teaspoon"", ""name"": ""baking powder""}, {""quantity"": ""1"", ""unit"": ""cup"", ""name"": ""almonds"", ""description"": ""blanched and sliced""}]",,1060,1151.0,64.9,8.4,211.5,279.6,123.1,6.4,52.4,22.8
14673,French Waffles with Strawberries,"[{""quantity"": ""3"", ""name"": ""waffles (any flavor)""}, {""quantity"": ""4"", ""unit"": ""large"", ""name"": ""eggs""}, {""quantity"": ""1/4"", ""unit"": ""cup"", ""name"": ""milk""}, {""quantity"": ""1"", ""unit"": ""container"", ""name"": ""frozen"", ""description"": ""sweetened strawberry""}, {""name"": ""butter or margarine (for frying)""}]",3.0,162,329.3,17.9,4.7,336.6,486.6,26.1,0.0,0.5,15.0
14713,Apricot Squares,"[{""quantity"": ""2/3"", ""unit"": ""cup"", ""name"": ""dried apricot""}, {""name"": ""boiling water""}, {""quantity"": ""1/2"", ""unit"": ""cup"", ""name"": ""butter"", ""description"": ""softened""}, {""quantity"": ""1/4"", ""unit"": ""cup"", ""name"": ""granulated sugar""}, {""quantity"": ""1"", ""unit"": ""cup"", ""name"": ""flour""}, {""quantity"": ""2"", ""name"": ""eggs""}, {""quantity"": ""1"", ""unit"": ""cup"", ""name"": ""brown sugar"", ""description"": ""firmly packed""}, {""quantity"": ""1/3"", ""unit"": ""cup"", ""name"": ""flour""}, {""quantity"": ""1/2"", ""unit"": ""teaspoon"", ""name"": ""baking powder""}, {""quantity"": ""1/4"", ""unit"": ""teaspoon"", ""name"": ""salt""}, {""quantity"": ""1/2"", ""unit"": ""cup"", ""name"": ""nuts"", ""description"": ""chopped""}, {""quantity"": ""1/2"", ""unit"": ""teaspoon"", ""name"": ""vanilla extract""}]",16.0,50,200.8,8.7,4.2,41.7,132.1,29.0,1.1,19.5,2.9
14747,Irish Lamb Stew,"[{""quantity"": ""4"", ""unit"": ""large"", ""name"": ""potatoes"", ""description"": ""sliced into 1/4-inch slices""}, {""quantity"": ""2"", ""name"": ""onions"", ""description"": ""sliced""}, {""quantity"": ""2"", ""unit"": ""lbs"", ""name"": ""shoulder lamb chops"", ""description"": ""trimmed""}, {""name"": ""parsley sprig""}, {""quantity"": ""1"", ""unit"": ""sprig"", ""name"": ""thyme""}, {""quantity"": ""1"", ""name"": ""bay leaf""}, {""name"": ""salt"", ""description"": ""to taste""}, {""name"": ""pepper"", ""description"": ""to taste""}, {""quantity"": ""1 1/4-2"", ""unit"": ""cups"", ""name"": ""water""}]",4.0,725,906.0,49.0,21.2,163.3,163.6,70.0,8.9,5.2,45.6
14754,Raspberry Tofu Freeze,"[{""quantity"": ""1"", ""unitQuantity"": ""12"", ""unitUnit"": ""ounce"", ""unit"": ""bag"", ""name"": ""frozen raspberries (do not thaw)""}, {""quantity"": ""1"", ""unit"": ""cup"", ""name"": ""drained soft tofu""}, {""quantity"": ""1"", ""unit"": ""teaspoon"", ""name"": ""vanilla extract""}, {""quantity"": ""3"", ""unit"": ""tablespoons"", ""name"": ""sugar""}]",,157,220.2,3.2,0.5,0.0,7.9,44.0,5.2,38.1,6.2
15107,Skillet Chicken and Rice,"[{""quantity"": ""2"", ""unit"": ""lbs"", ""name"": ""chicken pieces"", ""description"": ""skinned""}, {""quantity"": ""1"", ""unit"": ""teaspoon"", ""name"": ""olive oil""}, {""quantity"": ""2"", ""name"": ""carrots"", ""description"": ""peeled,sliced 1/2 inch""}, {""quantity"": ""1/2"", ""unit"": ""cup"", ""name"": ""onion"", ""description"": ""chopped""}, {""quantity"": ""1"", ""unit"": ""teaspoon"", ""name"": ""chicken bouillon granule""}, {""quantity"": ""2"", ""unit"": ""cups"", ""name"": ""water""}, {""quantity"": ""3"", ""unit"": ""cups"", ""name"": ""fresh mushrooms""}, {""quantity"": ""3/4"", ""unit"": ""cup"", ""name"": ""long-grain rice""}, {""quantity"": ""1"", ""unit"": ""teaspoon"", ""name"": ""poultry seasoning""}, {""quantity"": ""1/4"", ""unit"": ""teaspoon"", ""name"": ""salt""}]",4.0,396,467.8,22.5,6.2,103.6,391.2,34.6,2.2,3.5,30.4
15120,Chocolate Frosted Icebox Cake,"[{""quantity"": ""20"", ""unit"": ""whole"", ""name"": ""graham crackers""}, {""quantity"": ""2"", ""unit"": ""cups"", ""name"": ""cold milk""}, {""quantity"": ""1"", ""unit"": ""package"", ""name"": ""Jello Instant Vanilla Pudding Mix""}, {""quantity"": ""1 3/4"", ""unit"": ""cups"", ""name"": ""thawed Cool Whip Lite""}, {""quantity"": ""3/4"", ""unit"": ""cup"", ""name"": ""ready-to-spread chocolate fudge topping""}]",12.0,102,246.4,7.0,3.3,6.3,353.6,42.0,1.2,23.8,4.2
15394,Honey Nut Twirls,"[{""quantity"": ""2"", ""unit"": ""cups"", ""name"": ""self raising flour""}, {""quantity"": ""30"", ""unit"": ""g"", ""name"": ""margarine""}, {""quantity"": ""1/2"", ""unit"": ""cup"", ""name"": ""milk""}, {""quantity"": ""2"", ""unit"": ""tablespoons"", ""name"": ""honey""}, {""quantity"": ""1/4"", ""unit"": ""cup"", ""name"": ""peanut butter (for filling)""}, {""quantity"": ""2"", ""unit"": ""tablespoons"", ""name"": ""honey"", ""description"": ""extra (for filling)""}, {""quantity"": ""1/2"", ""unit"": ""teaspoon"", ""name"": ""water (for filling)""}, {""quantity"": ""1"", ""name"": ""egg yolk""}, {""quantity"": ""2"", ""unit"": ""tablespoons"", ""name"": ""water""}]",,596,157.3,5.6,1.3,17.2,54.6,23.3,0.9,6.3,4.1
15549,Passionfruit Vanilla Slice,"[{""quantity"": ""2"", ""unit"": ""sheets"", ""name"": ""prepared puff pastry""}, {""quantity"": ""1/4"", ""unit"": ""cup"", ""name"": ""custard powder""}, {""quantity"": ""1/4"", ""unit"": ""cup"", ""name"": ""caster sugar""}, {""quantity"": ""1"", ""unit"": ""cup"", ""name"": ""cream""}, {""quantity"": ""1 1/2"", ""unit"": ""cups"", ""name"": ""milk""}, {""quantity"": ""1"", ""unit"": ""teaspoon"", ""name"": ""vanilla essence""}, {""quantity"": ""1/4"", ""unit"": ""cup"", ""name"": ""passion fruit pulp""}, {""quantity"": ""25"", ""unit"": ""g"", ""name"": ""unsalted butter""}, {""quantity"": ""1 1/2"", ""unit"": ""cups"", ""name"": ""icing sugar""}]",12.0,117,398.1,24.6,9.6,30.9,125.3,40.7,1.1,19.8,4.5
15696,Chicken N' Rolled Dumplings',"[{""quantity"": ""4"", ""unit"": ""lbs"", ""name"": ""chicken""}, {""quantity"": ""2"", ""unitQuantity"": ""10"", ""unitUnit"": ""ounce"", ""unit"": ""packages"", ""name"": ""frozen dumplings"", ""description"": ""cut into strips""}, {""quantity"": ""1"", ""unitQuantity"": ""10 1/4"", ""unitUnit"": ""ounce"", ""unit"": ""can"", ""name"": ""cream of celery soup (Campbell\\u0027s)""}, {""quantity"": ""1"", ""unitQuantity"": ""10 1/4"", ""unitUnit"": ""ounce"", ""unit"": ""can"", ""name"": ""cream of chicken soup (Campbell\\u0027s)""}, {""quantity"": ""3"", ""name"": ""onions""}, {""quantity"": ""6 -8"", ""name"": ""carrots"", ""description"": ""diced""}, {""quantity"": ""1"", ""unitQuantity"": ""10"", ""unitUnit"": ""ounce"", ""unit"": ""package"", ""name"": ""frozen peas""}, {""name"": ""creole seasoning (TONY CACHERE\\u0027S)""}, {""name"": ""hot sauce""}]",10.0,337,487.2,30.5,8.7,141.6,538.2,14.6,3.0,5.1,37.0
15763,Chicken And Asparagus Pastries,"[{""quantity"": ""4"", ""name"": ""ready rolled puff pastry sheets""}, {""quantity"": ""1"", ""unit"": ""cup"", ""name"": ""chicken"", ""description"": ""cooked and chopped""}, {""quantity"": ""1"", ""unit"": ""can"", ""name"": ""asparagus"", ""description"": ""drained or 1/2 cup fresh asparagus, cooked and chopped""}, {""quantity"": ""2"", ""unit"": ""tablespoons"", ""name"": ""sour cream""}, {""quantity"": ""2"", ""unit"": ""tablespoons"", ""name"": ""chopped fresh chives ("", ""description"": ""these may be substitued with chopped spring onions)""}, {""quantity"": ""50"", ""unit"": ""g"", ""name"": ""tasty cheese"", ""description"": ""finely chopped or grated""}, {""name"": ""salt and pepper""}, {""quantity"": ""1"", ""name"": ""egg"", ""description"": ""lightly beaten""}]",,1113,119.4,8.3,2.3,5.7,59.1,9.3,0.3,0.2,1.9
15822,Kookoo Sabzi,"[{""quantity"": ""8"", ""name"": ""eggs""}, {""quantity"": ""1"", ""unit"": ""teaspoon"", ""name"": ""white flour""}, {""quantity"": ""1"", ""unit"": ""tablespoon"", ""name"": ""red currants""}, {""quantity"": ""1/3"", ""unit"": ""cup"", ""name"": ""finely chopped walnuts""}, {""quantity"": ""1"", ""unit"": ""teaspoon"", ""name"": ""salt""}, {""quantity"": ""1/4"", ""unit"": ""teaspoon"", ""name"": ""black pepper""}, {""quantity"": ""1/4"", ""unit"": ""cup"", ""name"": ""cooking oil or 1/4 cup butter""}, {""quantity"": ""1/2"", ""unit"": ""cup"", ""name"": ""finely chopped fresh chives or 1/2 cup scallion""}, {""quantity"": ""2"", ""unit"": ""cups"", ""name"": ""finely chopped fresh parsley""}, {""quantity"": ""1/2"", ""unit"": ""cup"", ""name"": ""fresh coriander or 2 tablespoons dried coriander""}, {""quantity"": ""1/4"", ""unit"": ""cup"", ""name"": ""fresh dill weed or 1/4 cup dried dill weed""}, {""quantity"": ""1/2"", ""unit"": ""tablespoon"", ""name"": ""dried fenugreek seeds""}]",,115,472.8,40.5,7.4,564.0,992.4,8.4,3.3,2.0,21.1
15863,Potato Dumplings,"[{""quantity"": ""3"", ""unit"": ""medium"", ""name"": ""baking potatoes"", ""description"": ""peeled and quartered""}, {""quantity"": ""1/8"", ""unit"": ""teaspoon"", ""name"": ""ground nutmeg""}, {""quantity"": ""4"", ""name"": ""egg yolks""}, {""quantity"": ""4"", ""unit"": ""tablespoons"", ""name"": ""all-purpose flour""}, {""name"": ""salt""}, {""name"": ""freshly ground white pepper""}, {""name"": ""chopped fresh parsley""}]",6.0,84,110.4,2.8,1.0,125.9,7.7,17.9,1.4,0.7,3.4
15866,Creamy Mexican Dip,"[{""quantity"": ""1"", ""unitQuantity"": ""8"", ""unitUnit"": ""ounce"", ""unit"": ""container"", ""name"": ""sour cream""}, {""quantity"": ""3/4"", ""unit"": ""cup"", ""name"": ""shredded extra-sharp cheddar cheese""}, {""quantity"": ""1/2"", ""unit"": ""cup"", ""name"": ""medium salsa""}, {""quantity"": ""1"", ""name"": ""avocado"", ""description"": ""minced""}, {""name"": ""hot sauce (optional)""}]",,111,304.3,27.4,13.2,57.1,399.3,8.3,3.9,3.5,8.9
15989,Buttermilk Fried Chicken with Dill,"[{""quantity"": ""2 1/2-3"", ""unit"": ""lbs"", ""name"": ""frying chickens""}, {""name"": ""vegetable oil (for frying)""}, {""quantity"": ""2 1/2"", ""unit"": ""cups"", ""name"": ""flour""}, {""quantity"": ""1 1/4"", ""unit"": ""teaspoons"", ""name"": ""dried dill weed""}, {""quantity"": ""1"", ""unit"": ""teaspoon"", ""name"": ""garlic salt""}, {""quantity"": ""3/4"", ""unit"": ""teaspoon"", ""name"": ""black pepper""}, {""quantity"": ""2 1/2"", ""unit"": ""cups"", ""name"": ""buttermilk""}]",,344,959.4,45.0,13.2,219.6,362.4,67.4,2.3,7.5,66.2
16031,Whole Sizzling Catfish with Ginger and Ponzu Sauce,"[{""quantity"": ""2"", ""unitQuantity"": ""2 1/2"", ""unitUnit"": ""lb"", ""name"": ""catfish"", ""description"": ""gutted""}, {""quantity"": ""12"", ""unit"": ""slices"", ""name"": ""fresh ginger"", ""description"": ""blanched""}, {""name"": ""peanut oil (for deep frying)""}, {""quantity"": ""1"", ""name"": ""lemon""}, {""quantity"": ""1/4"", ""unit"": ""cup"", ""name"": ""soy sauce""}, {""quantity"": ""6"", ""unit"": ""tablespoons"", ""name"": ""mirin""}, {""quantity"": ""2"", ""unit"": ""tablespoons"", ""name"": ""lemon juice""}, {""quantity"": ""1/4"", ""unit"": ""cup"", ""name"": ""rice vinegar""}, {""name"": ""fried mushroom""}, {""name"": ""enoki mushrooms""}, {""name"": ""fresh greens""}]",4.0,655,799.4,43.2,10.0,266.3,1445.6,7.1,1.6,0.9,90.6
16258,Baked Beans for Saturday's Supper,"[{""quantity"": ""2"", ""unit"": ""cups"", ""name"": ""dried navy beans (or yelloweye"", ""description"": ""Jacob\\u0027s Cattle, whatever)""}, {""quantity"": ""2"", ""unit"": ""small"", ""name"": ""onions""}, {""quantity"": ""1/2"", ""unit"": ""lb"", ""name"": ""bacon or 1 tablespoon peanut oil""}, {""quantity"": ""1/2"", ""unit"": ""teaspoon"", ""name"": ""salt""}, {""quantity"": ""1"", ""unit"": ""teaspoon"", ""name"": ""dry mustard""}, {""quantity"": ""1/2"", ""unit"": ""cup"", ""name"": ""dark molasses""}]",8.0,119,374.4,13.7,4.3,19.3,392.6,49.2,13.0,14.5,15.2
16519,Extra Nice Rice,"[{""quantity"": ""2"", ""unit"": ""tablespoons"", ""name"": ""oil""}, {""quantity"": ""2"", ""unit"": ""lbs"", ""name"": ""boneless skinless chicken breasts"", ""description"": ""cut into 1 \\\"" cubes""}, {""quantity"": ""1"", ""unitQuantity"": ""4 1/2"", ""unitUnit"": ""ounce"", ""unit"": ""jar"", ""name"": ""sliced mushrooms"", ""description"": ""drained""}, {""quantity"": ""2"", ""unit"": ""cups"", ""name"": ""frozen broccoli cuts""}, {""quantity"": ""1"", ""unit"": ""cup"", ""name"": ""instant rice""}, {""quantity"": ""1"", ""unitQuantity"": ""12"", ""unitUnit"": ""ounce"", ""unit"": ""can"", ""name"": ""evaporated milk""}, {""quantity"": ""1"", ""unit"": ""can"", ""name"": ""cheddar cheese soup""}, {""quantity"": ""1"", ""unit"": ""teaspoon"", ""name"": ""Dijon mustard""}, {""quantity"": ""1/2"", ""unit"": ""cup"", ""name"": ""shredded cheddar cheese""}, {""quantity"": ""1/2"", ""unit"": ""cup"", ""name"": ""monterey jack cheese""}]",,373,755.2,35.0,15.9,215.3,1094.3,39.6,3.8,2.3,69.3
16564,Snappy Cheese Dip,"[{""quantity"": ""2"", ""unit"": ""lbs"", ""name"": ""cheddar cheese""}, {""quantity"": ""1"", ""name"": ""garlic clove (minced)""}, {""quantity"": ""1/2"", ""unit"": ""medium"", ""name"": ""onion (minced)""}, {""quantity"": ""1/4"", ""unit"": ""teaspoon"", ""name"": ""cayenne pepper""}, {""quantity"": ""1/4"", ""unit"": ""teaspoon"", ""name"": ""Tabasco sauce""}, {""name"": ""salt""}, {""name"": ""stale beer or milk""}]",12.0,80,307.1,25.1,15.9,79.4,470.3,1.5,0.1,0.6,18.9
16743,Coconut Candy Pie,"[{""quantity"": ""1"", ""unitQuantity"": ""9"", ""unitUnit"": ""inch"", ""name"": ""unbaked pie shells or 0.5 (11 ounce) package pie crust mix""}, {""quantity"": ""1/2"", ""unit"": ""cup"", ""name"": ""sugar""}, {""quantity"": ""3"", ""name"": ""eggs (beaten)""}, {""quantity"": ""1"", ""unit"": ""cup"", ""name"": ""light corn syrup""}, {""quantity"": ""1"", ""unit"": ""teaspoon"", ""name"": ""vanilla""}, {""quantity"": ""1/4"", ""unit"": ""teaspoon"", ""name"": ""salt""}, {""quantity"": ""1/2"", ""unit"": ""cup"", ""name"": ""smooth peanut butter""}, {""quantity"": ""1/2"", ""unit"": ""cup"", ""name"": ""semisweet chocolate chunk""}, {""quantity"": ""1/4"", ""unit"": ""cup"", ""name"": ""flaked coconut""}]",8.0,131,491.1,22.0,7.0,79.7,322.6,69.3,2.8,34.2,8.5
16859,Brie Soup,"[{""quantity"": ""1"", ""unit"": ""bunch"", ""name"": ""green onion"", ""description"": ""chopped (mostly white part)""}, {""quantity"": ""4"", ""unit"": ""tablespoons"", ""name"": ""shallots"", ""description"": ""diced""}, {""quantity"": ""1 1/2"", ""unit"": ""cups"", ""name"": ""mushrooms"", ""description"": ""sliced""}, {""quantity"": ""1"", ""unit"": ""tablespoon"", ""name"": ""margarine""}, {""quantity"": ""6"", ""unit"": ""tablespoons"", ""name"": ""sherry wine"", ""description"": ""divided""}, {""quantity"": ""3"", ""unit"": ""cups"", ""name"": ""chicken broth"", ""description"": ""less salt""}, {""quantity"": ""2"", ""unit"": ""cups"", ""name"": ""evaporated skim milk""}, {""quantity"": ""4"", ""unit"": ""ounces"", ""name"": ""brie cheese"", ""description"": ""rind removed, cubed""}, {""quantity"": ""2"", ""unit"": ""tablespoons"", ""name"": ""cornstarch""}, {""quantity"": ""1/4"", ""unit"": ""teaspoon"", ""name"": ""pepper""}, {""quantity"": ""1/8"", ""unit"": ""teaspoon"", ""name"": ""nutmeg""}, {""quantity"": ""1/4"", ""unit"": ""teaspoon"", ""name"": ""salt""}]",6.0,350,248.8,8.1,3.9,22.3,725.7,16.8,0.8,11.5,13.8
16873,Beer-Batter Fish,"[{""quantity"": ""1"", ""unitQuantity"": ""12"", ""unitUnit"": ""ounce"", ""unit"": ""bottle"", ""name"": ""beer""}, {""quantity"": ""1"", ""unit"": ""cup"", ""name"": ""milk""}, {""quantity"": ""3 1/2"", ""unit"": ""cups"", ""name"": ""flour""}, {""quantity"": ""3"", ""unit"": ""teaspoons"", ""name"": ""baking powder""}, {""quantity"": ""2/3"", ""unit"": ""cup"", ""name"": ""white sugar""}, {""quantity"": ""2"", ""unit"": ""tablespoons"", ""name"": ""lemon juice""}]",10.0,121,243.2,1.3,0.6,3.4,123.3,49.7,1.2,13.5,5.5
16911,Hurry-Up Cobbler,"[{""quantity"": ""1/2"", ""unit"": ""cup"", ""name"": ""butter or 1/2 cup margarine"", ""description"": ""melted""}, {""quantity"": ""3/4"", ""unit"": ""cup"", ""name"": ""flour""}, {""quantity"": ""1"", ""unit"": ""teaspoon"", ""name"": ""baking powder""}, {""quantity"": ""3/4"", ""unit"": ""cup"", ""name"": ""sugar""}, {""quantity"": ""3/4"", ""unit"": ""cup"", ""name"": ""milk""}, {""quantity"": ""4"", ""unit"": ""cups"", ""name"": ""blackberries (or raspberries)""}]",6.0,187,350.4,17.1,10.4,44.9,185.7,47.8,5.5,29.7,4.1
16987,Fennel-Apple Slaw,"[{""quantity"": ""1"", ""name"": ""fennel bulb"", ""description"": ""peeled if necessary""}, {""quantity"": ""2"", ""name"": ""red apples"", ""description"": ""quartered and cored""}, {""quantity"": ""2"", ""unit"": ""tablespoons"", ""name"": ""apple cider vinegar""}, {""quantity"": ""1/3"", ""unit"": ""cup"", ""name"": ""canola oil""}, {""quantity"": ""1"", ""unit"": ""clove"", ""name"": ""garlic"", ""description"": ""peeled""}, {""quantity"": ""1"", ""unit"": ""tablespoon"", ""name"": ""liquid honey""}, {""quantity"": ""2"", ""unit"": ""teaspoons"", ""name"": ""Dijon mustard""}, {""quantity"": ""1"", ""unit"": ""teaspoon"", ""name"": ""caraway seed""}, {""quantity"": ""1/2"", ""unit"": ""teaspoon"", ""name"": ""salt""}, {""quantity"": ""1/4"", ""unit"": ""teaspoon"", ""name"": ""freshly ground black pepper""}]",6.0,123,165.5,12.4,0.9,0.0,234.2,14.6,2.9,9.2,0.8
17200,Crock Pot Roasted Garlic,"[{""quantity"": ""6"", ""unit"": ""heads"", ""name"": ""garlic""}, {""quantity"": ""2"", ""unit"": ""teaspoons"", ""name"": ""olive oil""}]",,369,102.7,1.8,0.3,0.0,10.2,19.8,1.3,0.6,3.8
17236,Broccoli Casserole,"[{""quantity"": ""2"", ""unit"": ""lbs"", ""name"": ""fresh broccoli"", ""description"": ""cut into florets""}, {""quantity"": ""1"", ""unitQuantity"": ""10 1/2"", ""unitUnit"": ""ounce"", ""unit"": ""can"", ""name"": ""condensed cream of mushroom soup"", ""description"": ""undiluted""}, {""quantity"": ""1/2"", ""unit"": ""cup"", ""name"": ""mayonnaise""}, {""quantity"": ""1/2"", ""unit"": ""cup"", ""name"": ""shredded cheddar cheese""}, {""quantity"": ""1"", ""unit"": ""tablespoon"", ""name"": ""lemon juice""}, {""quantity"": ""1"", ""unit"": ""cup"", ""name"": ""crushed cheese crackers""}]",8.0,189,147.0,7.0,2.8,8.4,437.6,17.0,4.7,2.5,6.4
17391,Black Bean Soup,"[{""quantity"": ""2 1/2"", ""unit"": ""cups"", ""name"": ""dried black beans"", ""description"": ""picked over""}, {""quantity"": ""1 1/2"", ""unit"": ""lbs"", ""name"": ""smoked ham hock"", ""description"": ""tough outer skin and visible fat cut away and discarded""}, {""quantity"": ""1"", ""unit"": ""medium"", ""name"": ""yellow onion"", ""description"": ""chopped fine""}, {""quantity"": ""3"", ""unit"": ""cloves"", ""name"": ""garlic"", ""description"": ""minced""}, {""quantity"": ""1"", ""unit"": ""teaspoon"", ""name"": ""ground cumin""}, {""quantity"": ""6"", ""unit"": ""cups"", ""name"": ""water""}, {""quantity"": ""2"", ""unit"": ""cups"", ""name"": ""chicken broth""}, {""quantity"": ""1"", ""unit"": ""tablespoon"", ""name"": ""red wine vinegar""}, {""quantity"": ""1/2"", ""unit"": ""teaspoon"", ""name"": ""sugar""}, {""quantity"": ""1"", ""unit"": ""small"", ""name"": ""red onion"", ""description"": ""chopped fine""}]",4.0,650,459.0,2.6,0.7,0.0,393.4,81.8,19.3,5.4,29.4
17414,Almond Chocolate Cake with Ganache,"[{""quantity"": ""2"", ""unit"": ""cups"", ""name"": ""flour""}, {""quantity"": ""1/2"", ""unit"": ""teaspoon"", ""name"": ""baking soda""}, {""quantity"": ""1/4"", ""unit"": ""teaspoon"", ""name"": ""salt""}, {""quantity"": ""1"", ""unit"": ""cup"", ""name"": ""blanched almond"", ""description"": ""finely ground""}, {""quantity"": ""4"", ""unit"": ""tablespoons"", ""name"": ""unsalted butter""}, {""quantity"": ""13"", ""unit"": ""tablespoons"", ""name"": ""sugar""}, {""quantity"": ""2"", ""unit"": ""large"", ""name"": ""eggs""}, {""quantity"": ""4"", ""unit"": ""ounces"", ""name"": ""bittersweet chocolate"", ""description"": ""melted and cooled""}, {""quantity"": ""1/2"", ""unit"": ""cup"", ""name"": ""honey""}, {""quantity"": ""1"", ""unit"": ""cup"", ""name"": ""buttermilk""}, {""quantity"": ""8"", ""unit"": ""ounces"", ""name"": ""bittersweet chocolate"", ""description"": ""finely chopped""}, {""quantity"": ""8"", ""unit"": ""ounces"", ""name"": ""heavy cream""}]",15.0,114,291.8,14.8,6.3,58.8,117.1,36.1,1.5,21.6,5.6
17621,Maurice Salad,"[{""quantity"": ""2"", ""unit"": ""tablespoons"", ""name"": ""tarragon wine vinegar""}, {""quantity"": ""1"", ""unit"": ""tablespoon"", ""name"": ""grated onion""}, {""quantity"": ""1"", ""unit"": ""cup"", ""name"": ""mayonnaise""}, {""quantity"": ""1"", ""unit"": ""cup"", ""name"": ""Miracle Whip""}, {""quantity"": ""3"", ""unit"": ""tablespoons"", ""name"": ""parsley flakes""}, {""quantity"": ""2"", ""unit"": ""tablespoons"", ""name"": ""chopped hard-boiled eggs""}, {""quantity"": ""1"", ""unit"": ""tablespoon"", ""name"": ""minced chives""}, {""quantity"": ""1"", ""unit"": ""teaspoon"", ""name"": ""sugar""}, {""name"": ""mixed salad green""}, {""quantity"": ""2"", ""unit"": ""cups"", ""name"": ""fully-cooked ham""}, {""quantity"": ""2"", ""unit"": ""cups"", ""name"": ""swiss cheese""}, {""quantity"": ""2"", ""unit"": ""cups"", ""name"": ""cooked chicken"", ""description"": ""cut into matchstick strips""}]",,135,475.2,31.7,13.0,129.8,1706.2,14.1,0.5,8.3,31.8
17641,Baked Beans Traditional Style,"[{""quantity"": ""2"", ""unit"": ""cups"", ""name"": ""navy beans"", ""description"": ""soaked overnight and cooked till tender""}, {""quantity"": ""1/3"", ""unit"": ""cup"", ""name"": ""sorghum or 1/3 cup molasses""}, {""quantity"": ""1"", ""name"": ""onion"", ""description"": ""chopped""}, {""quantity"": ""1"", ""unit"": ""cup"", ""name"": ""fresh tomatoes or 1 cup stewed tomatoes""}, {""quantity"": ""1"", ""unit"": ""tablespoon"", ""name"": ""salt""}, {""quantity"": ""1"", ""unit"": ""teaspoon"", ""name"": ""dry mustard""}, {""quantity"": ""1/8"", ""unit"": ""teaspoon"", ""name"": ""garlic salt""}, {""quantity"": ""4"", ""unit"": ""tablespoons"", ""name"": ""oil""}]",4.0,200,340.2,14.5,1.9,0.0,1970.0,46.4,10.6,20.4,8.3
17664,Pepperoni Pizzaghetti,"[{""quantity"": ""1/2"", ""unit"": ""lb"", ""name"": ""spaghetti""}, {""quantity"": ""1"", ""unit"": ""tablespoon"", ""name"": ""olive oil""}, {""quantity"": ""1"", ""unit"": ""large"", ""name"": ""onion"", ""description"": ""sliced""}, {""quantity"": ""2"", ""name"": ""garlic cloves"", ""description"": ""minced""}, {""quantity"": ""1/2"", ""unit"": ""lb"", ""name"": ""pepperoni"", ""description"": ""sliced and quartered""}, {""quantity"": ""2"", ""unit"": ""large"", ""name"": ""bell peppers"", ""description"": ""sliced (any color)""}, {""quantity"": ""1"", ""unitQuantity"": ""16"", ""unitUnit"": ""ounce"", ""unit"": ""can"", ""name"": ""diced tomatoes""}, {""quantity"": ""1"", ""unit"": ""teaspoon"", ""name"": ""oregano""}, {""quantity"": ""1"", ""unit"": ""teaspoon"", ""name"": ""basil""}, {""quantity"": ""1/2"", ""unit"": ""teaspoon"", ""name"": ""salt""}, {""quantity"": ""1/4"", ""unit"": ""teaspoon"", ""name"": ""cracked black pepper""}, {""quantity"": ""1/2"", ""unit"": ""cup"", ""name"": ""parmesan cheese""}]",4.0,364,620.7,30.7,11.9,77.1,1445.3,60.7,6.3,9.3,25.7
17683,Maine Baked Stuffed Lobster,"[{""quantity"": ""1"", ""name"": ""live 1 1/2 lb lobster""}, {""quantity"": ""1/2"", ""unit"": ""cup"", ""name"": ""Ritz cracker"", ""description"": ""crushed""}, {""quantity"": ""1/4"", ""unit"": ""cup"", ""name"": ""butter"", ""description"": ""melted""}, {""quantity"": ""1"", ""name"": ""egg"", ""description"": ""beaten""}, {""quantity"": ""1"", ""unit"": ""tablespoon"", ""name"": ""parmesan cheese""}, {""quantity"": ""6"", ""unit"": ""ounces"", ""name"": ""crabmeat""}]",1.0,462,779.8,54.8,32.0,551.8,2338.5,1.4,0.0,0.5,68.0
17691,Lobster Seafood Stuffing,"[{""quantity"": ""1/2"", ""unit"": ""lb"", ""name"": ""butter""}, {""quantity"": ""1/2"", ""unit"": ""cup"", ""name"": ""onion"", ""description"": ""finely chopped""}, {""quantity"": ""6"", ""unit"": ""stalks"", ""name"": ""celery"", ""description"": ""chopped""}, {""quantity"": ""1/4"", ""unit"": ""cup"", ""name"": ""fresh parsley"", ""description"": ""chopped""}, {""quantity"": ""1/2"", ""unit"": ""teaspoon"", ""name"": ""thyme"", ""description"": ""dried""}, {""quantity"": ""1/4"", ""unit"": ""teaspoon"", ""name"": ""salt""}, {""quantity"": ""6"", ""unit"": ""dashes"", ""name"": ""black pepper""}, {""quantity"": ""1/2"", ""unit"": ""lb"", ""name"": ""crabmeat""}, {""quantity"": ""1/2"", ""unit"": ""lb"", ""name"": ""shrimp"", ""description"": ""peeled""}, {""quantity"": ""1/2"", ""unit"": ""lb"", ""name"": ""small bay scallop""}, {""quantity"": ""12"", ""unit"": ""cups"", ""name"": ""Ritz crackers"", ""description"": ""crushed""}, {""quantity"": ""1"", ""unit"": ""cup"", ""name"": ""dry sherry""}]",,2208,551.9,31.7,19.6,183.3,819.9,9.1,0.9,2.9,22.1
17754,Green Beans in Tomato Salsa,"[{""quantity"": ""1"", ""unit"": ""tablespoon"", ""name"": ""olive oil""}, {""quantity"": ""1"", ""unit"": ""clove"", ""name"": ""garlic"", ""description"": ""crushed""}, {""quantity"": ""1"", ""unit"": ""kg"", ""name"": ""fresh green beans""}, {""quantity"": ""1"", ""unit"": ""can"", ""name"": ""diced peeled tomatoes""}, {""quantity"": ""1/2"", ""name"": ""onion"", ""description"": ""chopped""}, {""quantity"": ""2"", ""unit"": ""tablespoons"", ""name"": ""tomato paste""}, {""name"": ""salt and pepper""}]",,234,134.3,3.9,0.6,0.0,82.8,23.9,10.0,7.0,5.7
17893,French Toast Tuna Sandwiches,"[{""quantity"": ""1"", ""unitQuantity"": ""6"", ""unitUnit"": ""ounce"", ""unit"": ""can"", ""name"": ""tuna"", ""description"": ""drained and flaked""}, {""quantity"": ""1/4"", ""unit"": ""cup"", ""name"": ""finely chopped celery""}, {""quantity"": ""1/4"", ""unit"": ""cup"", ""name"": ""finely chopped onion""}, {""quantity"": ""1/4"", ""unit"": ""cup"", ""name"": ""sweet pickle relish""}, {""quantity"": ""1/4"", ""unit"": ""cup"", ""name"": ""mayonnaise or 1/4 cup salad dressing""}, {""quantity"": ""8"", ""unit"": ""slices"", ""name"": ""sandwich bread""}, {""quantity"": ""2"", ""name"": ""eggs"", ""description"": ""beaten""}, {""quantity"": ""1/2"", ""unit"": ""cup"", ""name"": ""milk""}, {""quantity"": ""1/4"", ""unit"": ""cup"", ""name"": ""butter or 1/4 cup margarine"", ""description"": ""melted""}]",4.0,193,376.1,18.8,9.7,143.9,553.5,33.4,1.6,7.3,18.2
18136,Cheesy Tuna Macaroni Casserole,"[{""quantity"": ""1"", ""unitQuantity"": ""7 1/4"", ""unitUnit"": ""ounce"", ""unit"": ""package"", ""name"": ""macaroni \\u0026 cheese dinner mix""}, {""quantity"": ""1"", ""unitQuantity"": ""6"", ""unitUnit"": ""ounce"", ""unit"": ""can"", ""name"": ""tuna"", ""description"": ""drained and flaked""}, {""quantity"": ""1"", ""unitQuantity"": ""10 1/2"", ""unitUnit"": ""ounce"", ""unit"": ""can"", ""name"": ""cream of celery soup""}, {""quantity"": ""1/2"", ""unit"": ""cup"", ""name"": ""milk""}, {""quantity"": ""1"", ""unit"": ""tablespoon"", ""name"": ""chopped onion""}]",,134,325.5,8.4,3.0,35.8,1007.4,41.8,1.6,6.2,20.2
18364,Macaroni Cheese,"[{""quantity"": ""2"", ""unit"": ""cups"", ""name"": ""grated cheddar cheese""}, {""quantity"": ""2"", ""unit"": ""cups"", ""name"": ""milk""}, {""quantity"": ""4"", ""unit"": ""teaspoons"", ""name"": ""cornflour (mixed to a paste with a small amount of water)""}, {""quantity"": ""1"", ""unitQuantity"": ""400"", ""unitUnit"": ""g"", ""unit"": ""can"", ""name"": ""tomatoes""}, {""quantity"": ""1"", ""unit"": ""can"", ""name"": ""tomato paste""}, {""quantity"": ""1"", ""unit"": ""large"", ""name"": ""onion""}, {""quantity"": ""1"", ""unit"": ""teaspoon"", ""name"": ""margarine or 1 teaspoon olive oil""}, {""name"": ""salt \\u0026 freshly ground black pepper""}, {""quantity"": ""1"", ""unitQuantity"": ""300"", ""unitUnit"": ""g"", ""unit"": ""package"", ""name"": ""macaroni""}]",4.0,437,669.1,25.8,15.6,78.9,765.9,79.7,6.2,11.7,31.2
18370,Mandarin Salad,"[{""quantity"": ""1"", ""unit"": ""bunch"", ""name"": ""mixed baby greens""}, {""quantity"": ""1"", ""unit"": ""can"", ""name"": ""mandarin orange""}, {""quantity"": ""1"", ""name"": ""red Spanish onion""}, {""name"": ""slivered almonds""}, {""quantity"": ""2"", ""unit"": ""tablespoons"", ""name"": ""fresh orange juice""}, {""quantity"": ""1"", ""unit"": ""tablespoon"", ""name"": ""lemon juice""}, {""quantity"": ""1"", ""unit"": ""teaspoon"", ""name"": ""Dijon mustard""}, {""quantity"": ""1"", ""unit"": ""clove"", ""name"": ""garlic"", ""description"": ""minced""}, {""quantity"": ""1/2"", ""unit"": ""cup"", ""name"": ""olive oil""}]",6.0,93,196.4,18.2,2.5,0.0,11.7,9.1,1.2,6.4,0.7
18518,Tandoori Salmon,"[{""quantity"": ""1"", ""name"": ""lemon"", ""description"": ""juice of""}, {""quantity"": ""1 1/2"", ""unit"": ""lbs"", ""name"": ""salmon fillets""}, {""quantity"": ""1"", ""unit"": ""cup"", ""name"": ""plain yogurt""}, {""name"": ""fresh ginger"", ""description"": ""peeled and chopped""}, {""quantity"": ""2"", ""unit"": ""cloves"", ""name"": ""garlic"", ""description"": ""smashed""}, {""quantity"": ""1"", ""name"": ""jalapeno pepper"", ""description"": ""chopped""}, {""quantity"": ""1"", ""unit"": ""teaspoon"", ""name"": ""whole black peppercorn""}, {""quantity"": ""1/2"", ""unit"": ""teaspoon"", ""name"": ""turmeric""}, {""name"": ""fresh cilantro (to garnish)""}, {""name"": ""lemon (to garnish)""}]",4.0,257,242.4,7.9,2.2,96.6,142.9,4.8,0.2,3.3,36.3
18536,Blueberry Sauce for Cheesecake,"[{""quantity"": ""2"", ""unit"": ""cups"", ""name"": ""blueberries""}, {""quantity"": ""1"", ""unit"": ""cup"", ""name"": ""sugar""}, {""quantity"": ""1"", ""unit"": ""slice"", ""name"": ""lemon (juice only)""}, {""quantity"": ""1/4"", ""unit"": ""cup"", ""name"": ""cherry brandy""}]",,503,469.6,0.5,0.0,0.0,1.4,121.0,3.5,114.3,1.1
18611,Blackened Catfish,"[{""quantity"": ""2"", ""unit"": ""tablespoons"", ""name"": ""paprika""}, {""quantity"": ""2 1/2"", ""unit"": ""teaspoons"", ""name"": ""salt""}, {""quantity"": ""2"", ""unit"": ""teaspoons"", ""name"": ""lemon pepper""}, {""quantity"": ""1 1/2"", ""unit"": ""teaspoons"", ""name"": ""garlic powder""}, {""quantity"": ""1 1/2"", ""unit"": ""teaspoons"", ""name"": ""ground pepper""}, {""quantity"": ""1 1/2"", ""unit"": ""teaspoons"", ""name"": ""dried basil""}, {""quantity"": ""1"", ""unit"": ""teaspoon"", ""name"": ""onion powder""}, {""quantity"": ""1"", ""unit"": ""teaspoon"", ""name"": ""thyme""}, {""quantity"": ""6"", ""name"": ""catfish fillets""}, {""quantity"": ""1"", ""unit"": ""cup"", ""name"": ""unsalted butter"", ""description"": ""melted""}]",6.0,203,472.7,40.5,21.6,168.8,1131.5,2.6,1.1,0.3,25.1
18616,Ranch Veggie Salad,"[{""quantity"": ""1"", ""name"": ""crown broccoli"", ""description"": ""chopped""}, {""quantity"": ""1"", ""unit"": ""head"", ""name"": ""cauliflower"", ""description"": ""chopped""}, {""quantity"": ""1/4"", ""unit"": ""cup"", ""name"": ""chopped purple onion""}, {""quantity"": ""1/4"", ""unit"": ""cup"", ""name"": ""bacon bits""}, {""quantity"": ""1/2"", ""unit"": ""cup"", ""name"": ""cheddar cheese""}, {""quantity"": ""1"", ""unit"": ""bottle"", ""name"": ""Hidden Valley\\u0026reg; Original Ranch\\u0026reg; Dressing""}]",8.0,164,88.5,3.9,1.9,10.2,150.4,9.3,3.5,2.9,6.3
18686,Peppercorn Steaks,"[{""quantity"": ""2"", ""unit"": ""tablespoons"", ""name"": ""whole black peppercorns"", ""description"": ""crushed""}, {""quantity"": ""4"", ""name"": ""boneless beef New York strip steaks""}, {""quantity"": ""3"", ""unit"": ""tablespoons"", ""name"": ""butter""}, {""quantity"": ""3"", ""unit"": ""tablespoons"", ""name"": ""minced garlic""}, {""quantity"": ""1"", ""unit"": ""tablespoon"", ""name"": ""Worcestershire sauce""}, {""quantity"": ""1/2"", ""unit"": ""cup"", ""name"": ""beef broth or 1/2 cup red wine""}, {""quantity"": ""1"", ""unit"": ""teaspoon"", ""name"": ""ground mustard""}, {""quantity"": ""1/2"", ""unit"": ""teaspoon"", ""name"": ""sugar""}, {""quantity"": ""2"", ""unit"": ""teaspoons"", ""name"": ""cornstarch""}, {""quantity"": ""1"", ""unit"": ""tablespoon"", ""name"": ""water""}]",4.0,373,707.2,50.1,22.1,238.4,369.0,4.8,0.2,1.1,55.8
18741,Boiled Carrot Salad Dip,"[{""quantity"": ""500"", ""unit"": ""g"", ""name"": ""carrots""}, {""name"": ""salt and pepper""}, {""quantity"": ""1/2-1"", ""unit"": ""teaspoon"", ""name"": ""harissa or 1 teaspoon paprika (and a good pinch cayenne)""}, {""quantity"": ""1 -2"", ""unit"": ""teaspoon"", ""name"": ""cumin""}, {""quantity"": ""3"", ""unit"": ""tablespoons"", ""name"": ""cider vinegar""}, {""quantity"": ""2 -3"", ""unit"": ""tablespoons"", ""name"": ""olive oil""}, {""quantity"": ""2"", ""unit"": ""cloves"", ""name"": ""garlic"", ""description"": ""crushed""}, {""quantity"": ""1/4-1/2"", ""unit"": ""teaspoon"", ""name"": ""ginger""}, {""name"": ""olive (to garnish)""}]",,101,132.2,7.3,1.0,0.0,112.3,16.2,4.6,7.3,1.7
18861,Upside Down Pizza,"[{""quantity"": ""1"", ""unit"": ""lb"", ""name"": ""ground beef""}, {""quantity"": ""1"", ""unit"": ""cup"", ""name"": ""chopped onion""}, {""quantity"": ""14"", ""unit"": ""ounces"", ""name"": ""spaghetti sauce""}, {""quantity"": ""2"", ""unit"": ""cups"", ""name"": ""shredded mozzarella cheese""}, {""quantity"": ""1"", ""unit"": ""cup"", ""name"": ""milk""}, {""quantity"": ""2"", ""name"": ""eggs""}, {""quantity"": ""1"", ""unit"": ""teaspoon"", ""name"": ""oil""}, {""quantity"": ""1"", ""unit"": ""cup"", ""name"": ""flour""}, {""quantity"": ""1/2"", ""unit"": ""teaspoon"", ""name"": ""salt""}]",9.0,169,313.7,17.0,7.4,104.7,572.6,19.6,0.8,5.3,19.7
18890,Dill Dressing,"[{""quantity"": ""2"", ""unit"": ""tablespoons"", ""name"": ""red wine vinegar""}, {""quantity"": ""1"", ""unit"": ""teaspoon"", ""name"": ""Dijon mustard""}, {""quantity"": ""1/4"", ""unit"": ""cup"", ""name"": ""vegetable oil""}, {""quantity"": ""3"", ""unit"": ""tablespoons"", ""name"": ""olive oil""}, {""quantity"": ""2"", ""unit"": ""tablespoons"", ""name"": ""sour cream""}, {""quantity"": ""2"", ""unit"": ""tablespoons"", ""name"": ""dill weed""}, {""quantity"": ""1/2"", ""unit"": ""teaspoon"", ""name"": ""salt""}]",,157,1194.1,133.3,20.6,16.6,1656.7,1.5,0.2,1.2,1.0
19071,See's Chocolate,"[{""quantity"": ""12"", ""unit"": ""ounces"", ""name"": ""real chocolate chips""}, {""quantity"": ""1/2"", ""unit"": ""cup"", ""name"": ""real butter""}, {""quantity"": ""1"", ""unit"": ""teaspoon"", ""name"": ""vanilla""}, {""quantity"": ""1"", ""unit"": ""teaspoon"", ""name"": ""salt""}, {""quantity"": ""2"", ""name"": ""eggs""}, {""quantity"": ""1"", ""unitQuantity"": ""16"", ""unitUnit"": ""ounce"", ""unit"": ""box"", ""name"": ""powdered sugar""}]",12.0,84,363.9,17.0,10.2,55.6,263.5,55.6,1.7,52.6,2.3
19431,Chantilly Potatoes,"[{""quantity"": ""6"", ""unit"": ""cups"", ""name"": ""mashed potatoes""}, {""quantity"": ""1"", ""unit"": ""cup"", ""name"": ""turkey or 1 cup corned beef"", ""description"": ""in small dice""}, {""quantity"": ""1/2"", ""unit"": ""cup"", ""name"": ""whipping cream""}, {""quantity"": ""1"", ""unit"": ""cup"", ""name"": ""cheddar cheese"", ""description"": ""grated""}]",,272,529.4,24.2,14.4,94.9,1668.6,56.5,4.7,4.9,21.5
19443,Waikiki Meatballs,"[{""quantity"": ""1 1/2"", ""unit"": ""lbs"", ""name"": ""hamburger""}, {""quantity"": ""2/3"", ""unit"": ""cup"", ""name"": ""cracker crumb""}, {""quantity"": ""1"", ""name"": ""egg""}, {""quantity"": ""1/4"", ""unit"": ""cup"", ""name"": ""milk""}, {""quantity"": ""1"", ""unit"": ""pinch"", ""name"": ""salt""}, {""quantity"": ""1/3"", ""unit"": ""cup"", ""name"": ""vinegar""}, {""quantity"": ""2"", ""unit"": ""tablespoons"", ""name"": ""cornstarch""}, {""quantity"": ""1/2"", ""unit"": ""cup"", ""name"": ""brown sugar""}, {""quantity"": ""1"", ""unitQuantity"": ""13 1/2"", ""unitUnit"": ""ounce"", ""unit"": ""can"", ""name"": ""pineapple (diced"", ""description"": ""cubed,whatever)""}, {""quantity"": ""1"", ""unit"": ""tablespoon"", ""name"": ""soy sauce""}, {""name"": ""rice"", ""description"": ""for guests (I use the 5 minute type)""}]",4.0,471,599.6,21.6,8.2,162.8,440.7,59.8,1.9,36.3,40.1
19546,My Favorite Guacamole,"[{""quantity"": ""2"", ""unit"": ""medium"", ""name"": ""avocados"", ""description"": ""peeled and seeded""}, {""quantity"": ""1/2"", ""unit"": ""can"", ""name"": ""Ro-Tel tomatoes""}, {""quantity"": ""1"", ""unitQuantity"": ""3"", ""unitUnit"": ""ounce"", ""unit"": ""package"", ""name"": ""cream cheese"", ""description"": ""softened""}, {""quantity"": ""1"", ""unit"": ""teaspoon"", ""name"": ""garlic salt""}]",,49,116.8,11.0,3.1,11.7,37.7,4.7,3.4,0.7,1.6
19547,Lemon Sprouts,"[{""quantity"": ""250 -500"", ""unit"": ""g"", ""name"": ""Brussels sprouts""}, {""quantity"": ""2"", ""unit"": ""teaspoons"", ""name"": ""lemon juice""}, {""quantity"": ""1 -2"", ""unit"": ""teaspoon"", ""name"": ""grated fresh lemon rind""}, {""quantity"": ""2"", ""unit"": ""tablespoons"", ""name"": ""butter"", ""description"": ""melted""}, {""quantity"": ""1 -2"", ""unit"": ""clove"", ""name"": ""garlic"", ""description"": ""crushed""}]",,73,150.8,12.2,7.4,30.5,108.4,10.0,3.4,2.4,3.4
19556,Hot and Cold Taco Appetizer Dip,"[{""quantity"": ""1 1/2"", ""unit"": ""lbs"", ""name"": ""ground beef""}, {""quantity"": ""1/2"", ""unit"": ""cup"", ""name"": ""water""}, {""quantity"": ""1"", ""unit"": ""envelope"", ""name"": ""taco seasoning""}, {""quantity"": ""1"", ""unitQuantity"": ""8"", ""unitUnit"": ""ounce"", ""unit"": ""package"", ""name"": ""cream cheese"", ""description"": ""softened""}, {""quantity"": ""1"", ""unitQuantity"": ""8"", ""unitUnit"": ""ounce"", ""unit"": ""container"", ""name"": ""sour cream""}, {""quantity"": ""2"", ""unit"": ""medium"", ""name"": ""tomatoes"", ""description"": ""chopped""}, {""quantity"": ""1"", ""unit"": ""small"", ""name"": ""onion"", ""description"": ""chopped""}, {""quantity"": ""2"", ""unit"": ""cups"", ""name"": ""shredded lettuce""}, {""quantity"": ""1/2-3/4"", ""unit"": ""cup"", ""name"": ""taco sauce""}, {""quantity"": ""2"", ""unit"": ""cups"", ""name"": ""shredded sharp cheddar cheese or 2 cups Mexican blend cheese""}, {""name"": ""plain tortilla chips""}]",8.0,250,469.9,37.8,19.9,134.3,481.6,6.7,0.6,4.3,25.6
19577,Corn Salad,"[{""quantity"": ""2"", ""unit"": ""cups"", ""name"": ""frozen corn"", ""description"": ""thawed""}, {""quantity"": ""3/4"", ""unit"": ""cup"", ""name"": ""chopped tomato""}, {""quantity"": ""1/2"", ""unit"": ""cup"", ""name"": ""chopped green pepper""}, {""quantity"": ""1/2"", ""unit"": ""cup"", ""name"": ""chopped red pepper""}, {""quantity"": ""1/2"", ""unit"": ""cup"", ""name"": ""chopped celery""}, {""quantity"": ""1/4"", ""unit"": ""cup"", ""name"": ""chopped onion""}, {""quantity"": ""1/4"", ""unit"": ""cup"", ""name"": ""red wine vinegar""}, {""quantity"": ""2"", ""unit"": ""tablespoons"", ""name"": ""olive oil""}, {""quantity"": ""1"", ""unit"": ""teaspoon"", ""name"": ""sugar""}]",8.0,99,80.4,3.8,0.5,0.0,8.7,11.4,1.7,1.9,1.7
19594,Potato Chip Cookies,"[{""quantity"": ""1/2"", ""unit"": ""lb"", ""name"": ""butter"", ""description"": ""softened""}, {""quantity"": ""1/2"", ""unit"": ""lb"", ""name"": ""margarine"", ""description"": ""softened""}, {""quantity"": ""1"", ""unit"": ""cup"", ""name"": ""sugar""}, {""quantity"": ""1"", ""unit"": ""tablespoon"", ""name"": ""vanilla""}, {""quantity"": ""3 1/2"", ""unit"": ""cups"", ""name"": ""all-purpose flour""}, {""quantity"": ""1/2"", ""unit"": ""cup"", ""name"": ""crushed potato chips""}, {""name"": ""confectioners\\u0027 sugar""}]",,1205,1415.9,92.8,37.3,122.0,864.5,134.4,3.0,50.7,12.3
19600,Banana Lime Marinade,"[{""quantity"": ""3"", ""name"": ""ripe bananas""}, {""quantity"": ""2"", ""unit"": ""tablespoons"", ""name"": ""mayonnaise""}, {""quantity"": ""1/2"", ""unit"": ""cup"", ""name"": ""plain yogurt""}, {""quantity"": ""1"", ""unit"": ""tablespoon"", ""name"": ""Dijon mustard""}, {""quantity"": ""4"", ""unit"": ""tablespoons"", ""name"": ""lime juice""}, {""quantity"": ""2"", ""unit"": ""dashes"", ""name"": ""Tabasco sauce"", ""description"": ""to taste""}, {""quantity"": ""1"", ""unit"": ""teaspoon"", ""name"": ""chopped green onion""}, {""quantity"": ""1"", ""unit"": ""clove"", ""name"": ""garlic"", ""description"": ""minced""}, {""name"": ""salt""}, {""name"": ""pepper""}, {""quantity"": ""1"", ""unit"": ""tablespoon"", ""name"": ""honey"", ""description"": ""to taste""}]",,578,484.0,5.8,3.0,15.9,236.7,110.9,10.1,67.5,9.3
19620,Maryland Is For Crabs!,"[{""quantity"": ""2"", ""unit"": ""ounces"", ""name"": ""unsalted butter""}, {""quantity"": ""1"", ""unit"": ""ounce"", ""name"": ""plain flour""}, {""quantity"": ""6"", ""name"": ""fluid ounces milk""}, {""quantity"": ""1/2"", ""unit"": ""teaspoon"", ""name"": ""ground mace""}, {""quantity"": ""1/4"", ""unit"": ""teaspoon"", ""name"": ""salt""}, {""quantity"": ""1/4"", ""unit"": ""teaspoon"", ""name"": ""pepper""}, {""quantity"": ""1/2"", ""unit"": ""lb"", ""name"": ""crabmeat"", ""description"": ""picked over""}, {""quantity"": ""2"", ""unit"": ""tablespoons"", ""name"": ""heavy cream""}, {""quantity"": ""2"", ""unit"": ""ounces"", ""name"": ""fresh white breadcrumbs""}, {""quantity"": ""1"", ""unit"": ""tablespoon"", ""name"": ""grated parmesan cheese""}, {""name"": ""lemon wedge"", ""description"": ""to garnish""}]",,147,552.3,34.5,20.9,144.1,1523.8,31.0,1.2,1.3,29.0
19823,Hungarian Goulash,"[{""name"": ""vegetable oil cooking spray""}, {""quantity"": ""2"", ""unit"": ""lbs"", ""name"": ""boneless beef chuck"", ""description"": ""cut into 1/2-1 inch cubes""}, {""quantity"": ""2 -3"", ""unit"": ""tablespoons"", ""name"": ""flour""}, {""quantity"": ""1"", ""unit"": ""medium"", ""name"": ""onion"", ""description"": ""chopped very small""}, {""quantity"": ""1"", ""name"": ""green bell pepper"", ""description"": ""chopped very small""}, {""quantity"": ""2"", ""unit"": ""teaspoons"", ""name"": ""minced garlic""}, {""quantity"": ""1/2"", ""unit"": ""teaspoon"", ""name"": ""pepper""}, {""quantity"": ""3"", ""unit"": ""tablespoons"", ""name"": ""sweet Hungarian paprika (not the hot kind)""}, {""quantity"": ""1/2"", ""unit"": ""teaspoon"", ""name"": ""dried thyme""}, {""quantity"": ""1"", ""name"": ""bay leaf""}, {""quantity"": ""1"", ""unitQuantity"": ""14"", ""unitUnit"": ""ounce"", ""unit"": ""can"", ""name"": ""diced tomatoes""}, {""quantity"": ""1"", ""unitQuantity"": ""8"", ""unitUnit"": ""ounce"", ""unit"": ""container"", ""name"": ""sour cream""}]",8.0,239,346.7,16.2,7.4,127.6,200.3,9.8,2.2,3.1,39.7
19862,Mexican Dish,"[{""quantity"": ""2"", ""unit"": ""lbs"", ""name"": ""ground beef""}, {""quantity"": ""1/2"", ""name"": ""onion"", ""description"": ""chopped""}, {""quantity"": ""2"", ""unit"": ""teaspoons"", ""name"": ""garlic salt (to taste)""}, {""quantity"": ""1"", ""unit"": ""teaspoon"", ""name"": ""black pepper""}, {""quantity"": ""1"", ""unit"": ""can"", ""name"": ""Rotel Tomatoes""}, {""quantity"": ""1"", ""unit"": ""can"", ""name"": ""ranch style bean""}, {""quantity"": ""1"", ""unit"": ""can"", ""name"": ""cream of mushroom soup""}, {""quantity"": ""2"", ""unit"": ""lbs"", ""name"": ""shredded cheddar cheese""}, {""name"": ""corn tortilla""}]",,421,1491.8,113.9,62.3,392.8,2418.6,13.7,0.5,2.9,101.0
20000,Easy Sausage Blueberry Muffin Breakfast Cake,"[{""quantity"": ""2"", ""unit"": ""packages"", ""name"": ""of real blueberry muffin mix""}, {""quantity"": ""1"", ""unit"": ""lb"", ""name"": ""roll of pork sausage""}]",,30,115.0,10.0,3.3,27.2,240.6,0.0,0.0,0.0,5.7
20182,Spinach Stuffed Shells,"[{""quantity"": ""1"", ""unit"": ""package"", ""name"": ""jumbo pasta shells"", ""description"": ""for stuffing""}, {""quantity"": ""2"", ""unitQuantity"": ""9"", ""unitUnit"": ""ounce"", ""unit"": ""packages"", ""name"": ""frozen creamed spinach (cook in pouch type)""}, {""quantity"": ""1"", ""unitQuantity"": ""15"", ""unitUnit"": ""ounce"", ""unit"": ""container"", ""name"": ""ricotta cheese""}, {""quantity"": ""1"", ""unitQuantity"": ""8"", ""unitUnit"": ""ounce"", ""unit"": ""package"", ""name"": ""shredded mozzarella cheese""}, {""quantity"": ""1"", ""unit"": ""teaspoon"", ""name"": ""salt""}, {""quantity"": ""1/2"", ""unit"": ""teaspoon"", ""name"": ""pepper""}, {""quantity"": ""1"", ""unit"": ""teaspoon"", ""name"": ""garlic powder""}, {""quantity"": ""1"", ""unit"": ""teaspoon"", ""name"": ""onion powder""}, {""quantity"": ""1/2"", ""unit"": ""lb"", ""name"": ""ground beef""}, {""quantity"": ""1"", ""unitQuantity"": ""32"", ""unitUnit"": ""ounce"", ""unit"": ""jar"", ""name"": ""spaghetti sauce (your choice)""}]",,238,559.7,36.5,16.4,104.3,1709.5,28.0,2.3,15.1,29.4
20354,Strawberry Punch,"[{""quantity"": ""1"", ""unitQuantity"": ""6"", ""unitUnit"": ""ounce"", ""unit"": ""can"", ""name"": ""frozen lemonade concentrate"", ""description"": ""thawed""}, {""quantity"": ""1"", ""unitQuantity"": ""8"", ""unitUnit"": ""ounce"", ""unit"": ""can"", ""name"": ""crushed pineapple""}, {""quantity"": ""1"", ""unitQuantity"": ""10"", ""unitUnit"": ""ounce"", ""unit"": ""package"", ""name"": ""frozen strawberries"", ""description"": ""thawed""}, {""quantity"": ""2"", ""unit"": ""quarts"", ""name"": ""cold ginger ale""}]",16.0,167,81.0,0.1,0.0,0.0,9.6,21.0,0.5,19.6,0.2
20357,Pesto Pasta Salad,"[{""quantity"": ""1/2"", ""unit"": ""cup"", ""name"": ""macadamia nuts"", ""description"": ""lightly toasted""}, {""quantity"": ""3"", ""unit"": ""cloves"", ""name"": ""garlic""}, {""quantity"": ""1 1/2"", ""unit"": ""cups"", ""name"": ""cilantro leaves""}, {""quantity"": ""1/2"", ""unit"": ""cup"", ""name"": ""goat cheese""}, {""quantity"": ""1"", ""unit"": ""teaspoon"", ""name"": ""salt""}, {""quantity"": ""1/2"", ""unit"": ""teaspoon"", ""name"": ""black pepper""}, {""quantity"": ""2"", ""name"": ""jalapeno peppers"", ""description"": ""seeded and roughly chopped""}, {""quantity"": ""4"", ""unit"": ""tablespoons"", ""name"": ""extra virgin olive oil""}, {""quantity"": ""2"", ""unit"": ""tablespoons"", ""name"": ""lime juice""}, {""quantity"": ""400"", ""unit"": ""g"", ""name"": ""pasta"", ""description"": ""cooked""}, {""name"": ""parmesan cheese""}, {""quantity"": ""1"", ""unit"": ""box"", ""name"": ""cherry tomatoes"", ""description"": ""cut in half""}]",,156,1240.1,55.6,8.3,0.0,1181.9,158.4,10.3,6.0,29.6
20517,Yogurt Fruit Parfait,"[{""quantity"": ""1"", ""unit"": ""cup"", ""name"": ""sugar-free non-fat vanilla yogurt""}, {""quantity"": ""1"", ""unit"": ""teaspoon"", ""name"": ""lemon juice""}, {""quantity"": ""2"", ""unit"": ""tablespoons"", ""name"": ""fat free cream cheese""}, {""quantity"": ""1"", ""unitQuantity"": ""20"", ""unitUnit"": ""ounce"", ""unit"": ""can"", ""name"": ""lucky leaf cherry pie filling"", ""description"": ""sweetened with splenda""}, {""quantity"": ""6"", ""unit"": ""tablespoons"", ""name"": ""hulled and crushed fresh strawberries""}, {""quantity"": ""1/4"", ""unit"": ""cup"", ""name"": ""nabisco reduced-fat graham cracker crumbs""}, {""quantity"": ""1/4"", ""unit"": ""cup"", ""name"": ""fat-free whipped topping"", ""description"": ""thawed""}, {""name"": ""strawberry"", ""description"": ""cut into fans,garnish""}]",3.0,232,236.3,1.3,0.7,3.8,40.7,55.0,1.5,1.3,1.0
20573,Baked Mascarpone Cheesecake with Stewed Rhubarb,"[{""quantity"": ""125"", ""unit"": ""g"", ""name"": ""butter"", ""description"": ""melted""}, {""quantity"": ""1 1/2"", ""unit"": ""cups"", ""name"": ""caster sugar""}, {""quantity"": ""3/4"", ""unit"": ""cup"", ""name"": ""plain flour or 3/4 cup gluten-free flour""}, {""quantity"": ""200"", ""unit"": ""g"", ""name"": ""polenta""}, {""quantity"": ""7"", ""name"": ""eggs""}, {""quantity"": ""600"", ""unit"": ""g"", ""name"": ""cream cheese"", ""description"": ""room temperature""}, {""quantity"": ""150"", ""unit"": ""g"", ""name"": ""mascarpone cheese"", ""description"": ""room temperature""}, {""quantity"": ""1/4"", ""unit"": ""cup"", ""name"": ""cream""}, {""quantity"": ""2"", ""unit"": ""teaspoons"", ""name"": ""vanilla extract""}, {""quantity"": ""1"", ""name"": ""orange"", ""description"": ""zest of""}, {""quantity"": ""1"", ""name"": ""lemon"", ""description"": ""zest of""}]",,173,740.5,46.4,27.4,309.2,384.3,68.3,2.1,38.3,14.7
20818,Shrimp Scampi,"[{""quantity"": ""2"", ""unit"": ""lbs"", ""name"": ""medium shrimp"", ""description"": ""peeled and deveined""}, {""quantity"": ""1"", ""unitQuantity"": ""8"", ""unitUnit"": ""ounce"", ""unit"": ""package"", ""name"": ""linguine"", ""description"": ""uncooked""}, {""quantity"": ""8"", ""name"": ""garlic cloves"", ""description"": ""minced""}, {""quantity"": ""1"", ""unit"": ""cup"", ""name"": ""butter or 1 cup margarine"", ""description"": ""melted""}, {""quantity"": ""1"", ""unit"": ""cup"", ""name"": ""white wine""}, {""quantity"": ""1/4"", ""unit"": ""teaspoon"", ""name"": ""salt""}, {""quantity"": ""1/8"", ""unit"": ""teaspoon"", ""name"": ""pepper""}, {""quantity"": ""1/4"", ""unit"": ""cup"", ""name"": ""chopped parsley""}]",4.0,410,838.5,49.2,29.6,408.5,1847.0,48.5,2.1,2.2,39.4
20854,Banana Cream Cheesecake,"[{""quantity"": ""1 3/4"", ""unit"": ""cups"", ""name"": ""graham cracker crumbs (about 28 squares)""}, {""quantity"": ""1/4"", ""unit"": ""cup"", ""name"": ""sugar""}, {""quantity"": ""1/2"", ""unit"": ""cup"", ""name"": ""butter"", ""description"": ""melted""}, {""quantity"": ""1"", ""unitQuantity"": ""8"", ""unitUnit"": ""ounce"", ""unit"": ""package"", ""name"": ""cream cheese"", ""description"": ""softened""}, {""quantity"": ""1/2"", ""unit"": ""cup"", ""name"": ""sugar""}, {""quantity"": ""1"", ""unitQuantity"": ""8"", ""unitUnit"": ""ounce"", ""unit"": ""carton"", ""name"": ""frozen whipped topping"", ""description"": ""thawed,divided""}, {""quantity"": ""3 -4"", ""name"": ""sliced firm bananas"", ""description"": ""sliced""}, {""quantity"": ""1 3/4"", ""unit"": ""cups"", ""name"": ""cold milk""}, {""quantity"": ""1"", ""unitQuantity"": ""3 1/2"", ""unitUnit"": ""ounce"", ""unit"": ""package"", ""name"": ""instant banana pudding mix""}]",10.0,174,446.1,26.0,16.4,55.4,395.4,51.5,1.3,37.2,4.5
20954,Strawberry Cream,"[{""quantity"": ""2"", ""unit"": ""cups"", ""name"": ""whipping cream""}, {""quantity"": ""1/4"", ""unit"": ""cup"", ""name"": ""confectioners\\u0027 sugar""}, {""quantity"": ""1/8"", ""unit"": ""teaspoon"", ""name"": ""salt""}, {""quantity"": ""1"", ""unit"": ""teaspoon"", ""name"": ""vanilla""}, {""quantity"": ""1"", ""unit"": ""cup"", ""name"": ""fresh strawberries""}]",8.0,81,227.1,22.1,13.7,81.5,59.2,6.8,0.4,4.6,1.3
21052,Lima Bean Casserole,"[{""quantity"": ""1"", ""unit"": ""lb"", ""name"": ""fresh lima beans or 1 lb frozen lima beans"", ""description"": ""cooked until tender""}, {""quantity"": ""1/4"", ""unit"": ""lb"", ""name"": ""bacon"", ""description"": ""chopped fried until translucent""}, {""quantity"": ""1"", ""unit"": ""medium"", ""name"": ""onion"", ""description"": ""chopped""}, {""quantity"": ""1"", ""unit"": ""medium"", ""name"": ""green pepper"", ""description"": ""chopped""}, {""quantity"": ""1"", ""unitQuantity"": ""15"", ""unitUnit"": ""ounce"", ""unit"": ""can"", ""name"": ""tomato sauce""}, {""quantity"": ""1"", ""unitQuantity"": ""14 1/2"", ""unitUnit"": ""ounce"", ""unit"": ""can"", ""name"": ""stewed tomatoes""}, {""name"": ""salt""}, {""quantity"": ""3/4"", ""unit"": ""cup"", ""name"": ""grated monterey jack cheese""}]",8.0,332,265.7,10.4,4.3,19.1,1008.1,32.3,7.9,5.7,12.6
21068,All American Wraps,"[{""quantity"": ""8"", ""unit"": ""slices"", ""name"": ""bacon""}, {""quantity"": ""4"", ""name"": ""garden vegetable flour tortillas (8 or 9 inch"", ""description"": ""can use just plain or the tomato work too)""}, {""quantity"": ""1/2"", ""unit"": ""cup"", ""name"": ""purchased bacon dip""}, {""quantity"": ""8"", ""name"": ""lettuce leaves""}, {""quantity"": ""1/2"", ""unit"": ""lb"", ""name"": ""thinly sliced deli cooked turkey breast""}, {""quantity"": ""1"", ""unit"": ""large"", ""name"": ""tomatoes"", ""description"": ""chopped""}]",4.0,196,393.2,23.3,7.5,77.9,613.6,18.8,2.1,2.1,25.9
21128,Pam's New England Apple Cobbler,"[{""quantity"": ""1 1/2"", ""unit"": ""cups"", ""name"": ""sugar""}, {""quantity"": ""3/4"", ""unit"": ""cup"", ""name"": ""chopped walnuts""}, {""quantity"": ""1"", ""unit"": ""cup"", ""name"": ""flour""}, {""quantity"": ""1"", ""unit"": ""teaspoon"", ""name"": ""baking powder""}, {""quantity"": ""1/2"", ""unit"": ""cup"", ""name"": ""evaporated milk""}, {""quantity"": ""1/2"", ""unit"": ""teaspoon"", ""name"": ""cinnamon""}, {""quantity"": ""4"", ""unit"": ""cups"", ""name"": ""thinly sliced pared apples""}, {""quantity"": ""1/4"", ""unit"": ""teaspoon"", ""name"": ""salt""}, {""quantity"": ""1"", ""name"": ""egg"", ""description"": ""beaten""}, {""quantity"": ""1"", ""unit"": ""cup"", ""name"": ""melted butter""}]",,178,720.9,43.0,21.6,122.7,410.9,81.9,3.6,59.1,7.4
21240,Hush Puppies With Onions,"[{""quantity"": ""1 3/4"", ""unit"": ""cups"", ""name"": ""cornmeal""}, {""quantity"": ""4"", ""unit"": ""tablespoons"", ""name"": ""all-purpose flour""}, {""quantity"": ""1"", ""unit"": ""teaspoon"", ""name"": ""baking powder""}, {""quantity"": ""1"", ""unit"": ""teaspoon"", ""name"": ""salt""}, {""quantity"": ""6"", ""unit"": ""tablespoons"", ""name"": ""onions"", ""description"": ""chopped""}, {""quantity"": ""1"", ""name"": ""egg"", ""description"": ""beaten""}, {""quantity"": ""2"", ""unit"": ""cups"", ""name"": ""water"", ""description"": ""boiling""}, {""quantity"": ""1"", ""unit"": ""cup"", ""name"": ""salad oil""}]",8.0,131,361.6,28.6,4.1,26.4,356.2,24.3,2.2,0.6,3.4
21296,Lucy Belle's Funky Chicken Casserole,"[{""quantity"": ""1"", ""unitQuantity"": ""6"", ""unitUnit"": ""ounce"", ""unit"": ""package"", ""name"": ""seasoned stuffing mix""}, {""quantity"": ""1"", ""unit"": ""cup"", ""name"": ""water""}, {""quantity"": ""1/4"", ""unit"": ""cup"", ""name"": ""butter"", ""description"": ""melted""}, {""quantity"": ""2 1/2"", ""unit"": ""cups"", ""name"": ""chicken"", ""description"": ""cooked""}, {""quantity"": ""1/2"", ""unit"": ""cup"", ""name"": ""onion"", ""description"": ""chopped""}, {""quantity"": ""1/2"", ""unit"": ""cup"", ""name"": ""celery"", ""description"": ""chopped""}, {""quantity"": ""1/2"", ""unit"": ""cup"", ""name"": ""mayonnaise""}, {""quantity"": ""3/4"", ""unit"": ""teaspoon"", ""name"": ""salt""}, {""quantity"": ""2"", ""name"": ""eggs"", ""description"": ""slightly beaten""}, {""quantity"": ""1 1/2"", ""unit"": ""cups"", ""name"": ""milk""}, {""quantity"": ""1"", ""unitQuantity"": ""10 3/4"", ""unitUnit"": ""ounce"", ""unit"": ""can"", ""name"": ""cream of chicken soup""}, {""quantity"": ""3"", ""unit"": ""cups"", ""name"": ""cheddar cheese"", ""description"": ""grated""}]",8.0,213,390.3,25.6,14.8,115.9,1145.0,22.8,0.9,2.8,17.1
21319,Coco Lopez Pina Colada Cake,"[{""quantity"": ""1"", ""unitQuantity"": ""18"", ""unitUnit"": ""ounce"", ""unit"": ""box"", ""name"": ""yellow cake mix""}, {""quantity"": ""3"", ""name"": ""eggs (or as called for by your cake mix)""}, {""quantity"": ""1/3"", ""unit"": ""cup"", ""name"": ""oil (or as called for by your cake mix)""}, {""quantity"": ""1 1/3"", ""unit"": ""cups"", ""name"": ""water (or as called for by your cake mix)""}, {""quantity"": ""1"", ""unitQuantity"": ""14"", ""unitUnit"": ""ounce"", ""unit"": ""can"", ""name"": ""sweetened condensed milk""}, {""quantity"": ""1"", ""unitQuantity"": ""12"", ""unitUnit"": ""ounce"", ""unit"": ""can"", ""name"": ""coco lopez pina colada nonalcoholic drink mix""}, {""quantity"": ""1"", ""unitQuantity"": ""12"", ""unitUnit"": ""ounce"", ""unit"": ""container"", ""name"": ""Cool Whip Topping""}, {""quantity"": ""1"", ""unitQuantity"": ""6"", ""unitUnit"": ""ounce"", ""unit"": ""package"", ""name"": ""fresh frozen grated coconut"", ""description"": ""thawed""}]",,163,664.6,41.8,22.1,117.3,427.9,66.6,3.3,45.1,9.2
21345,"Carne Adovada, Traditional New Mexican","[{""quantity"": ""1 1/2"", ""unit"": ""cups"", ""name"": ""crushed dried anaheim chiles"", ""description"": ""stems removed""}, {""quantity"": ""2"", ""unit"": ""tablespoons"", ""name"": ""shortening""}, {""quantity"": ""2"", ""unit"": ""tablespoons"", ""name"": ""flour""}, {""quantity"": ""4"", ""unit"": ""cloves"", ""name"": ""minced garlic""}, {""quantity"": ""1"", ""unit"": ""teaspoon"", ""name"": ""american dried oregano or 1 teaspoon mexican dried oregano""}, {""quantity"": ""3"", ""unit"": ""cups"", ""name"": ""water""}, {""quantity"": ""2"", ""unit"": ""lbs"", ""name"": ""pork"", ""description"": ""cut in strips or small cubes""}]",6.0,278,371.0,18.9,6.2,130.0,91.9,2.8,0.2,0.0,44.6
21472,Zucchini and Summer Squash Casserole,"[{""quantity"": ""2"", ""unit"": ""tablespoons"", ""name"": ""butter""}, {""quantity"": ""1"", ""unit"": ""lb"", ""name"": ""zucchini"", ""description"": ""sliced""}, {""quantity"": ""1"", ""unit"": ""lb"", ""name"": ""yellow squash"", ""description"": ""sliced""}, {""name"": ""salt \\u0026 freshly ground black pepper""}, {""quantity"": ""1"", ""unitQuantity"": ""10 3/4"", ""unitUnit"": ""ounce"", ""unit"": ""can"", ""name"": ""condensed cream of chicken soup""}, {""quantity"": ""1"", ""unitQuantity"": ""8"", ""unitUnit"": ""ounce"", ""unit"": ""carton"", ""name"": ""sour cream""}, {""quantity"": ""1"", ""unitQuantity"": ""7"", ""unitUnit"": ""ounce"", ""unit"": ""can"", ""name"": ""sliced button mushrooms"", ""description"": ""drained""}, {""quantity"": ""1/2"", ""unit"": ""cup"", ""name"": ""butter or 1/2 cup margarine"", ""description"": ""melted""}, {""quantity"": ""1"", ""unitQuantity"": ""8"", ""unitUnit"": ""ounce"", ""unit"": ""package"", ""name"": ""herb seasoned stuffing mix""}, {""quantity"": ""1"", ""unit"": ""large"", ""name"": ""onion"", ""description"": ""chopped""}]",,255,477.9,31.8,18.1,76.0,1102.3,41.1,3.3,9.8,9.3
21488,Low Sugar Blueberry Yogurt Pie,"[{""quantity"": ""1/2"", ""unit"": ""cup"", ""name"": ""low fat graham cracker crumbs""}, {""name"": ""butter-flavored cooking spray""}, {""quantity"": ""1"", ""unit"": ""package"", ""name"": ""sugar-free lemon gelatin""}, {""quantity"": ""1"", ""unit"": ""cup"", ""name"": ""boiling water""}, {""quantity"": ""2"", ""unit"": ""cups"", ""name"": ""plain nonfat yogurt""}, {""quantity"": ""2"", ""unit"": ""packets"", ""name"": ""Splenda sugar substitute""}, {""quantity"": ""1 1/2"", ""unit"": ""cups"", ""name"": ""fresh blueberries or 1 1/2 cups frozen blueberries""}, {""quantity"": ""1"", ""unit"": ""tablespoon"", ""name"": ""powdered sugar""}, {""quantity"": ""1"", ""unitQuantity"": ""16"", ""unitUnit"": ""ounce"", ""unit"": ""container"", ""name"": ""frozen light whipped topping"", ""description"": ""thawed""}]",8.0,177,183.7,7.6,6.5,2.4,90.9,23.7,0.7,22.0,6.1
21680,Caribbean Chicken,"[{""quantity"": ""1/2"", ""unit"": ""cup"", ""name"": ""lemon juice""}, {""quantity"": ""1/2"", ""unit"": ""cup"", ""name"": ""honey""}, {""quantity"": ""3"", ""unit"": ""tablespoons"", ""name"": ""canola oil""}, {""quantity"": ""6"", ""name"": ""green onions"", ""description"": ""sliced""}, {""quantity"": ""3"", ""name"": ""jalapeno peppers"", ""description"": ""seeded and chopped""}, {""quantity"": ""3"", ""unit"": ""teaspoons"", ""name"": ""dried thyme""}, {""quantity"": ""3/4"", ""unit"": ""teaspoon"", ""name"": ""salt""}, {""quantity"": ""1/4"", ""unit"": ""teaspoon"", ""name"": ""allspice""}, {""quantity"": ""1/4"", ""unit"": ""teaspoon"", ""name"": ""nutmeg""}, {""quantity"": ""6"", ""name"": ""boneless chicken breasts"", ""description"": ""skinless""}]",6.0,224,411.8,20.6,4.4,92.8,386.3,27.1,1.0,24.3,30.8
21730,Basic Cheesy Chicken Pita,"[{""quantity"": ""1"", ""name"": ""pita bread"", ""description"": ""pocket""}, {""name"": ""shredded fat-free cheddar cheese (kraft makes a great one)""}, {""name"": ""fat-free cottage cheese""}, {""name"": ""shredded cooked chicken breast (low fat)""}]",,60,165.0,0.7,0.1,0.0,321.6,33.4,1.3,0.8,5.5
21936,Chocolate Mudslide Pie,"[{""quantity"": ""1"", ""unit"": ""cup"", ""name"": ""semi-sweet chocolate chips""}, {""quantity"": ""1"", ""unit"": ""teaspoon"", ""name"": ""instant coffee""}, {""quantity"": ""1"", ""unit"": ""teaspoon"", ""name"": ""hot water""}, {""quantity"": ""3/4"", ""unit"": ""cup"", ""name"": ""sour cream""}, {""quantity"": ""1/2"", ""unit"": ""cup"", ""name"": ""sugar""}, {""quantity"": ""1"", ""unit"": ""teaspoon"", ""name"": ""vanilla""}, {""quantity"": ""1"", ""name"": ""prepared 9 inch chocolate crumb crust""}, {""quantity"": ""1"", ""unit"": ""cup"", ""name"": ""confectioners\\u0027 sugar""}, {""quantity"": ""1/4"", ""unit"": ""cup"", ""name"": ""unsweetened baking cocoa""}, {""quantity"": ""1 1/2"", ""unit"": ""cups"", ""name"": ""heavy cream or 1 1/2 cups whipping cream""}, {""quantity"": ""1/4"", ""unit"": ""cup"", ""name"": ""semi-sweet chocolate chips (to garnish)""}]",8.0,151,556.7,36.4,18.9,70.9,218.9,59.6,2.5,45.0,4.5
21949,Mushroom and Cream Cheese Canapes,"[{""quantity"": ""8"", ""unit"": ""ounces"", ""name"": ""softened cream cheese""}, {""quantity"": ""2"", ""unit"": ""tablespoons"", ""name"": ""softened butter""}, {""quantity"": ""1"", ""name"": ""egg yolk""}, {""quantity"": ""2"", ""unit"": ""tablespoons"", ""name"": ""freshly grated parmesan cheese""}, {""name"": ""fresh ground black pepper""}, {""quantity"": ""8"", ""name"": ""chopped large white mushrooms""}, {""quantity"": ""1/3"", ""unit"": ""cup"", ""name"": ""chopped scallion""}, {""quantity"": ""1"", ""unit"": ""small"", ""name"": ""thinly sliced baguette"", ""description"": ""loaf""}]",10.0,48,190.7,11.8,7.0,50.8,273.4,16.1,1.1,0.5,5.4
22050,Honey Steak Marinade,"[{""quantity"": ""1/2"", ""unit"": ""cup"", ""name"": ""soy sauce""}, {""quantity"": ""1/2"", ""unit"": ""cup"", ""name"": ""honey""}, {""quantity"": ""2"", ""unit"": ""tablespoons"", ""name"": ""vinegar""}, {""quantity"": ""1"", ""unit"": ""tablespoon"", ""name"": ""fresh ginger""}, {""quantity"": ""2"", ""unit"": ""cloves"", ""name"": ""garlic"", ""description"": ""crushed""}, {""quantity"": ""1/2"", ""unit"": ""cup"", ""name"": ""olive oil""}, {""quantity"": ""1 1/2"", ""unit"": ""lbs"", ""name"": ""flank steaks""}]",2.0,572,1349.1,82.3,19.2,231.3,4211.3,75.4,0.9,70.9,80.3
22114,"Linguine with Bacon, Sun-Dried Tomatoes and Cream","[{""quantity"": ""1"", ""unit"": ""tablespoon"", ""name"": ""olive oil""}, {""quantity"": ""4"", ""name"": ""bacon"", ""description"": ""slices chopped""}, {""quantity"": ""2"", ""unit"": ""large"", ""name"": ""shallots"", ""description"": ""chopped""}, {""quantity"": ""1/2"", ""unit"": ""cup"", ""name"": ""whipping cream""}, {""quantity"": ""1/4"", ""unit"": ""cup"", ""name"": ""sun-dried tomato packed in oil"", ""description"": ""drained \\u0026 sliced""}, {""quantity"": ""1/2"", ""unit"": ""lb"", ""name"": ""linguine (I use gluten-free)""}, {""quantity"": ""1/4"", ""unit"": ""cup"", ""name"": ""grated parmigiano-reggiano cheese""}, {""quantity"": ""2"", ""unit"": ""tablespoons"", ""name"": ""pine nuts"", ""description"": ""toasted""}, {""name"": ""fresh Italian parsley"", ""description"": ""minced""}, {""name"": ""additional grated parmesan cheese""}]",2.0,251,829.9,41.0,17.4,88.7,237.2,94.8,4.8,2.4,22.2
22319,Spinach and Turkey Stuffed Shells,"[{""quantity"": ""1"", ""unitQuantity"": ""10"", ""unitUnit"": ""ounce"", ""unit"": ""package"", ""name"": ""frozen chopped spinach""}, {""quantity"": ""2"", ""unit"": ""tablespoons"", ""name"": ""olive oil""}, {""quantity"": ""2"", ""unit"": ""teaspoons"", ""name"": ""crushed garlic""}, {""quantity"": ""1 1/2"", ""unit"": ""lbs"", ""name"": ""ground turkey""}, {""quantity"": ""1"", ""unit"": ""cup"", ""name"": ""chopped fresh parsley""}, {""quantity"": ""1"", ""unit"": ""cup"", ""name"": ""crackers or 1 cup breadcrumbs""}, {""quantity"": ""2"", ""name"": ""eggs"", ""description"": ""beaten""}, {""quantity"": ""3"", ""unit"": ""tablespoons"", ""name"": ""grated cheese""}, {""quantity"": ""1"", ""unitQuantity"": ""12"", ""unitUnit"": ""ounce"", ""unit"": ""package"", ""name"": ""jumbo pasta shells"", ""description"": ""cooked and drained""}, {""quantity"": ""3"", ""unit"": ""cups"", ""name"": ""favorite spaghetti sauce""}]",9.0,219,426.9,16.4,4.0,109.7,629.2,45.1,2.9,8.6,24.2
22503,Chicago Italian Beef,"[{""quantity"": ""5"", ""unit"": ""lbs"", ""name"": ""rump roast (do not substitute for a different type roast)""}, {""quantity"": ""2"", ""unitQuantity"": ""10 1/4"", ""unitUnit"": ""ounce"", ""unit"": ""cans"", ""name"": ""beef consomme (Broth)""}, {""quantity"": ""1"", ""unitQuantity"": ""1"", ""unitUnit"": ""ounce"", ""unit"": ""package"", ""name"": ""Good Seasonings Italian salad dressing mix""}, {""name"": ""pepperoncini pepper (1/2-1 jars depending on level of spiciness)""}, {""name"": ""giardiniera (1/2-1 jars)""}, {""quantity"": ""3 -5"", ""name"": ""sweet green peppers (according to size)""}, {""quantity"": ""1"", ""unit"": ""loaf"", ""name"": ""long thin French bread""}]",,4230,1519.4,59.0,22.8,340.2,2052.2,119.9,6.1,7.0,121.5
22511,"Barbecue Sauce? Marinade? Who cares, it's yummy!","[{""quantity"": ""1"", ""unit"": ""cup"", ""name"": ""vinegar (preferably cider)""}, {""quantity"": ""1/2"", ""unit"": ""stick"", ""name"": ""butter""}, {""quantity"": ""1"", ""unit"": ""teaspoon"", ""name"": ""garlic powder""}, {""quantity"": ""1"", ""unit"": ""teaspoon"", ""name"": ""onion powder""}, {""quantity"": ""1"", ""unit"": ""tablespoon"", ""name"": ""Worcestershire sauce""}, {""quantity"": ""1"", ""unit"": ""tablespoon"", ""name"": ""lemon juice""}, {""quantity"": ""1"", ""unit"": ""tablespoon"", ""name"": ""paprika""}, {""quantity"": ""1"", ""unit"": ""tablespoon"", ""name"": ""cornstarch""}, {""quantity"": ""1/4"", ""unit"": ""cup"", ""name"": ""water""}]",,405,333.8,31.2,19.4,81.0,334.2,8.4,2.0,3.0,1.5
22528,Tamari Cashews,"[{""quantity"": ""1 -2"", ""unit"": ""tablespoon"", ""name"": ""canola oil or 1 -2 tablespoon sunflower oil""}, {""quantity"": ""1"", ""unit"": ""lb"", ""name"": ""broken cashews""}, {""quantity"": ""2"", ""unit"": ""tablespoons"", ""name"": ""tamari or 2 tablespoons soy sauce""}]",,504,916.3,74.8,14.2,0.0,1638.0,50.1,4.6,7.8,24.4
22560,Swiss Steak,"[{""quantity"": ""1/4"", ""unit"": ""cup"", ""name"": ""flour""}, {""quantity"": ""2"", ""unit"": ""lbs"", ""name"": ""round steaks"", ""description"": ""1 inch thick""}, {""quantity"": ""3"", ""unit"": ""tablespoons"", ""name"": ""shortening""}, {""quantity"": ""1/2"", ""unit"": ""cup"", ""name"": ""onion"", ""description"": ""sliced""}, {""quantity"": ""1"", ""unitQuantity"": ""16"", ""unitUnit"": ""ounce"", ""unit"": ""can"", ""name"": ""diced tomatoes""}, {""quantity"": ""2"", ""unit"": ""tablespoons"", ""name"": ""chopped green peppers""}]",,191,301.0,12.5,3.7,86.2,243.3,10.2,1.4,3.5,35.8
22643,Grilled Stuffed Portabellas,"[{""quantity"": ""4"", ""name"": ""portabella mushroom caps"", ""description"": ""only, about the same size""}, {""quantity"": ""1/4"", ""unit"": ""cup"", ""name"": ""dried breadcrumbs""}, {""quantity"": ""4"", ""unit"": ""ounces"", ""name"": ""cream cheese""}, {""quantity"": ""4"", ""unit"": ""slices"", ""name"": ""crisp bacon""}]",2.0,254,381.4,27.5,14.9,80.0,646.3,20.0,3.1,4.0,16.2
22646,Buttered Parmesan Rice,"[{""quantity"": ""3"", ""unit"": ""cups"", ""name"": ""water""}, {""quantity"": ""1 1/2"", ""unit"": ""cups"", ""name"": ""rice""}, {""quantity"": ""1/2"", ""unit"": ""cup"", ""name"": ""butter""}, {""quantity"": ""1 1/2"", ""unit"": ""cups"", ""name"": ""grated parmesan cheese""}, {""quantity"": ""1"", ""unit"": ""tablespoon"", ""name"": ""minced fresh parsley""}]",6.0,211,419.1,22.8,14.1,62.7,521.7,39.7,0.7,0.2,13.0
22867,Crisp Okra in Creamy Yogurt,"[{""quantity"": ""1"", ""unit"": ""lb"", ""name"": ""sliced okra (the frozen Cut Okra pack will also do"", ""description"": ""but prefer thinner slices)""}, {""quantity"": ""1 1/2"", ""unit"": ""cups"", ""name"": ""plain low-fat yogurt""}, {""quantity"": ""1"", ""unit"": ""teaspoon"", ""name"": ""cayenne pepper or 1 teaspoon black pepper""}, {""quantity"": ""1"", ""unit"": ""teaspoon"", ""name"": ""cumin powder""}, {""quantity"": ""1"", ""unit"": ""tablespoon"", ""name"": ""coriander powder""}, {""quantity"": ""2"", ""unit"": ""tablespoons"", ""name"": ""oil (peanut"", ""description"": ""vegetable or light olive)""}, {""name"": ""salt""}]",4.0,213,157.8,8.6,1.9,5.5,75.4,15.2,3.9,7.9,7.3
23128,Raspberry Shrub,"[{""quantity"": ""4"", ""unitQuantity"": ""10"", ""unitUnit"": ""ounce"", ""unit"": ""packages"", ""name"": ""frozen raspberries""}, {""quantity"": ""1"", ""unitQuantity"": ""6"", ""unitUnit"": ""ounce"", ""unit"": ""can"", ""name"": ""frozen lemonade concentrate"", ""description"": ""thawed""}, {""quantity"": ""2"", ""unit"": ""quarts"", ""name"": ""ginger ale"", ""description"": ""chilled""}]",12.0,275,185.8,0.2,0.0,0.0,13.1,47.6,4.2,43.0,0.7
23183,"Warm Rhubarb, Red Banana, and Blackberry Salsa","[{""quantity"": ""2"", ""unit"": ""tablespoons"", ""name"": ""sweet butter""}, {""quantity"": ""3/4"", ""unit"": ""cup"", ""name"": ""orange juice""}, {""quantity"": ""1/2"", ""unit"": ""cup"", ""name"": ""brown sugar""}, {""quantity"": ""1"", ""name"": ""bay leaf (fresh if possible)""}, {""quantity"": ""1/4"", ""unit"": ""lb"", ""name"": ""rhubarb"", ""description"": ""diced""}, {""quantity"": ""1"", ""name"": ""red banana"", ""description"": ""peeled diced""}, {""quantity"": ""1"", ""unit"": ""cup"", ""name"": ""ripe blackberry""}, {""quantity"": ""1"", ""unit"": ""pinch"", ""name"": ""salt""}, {""quantity"": ""1"", ""unit"": ""dash"", ""name"": ""black pepper""}, {""quantity"": ""1"", ""unit"": ""dash"", ""name"": ""cinnamon""}, {""name"": ""Tabasco sauce"", ""description"": ""to taste""}]",4.0,171,219.4,6.2,3.7,15.3,52.5,42.1,3.2,35.5,1.4
23283,Cherry Pretzel Dessert,"[{""quantity"": ""2"", ""unit"": ""cups"", ""name"": ""crushed pretzels""}, {""quantity"": ""3/4"", ""unit"": ""cup"", ""name"": ""sugar""}, {""quantity"": ""3/4"", ""unit"": ""cup"", ""name"": ""solid margarine"", ""description"": ""melted""}, {""quantity"": ""2"", ""unit"": ""envelopes"", ""name"": ""whipped dessert topping mix""}, {""quantity"": ""1"", ""unit"": ""cup"", ""name"": ""cold milk""}, {""quantity"": ""1"", ""unit"": ""teaspoon"", ""name"": ""vanilla extract""}, {""quantity"": ""1"", ""unitQuantity"": ""8"", ""unitUnit"": ""ounce"", ""unit"": ""package"", ""name"": ""cream cheese"", ""description"": ""cubed""}, {""quantity"": ""1"", ""unit"": ""cup"", ""name"": ""confectioners\\u0027 sugar""}, {""quantity"": ""1"", ""unitQuantity"": ""21"", ""unitUnit"": ""ounce"", ""unit"": ""can"", ""name"": ""cherry pie filling""}]",16.0,122,352.0,14.8,5.1,17.7,540.7,51.1,1.1,17.6,4.7
23393,PHILLY (Italian Style) Hot Roast Pork Sandwiches,"[{""quantity"": ""3 -3 1/2"", ""unit"": ""lbs"", ""name"": ""boneless pork roast""}, {""name"": ""salt""}, {""name"": ""fresh coarse ground black pepper""}, {""name"": ""garlic powder""}, {""name"": ""basil""}, {""name"": ""italian seasoning or pizza seasoning""}, {""name"": ""dehydrated dried garlic""}, {""name"": ""water""}, {""quantity"": ""10 -12"", ""name"": ""Italian rolls (or you can use French bread if Italian rolls are not available in your area"", ""description"": ""you want a crusty roll,)""}]",12.0,145,322.3,12.1,4.2,97.5,224.0,15.9,1.0,0.1,35.0
23397,Baked Beans Don't Get Any Better Than This,"[{""quantity"": ""1"", ""unitQuantity"": ""30"", ""unitUnit"": ""ounce"", ""unit"": ""can"", ""name"": ""pork and beans""}, {""quantity"": ""1"", ""unitQuantity"": ""15"", ""unitUnit"": ""ounce"", ""unit"": ""can"", ""name"": ""butter beans"", ""description"": ""drained""}, {""quantity"": ""2"", ""unitQuantity"": ""10 3/4"", ""unitUnit"": ""ounce"", ""unit"": ""cans"", ""name"": ""tomato soup""}, {""quantity"": ""1"", ""unit"": ""lb"", ""name"": ""ground beef""}, {""quantity"": ""1/2-1"", ""unit"": ""lb"", ""name"": ""bacon""}, {""quantity"": ""2"", ""unit"": ""medium"", ""name"": ""onions"", ""description"": ""chopped""}, {""quantity"": ""1"", ""unit"": ""cup"", ""name"": ""brown sugar""}]",,388,768.5,31.6,11.3,88.2,1602.6,94.3,13.1,45.4,31.6
23424,Pineapple Cream Cheese Pizza,"[{""quantity"": ""1"", ""unit"": ""lb"", ""name"": ""frozen bread dough"", ""description"": ""thawed and cut in half""}, {""quantity"": ""2"", ""unitQuantity"": ""8"", ""unitUnit"": ""ounce"", ""unit"": ""packages"", ""name"": ""cream cheese"", ""description"": ""softened""}, {""quantity"": ""1/2"", ""unit"": ""cup"", ""name"": ""sugar""}, {""quantity"": ""6"", ""unit"": ""tablespoons"", ""name"": ""flour""}, {""quantity"": ""2"", ""name"": ""egg yolks""}, {""quantity"": ""1"", ""name"": ""grated peel and 2 tsp. lemon"", ""description"": ""juice of""}, {""quantity"": ""2"", ""unitQuantity"": ""8 1/4"", ""unitUnit"": ""ounce"", ""unit"": ""cans"", ""name"": ""crushed pineapple"", ""description"": ""drained""}, {""quantity"": ""2/3"", ""unit"": ""cup"", ""name"": ""strawberry jam""}, {""quantity"": ""2"", ""unit"": ""tablespoons"", ""name"": ""sliced almonds"", ""description"": ""toasted""}]",16.0,90,213.6,10.8,6.5,54.8,91.1,27.0,0.6,19.6,3.1
23505,Blueberry Glazed Pie,"[{""quantity"": ""1"", ""unit"": ""cup"", ""name"": ""Bisquick""}, {""quantity"": ""1/4"", ""unit"": ""cup"", ""name"": ""butter"", ""description"": ""at room temperature""}, {""quantity"": ""3"", ""unit"": ""tablespoons"", ""name"": ""boiling water""}, {""quantity"": ""6"", ""unit"": ""cups"", ""name"": ""fresh blueberries""}, {""quantity"": ""1/2"", ""unit"": ""cup"", ""name"": ""water""}, {""quantity"": ""1"", ""unit"": ""cup"", ""name"": ""sugar""}, {""quantity"": ""2 1/2"", ""unit"": ""tablespoons"", ""name"": ""cornstarch""}]",6.0,242,377.8,11.2,5.7,20.7,312.0,70.0,3.9,50.1,2.8
23513,BisQuickie Cinnamon Rolls,"[{""quantity"": ""2 1/2"", ""unit"": ""cups"", ""name"": ""Bisquick baking mix""}, {""quantity"": ""1/3"", ""unit"": ""cup"", ""name"": ""milk""}, {""quantity"": ""1"", ""name"": ""egg""}, {""quantity"": ""2"", ""unit"": ""tablespoons"", ""name"": ""butter"", ""description"": ""softened""}, {""quantity"": ""1/4"", ""unit"": ""cup"", ""name"": ""sugar""}, {""quantity"": ""2"", ""unit"": ""teaspoons"", ""name"": ""cinnamon""}, {""quantity"": ""1/4"", ""unit"": ""cup"", ""name"": ""confectioners\\u0027 sugar""}, {""quantity"": ""1"", ""unit"": ""teaspoon"", ""name"": ""water""}]",10.0,56,202.0,8.0,3.1,26.5,355.4,29.1,0.9,11.7,3.5
23588,Bow Ties And Scallops,"[{""quantity"": ""2"", ""unit"": ""cups"", ""name"": ""cooked bow tie pasta""}, {""quantity"": ""2"", ""unit"": ""tablespoons"", ""name"": ""oil""}, {""quantity"": ""2"", ""unit"": ""cloves"", ""name"": ""garlic"", ""description"": ""minced""}, {""quantity"": ""3"", ""name"": ""plum tomatoes"", ""description"": ""diced""}, {""quantity"": ""3/4"", ""unit"": ""cup"", ""name"": ""vegetable broth (use chicken broth if you like)""}, {""quantity"": ""6"", ""unit"": ""ounces"", ""name"": ""sea scallops"", ""description"": ""rinsed and cut in quarters""}, {""quantity"": ""1"", ""unit"": ""tablespoon"", ""name"": ""minced fresh parsley""}, {""quantity"": ""2"", ""unit"": ""tablespoons"", ""name"": ""parmesan cheese""}]",4.0,120,192.5,8.8,1.6,32.3,114.3,17.0,1.2,1.6,11.4
23804,Raspberry Swirled Brownies,"[{""quantity"": ""1/2"", ""unit"": ""cup"", ""name"": ""butter or 1/2 cup margarine"", ""description"": ""softened""}, {""quantity"": ""1"", ""unit"": ""cup"", ""name"": ""sugar""}, {""quantity"": ""16"", ""unit"": ""ounces"", ""name"": ""chocolate syrup""}, {""quantity"": ""4"", ""name"": ""eggs""}, {""quantity"": ""1 1/2"", ""unit"": ""cups"", ""name"": ""all-purpose flour""}, {""quantity"": ""3"", ""unit"": ""ounces"", ""name"": ""cream cheese"", ""description"": ""softened""}, {""quantity"": ""2/3"", ""unit"": ""cup"", ""name"": ""raspberry jam or 2/3 cup fruit spread""}, {""quantity"": ""1"", ""unit"": ""cup"", ""name"": ""raspberries""}]",30.0,52,170.7,6.2,3.4,39.8,94.7,26.6,0.9,15.5,2.5
23967,Orange Julius #101,"[{""quantity"": ""1"", ""unit"": ""cup"", ""name"": ""frozen concentrate orange juice"", ""description"": ""undiluted""}, {""quantity"": ""1"", ""unit"": ""cup"", ""name"": ""milk""}, {""quantity"": ""1"", ""unit"": ""cup"", ""name"": ""water""}, {""quantity"": ""1"", ""unit"": ""package"", ""name"": ""instant vanilla pudding""}, {""quantity"": ""8"", ""name"": ""ice cubes""}]",4.0,258,245.2,2.5,1.5,8.5,390.7,52.9,0.6,49.5,3.7
24211,Fresh Strawberry 3-Egg Omelette,"[{""quantity"": ""3 1/2"", ""unit"": ""ounces"", ""name"": ""fresh strawberries"", ""description"": ""washed, stemmed and sliced""}, {""quantity"": ""1"", ""unit"": ""tablespoon"", ""name"": ""strawberry preserves""}, {""quantity"": ""1"", ""unit"": ""teaspoon"", ""name"": ""brown sugar""}, {""quantity"": ""1"", ""unit"": ""tablespoon"", ""name"": ""butter or 1 tablespoon margarine""}, {""quantity"": ""3"", ""name"": ""eggs"", ""description"": ""lightly beaten""}, {""quantity"": ""1/2"", ""unit"": ""ounce"", ""name"": ""sweet vermouth""}, {""name"": ""sour cream""}, {""quantity"": ""1"", ""name"": ""whole strawberry (to garnish)""}]",1.0,301,430.0,26.8,12.0,665.0,301.0,27.7,2.5,20.3,19.8
24444,Pat's Okie Potato Salad,"[{""quantity"": ""7"", ""unit"": ""medium"", ""name"": ""potatoes"", ""description"": ""peeled,boiled and cubed""}, {""quantity"": ""3"", ""name"": ""eggs"", ""description"": ""boiled and diced""}, {""quantity"": ""1"", ""unit"": ""cup"", ""name"": ""Miracle Whip""}, {""quantity"": ""1"", ""unit"": ""teaspoon"", ""name"": ""prepared mustard""}, {""quantity"": ""3"", ""unit"": ""teaspoons"", ""name"": ""sweet pickle relish""}, {""name"": ""red onions or white onion"", ""description"": ""chopped,to your taste""}, {""name"": ""paprika""}]",,374,347.9,4.1,1.3,158.6,119.4,66.8,8.3,3.8,12.3
24501,Slippy Burgers,"[{""quantity"": ""1 3/4"", ""unit"": ""lbs"", ""name"": ""lean ground beef""}, {""quantity"": ""1 1/2"", ""unit"": ""teaspoons"", ""name"": ""salt""}, {""quantity"": ""1/4"", ""unit"": ""teaspoon"", ""name"": ""ground black pepper""}, {""quantity"": ""2"", ""unit"": ""tablespoons"", ""name"": ""smoky tomato barbecue sauce""}, {""quantity"": ""1"", ""unit"": ""tablespoon"", ""name"": ""mayonnaise""}, {""quantity"": ""1"", ""unit"": ""tablespoon"", ""name"": ""dijon-style mustard""}, {""quantity"": ""4"", ""unit"": ""slices"", ""name"": ""sharp cheddar cheese""}, {""quantity"": ""4"", ""unit"": ""slices"", ""name"": ""swiss cheese""}, {""quantity"": ""4"", ""unit"": ""large"", ""name"": ""hamburger buns"", ""description"": ""split in 1/2 and toasted""}]",4.0,332,700.1,38.8,19.4,184.2,1500.2,25.9,1.0,5.2,58.3
24509,Sausage Stuffed Tomatoes,"[{""quantity"": ""1/4"", ""unit"": ""lb"", ""name"": ""sausage meat""}, {""quantity"": ""4"", ""name"": ""firm tomatoes""}, {""quantity"": ""1"", ""unit"": ""small"", ""name"": ""minced onion""}, {""quantity"": ""1/2"", ""unit"": ""cup"", ""name"": ""breadcrumbs""}, {""quantity"": ""2"", ""unit"": ""tablespoons"", ""name"": ""consomme or 2 tablespoons bouillon""}, {""quantity"": ""1"", ""name"": ""minced garlic clove""}, {""quantity"": ""2"", ""unit"": ""tablespoons"", ""name"": ""parsley"", ""description"": ""chopped""}, {""name"": ""butter""}]",4.0,192,171.5,8.5,2.7,20.4,337.8,16.6,2.5,4.8,7.7
24564,Chocolate Coconut Nutty Oat Treasure Trunk Candy,"[{""quantity"": ""1"", ""unitQuantity"": ""16"", ""unitUnit"": ""ounce"", ""unit"": ""bag"", ""name"": ""semi-sweet chocolate chips""}, {""quantity"": ""2/3"", ""unit"": ""cup"", ""name"": ""sweetened condensed milk""}, {""quantity"": ""1/4"", ""unit"": ""cup"", ""name"": ""coconut flakes""}, {""quantity"": ""3/4"", ""unit"": ""cup"", ""name"": ""quick oats""}, {""quantity"": ""1"", ""unit"": ""teaspoon"", ""name"": ""vanilla extract""}, {""quantity"": ""1/8"", ""unit"": ""teaspoon"", ""name"": ""salt""}, {""quantity"": ""1/3"", ""unit"": ""cup"", ""name"": ""unsalted chopped nuts""}]",,17,114.4,6.2,3.4,2.3,31.8,15.3,1.2,12.3,1.8
24600,Crab Linguine,"[{""quantity"": ""1"", ""unit"": ""package"", ""name"": ""imitation crabmeat""}, {""quantity"": ""6 -8"", ""unit"": ""ounces"", ""name"": ""linguine""}, {""quantity"": ""2"", ""unit"": ""cloves"", ""name"": ""garlic"", ""description"": ""minced""}, {""quantity"": ""1"", ""unit"": ""teaspoon"", ""name"": ""dry oregano""}, {""quantity"": ""2"", ""unit"": ""tablespoons"", ""name"": ""butter""}, {""quantity"": ""1"", ""unit"": ""medium"", ""name"": ""tomatoes"", ""description"": ""chopped""}, {""quantity"": ""1/2"", ""unit"": ""cup"", ""name"": ""whipping cream""}, {""quantity"": ""1/2"", ""unit"": ""cup"", ""name"": ""sliced green onion""}, {""quantity"": ""1/2"", ""unit"": ""cup"", ""name"": ""swiss cheese"", ""description"": ""shredded""}, {""quantity"": ""1/2"", ""unit"": ""cup"", ""name"": ""parmesan cheese or 1/2 cup romano cheese"", ""description"": ""shredded""}]",4.0,150,430.3,24.9,15.2,79.4,285.5,36.9,2.3,2.6,15.3
24677,Easy Turkey No-Bean Chili,"[{""quantity"": ""1"", ""unit"": ""lb"", ""name"": ""ground turkey""}, {""quantity"": ""1"", ""unit"": ""tablespoon"", ""name"": ""olive oil""}, {""quantity"": ""1"", ""unit"": ""medium"", ""name"": ""white onions or 1 medium yellow onion"", ""description"": ""chopped""}, {""quantity"": ""4"", ""unit"": ""cloves"", ""name"": ""garlic"", ""description"": ""finely minced or 1 teaspoon crushed garlic""}, {""quantity"": ""1"", ""name"": ""bay leaf""}, {""quantity"": ""1"", ""unit"": ""teaspoon"", ""name"": ""chili powder""}, {""quantity"": ""1/2"", ""unit"": ""teaspoon"", ""name"": ""powdered chipotle pepper or 1/2 teaspoon jalapeno pepper"", ""description"": ""of your choice""}, {""quantity"": ""1"", ""unit"": ""teaspoon"", ""name"": ""dried basil""}, {""quantity"": ""1"", ""unit"": ""teaspoon"", ""name"": ""cajun seasoning""}, {""quantity"": ""1"", ""unitQuantity"": ""10"", ""unitUnit"": ""ounce"", ""unit"": ""can"", ""name"": ""diced tomatoes with mild green chilies""}, {""quantity"": ""1"", ""unitQuantity"": ""8"", ""unitUnit"": ""ounce"", ""unit"": ""can"", ""name"": ""tomato sauce or 1 (8 ounce) can tomato paste""}, {""quantity"": ""1"", ""unitQuantity"": ""12"", ""unitUnit"": ""ounce"", ""unit"": ""bottle"", ""name"": ""favorite light beer or 1 cup dry red wine""}]",6.0,260,189.8,8.7,2.0,59.8,468.0,9.5,1.1,2.5,14.7
24746,Rum Raisin Cheesecake Bars,"[{""quantity"": ""1/3"", ""unit"": ""cup"", ""name"": ""margarine"", ""description"": ""softened""}, {""quantity"": ""1/3"", ""unit"": ""cup"", ""name"": ""brown sugar"", ""description"": ""firmly packed""}, {""quantity"": ""1"", ""unit"": ""cup"", ""name"": ""flour""}, {""quantity"": ""1/2"", ""unit"": ""cup"", ""name"": ""nuts"", ""description"": ""chopped""}, {""quantity"": ""8"", ""unit"": ""ounces"", ""name"": ""cream cheese"", ""description"": ""softened""}, {""quantity"": ""1/4"", ""unit"": ""cup"", ""name"": ""sugar""}, {""quantity"": ""1"", ""name"": ""egg""}, {""quantity"": ""3"", ""unit"": ""tablespoons"", ""name"": ""rum""}, {""quantity"": ""1/2"", ""unit"": ""cup"", ""name"": ""raisins""}]",,65,338.8,20.1,7.4,51.2,216.4,33.2,1.4,18.6,5.7
24849,Caramel Filled Chocolate Cookies,"[{""quantity"": ""1"", ""unit"": ""cup"", ""name"": ""butter"", ""description"": ""softened""}, {""quantity"": ""1"", ""unit"": ""cup"", ""name"": ""white sugar""}, {""quantity"": ""1"", ""unit"": ""cup"", ""name"": ""packed brown sugar""}, {""quantity"": ""2"", ""unit"": ""large"", ""name"": ""eggs""}, {""quantity"": ""2"", ""unit"": ""teaspoons"", ""name"": ""vanilla""}, {""quantity"": ""2 1/4"", ""unit"": ""cups"", ""name"": ""flour""}, {""quantity"": ""1/2"", ""unit"": ""teaspoon"", ""name"": ""salt""}, {""quantity"": ""1"", ""unit"": ""teaspoon"", ""name"": ""baking soda""}, {""quantity"": ""1"", ""unit"": ""cup"", ""name"": ""unsweetened cocoa powder""}, {""quantity"": ""48"", ""name"": ""chocolate-covered caramel candies (I use Rollos)""}]",,1130,96.3,4.3,2.6,19.0,82.9,14.1,0.8,8.7,1.3
24852,Jet Ski Jazzin' Jolt,"[{""quantity"": ""1 1/2"", ""unit"": ""ounces"", ""name"": ""vodka""}, {""quantity"": ""1 1/2"", ""unit"": ""ounces"", ""name"": ""Malibu rum""}, {""quantity"": ""1 1/2"", ""unit"": ""ounces"", ""name"": ""grenadine""}, {""quantity"": ""1/2"", ""unit"": ""cup"", ""name"": ""pineapple-orange-banana juice""}]",1.0,131,316.2,0.0,0.0,0.0,12.4,28.5,0.0,19.8,0.0
24883,Basil Shrimp,"[{""quantity"": ""3"", ""unit"": ""lbs"", ""name"": ""shrimp"", ""description"": ""peeled and deveined""}, {""quantity"": ""3"", ""unit"": ""tablespoons"", ""name"": ""Grey Poupon mustard""}, {""quantity"": ""1/4"", ""unit"": ""cup"", ""name"": ""butter"", ""description"": ""melted""}, {""quantity"": ""3"", ""unit"": ""cloves"", ""name"": ""minced garlic""}, {""quantity"": ""2 1/2"", ""unit"": ""tablespoons"", ""name"": ""olive oil""}, {""name"": ""fresh basil (remove stems)""}, {""quantity"": ""1 1/2"", ""name"": ""lemons"", ""description"": ""juice of""}, {""name"": ""salt and pepper (white preferred)""}]",,305,1088.2,98.4,17.5,459.1,2027.5,5.1,0.1,0.5,46.6
24917,Mandarin Orange Cake,"[{""quantity"": ""1"", ""unit"": ""box"", ""name"": ""butter recipe cake mix""}, {""quantity"": ""1/4"", ""unit"": ""cup"", ""name"": ""cooking oil""}, {""quantity"": ""4"", ""name"": ""eggs""}, {""quantity"": ""1"", ""unitQuantity"": ""11"", ""unitUnit"": ""ounce"", ""unit"": ""can"", ""name"": ""mandarin oranges""}, {""quantity"": ""1"", ""unitQuantity"": ""20"", ""unitUnit"": ""ounce"", ""unit"": ""can"", ""name"": ""crushed pineapple"", ""description"": ""juice and all""}, {""quantity"": ""1"", ""unitQuantity"": ""3"", ""unitUnit"": ""ounce"", ""unit"": ""package"", ""name"": ""instant vanilla pudding""}, {""quantity"": ""1"", ""unitQuantity"": ""9"", ""unitUnit"": ""ounce"", ""unit"": ""container"", ""name"": ""Cool Whip""}]",,199,584.6,25.2,9.8,107.1,627.8,84.9,2.0,60.2,7.0
24976,"Plum, Apple and Banana Biscuit Pie","[{""quantity"": ""1"", ""unit"": ""lb"", ""name"": ""plum""}, {""quantity"": ""1"", ""name"": ""tart cooking apple"", ""description"": ""about 4 oz""}, {""quantity"": ""1"", ""unit"": ""large"", ""name"": ""banana""}, {""quantity"": ""2/3"", ""unit"": ""cup"", ""name"": ""water""}, {""quantity"": ""1"", ""unit"": ""cup"", ""name"": ""whole wheat flour (or half whole wheat and half all purpose flour)""}, {""quantity"": ""2"", ""unit"": ""teaspoons"", ""name"": ""baking powder""}, {""quantity"": ""3"", ""unit"": ""tablespoons"", ""name"": ""buttermilk or 3 tablespoons low-fat plain yogurt""}, {""name"": ""plain low-fat yogurt"", ""description"": ""to serve""}]",4.0,276,207.8,1.1,0.2,0.5,196.3,48.4,7.0,19.7,5.7
24986,Watermelon and Lychee Salad,"[{""quantity"": ""1/2"", ""name"": ""watermelon""}, {""quantity"": ""2"", ""unit"": ""lbs"", ""name"": ""lychee""}, {""quantity"": ""1/2"", ""name"": ""lemon""}, {""name"": ""sugar"", ""description"": ""to fit your taste (I prefer rock sugar)""}]",8.0,286,86.1,0.4,0.1,0.0,3.0,22.0,1.4,17.5,1.8
24991,Rich Apple Pie,"[{""quantity"": ""6"", ""unit"": ""large"", ""name"": ""golden delicious apples""}, {""quantity"": ""1/2"", ""unit"": ""tablespoon"", ""name"": ""lemon juice""}, {""quantity"": ""1/2"", ""unit"": ""cup"", ""name"": ""dark brown sugar""}, {""quantity"": ""2"", ""unit"": ""tablespoons"", ""name"": ""all-purpose flour""}, {""quantity"": ""1/2"", ""unit"": ""teaspoon"", ""name"": ""ground cinnamon""}, {""quantity"": ""1/4"", ""unit"": ""teaspoon"", ""name"": ""salt""}, {""quantity"": ""2"", ""unit"": ""tablespoons"", ""name"": ""butter""}, {""name"": ""pastry for double-crust pie""}, {""quantity"": ""2"", ""unit"": ""tablespoons"", ""name"": ""cream""}, {""name"": ""granulated sugar""}]",,189,183.1,4.3,2.6,11.8,104.9,38.3,4.2,30.8,0.8
24994,Yogurt Dressing for sliced cucumbers,"[{""quantity"": ""1/4"", ""unit"": ""cup"", ""name"": ""plain yogurt""}, {""quantity"": ""1/2"", ""unit"": ""cup"", ""name"": ""sour cream""}, {""quantity"": ""1"", ""unit"": ""tablespoon"", ""name"": ""fresh lemon juice""}, {""quantity"": ""1"", ""unit"": ""tablespoon"", ""name"": ""white sugar""}, {""quantity"": ""3"", ""unit"": ""tablespoons"", ""name"": ""extra virgin olive oil""}, {""quantity"": ""1"", ""unit"": ""dash"", ""name"": ""salt""}, {""quantity"": ""1"", ""unit"": ""clove"", ""name"": ""garlic"", ""description"": ""crushed""}, {""quantity"": ""1"", ""unit"": ""tablespoon"", ""name"": ""minced mint""}, {""quantity"": ""1"", ""unit"": ""tablespoon"", ""name"": ""minced dill""}]",,254,934.9,88.9,29.2,78.1,330.2,30.9,0.7,21.4,8.3
25054,Meatloaf,"[{""quantity"": ""1"", ""unit"": ""cup"", ""name"": ""breadcrumbs (about 2 slices)""}, {""quantity"": ""3/4"", ""unit"": ""cup"", ""name"": ""milk""}, {""quantity"": ""1 1/2"", ""unit"": ""lbs"", ""name"": ""ground beef""}, {""quantity"": ""1"", ""name"": ""egg""}, {""quantity"": ""1/4"", ""unit"": ""cup"", ""name"": ""brown sugar""}, {""name"": ""salt and pepper""}, {""quantity"": ""1/2"", ""unit"": ""cup"", ""name"": ""catsup""}]",,149,400.6,20.0,7.8,116.6,459.6,28.4,0.9,14.6,25.9
25131,"Farfalle with Chicken, Asparagus and Blue Cheese","[{""quantity"": ""1/2"", ""unit"": ""lb"", ""name"": ""farfalle pasta (bow-tie)""}, {""quantity"": ""6"", ""unit"": ""ounces"", ""name"": ""cooked chicken breasts"", ""description"": ""sliced 1/4 inch (may be grilled, poached or broiled)""}, {""quantity"": ""2"", ""unit"": ""tablespoons"", ""name"": ""extra virgin olive oil""}, {""quantity"": ""1/3"", ""unit"": ""cup"", ""name"": ""onion"", ""description"": ""finely chopped""}, {""quantity"": ""1"", ""unit"": ""clove"", ""name"": ""garlic"", ""description"": ""minced""}, {""quantity"": ""1/2"", ""unit"": ""lb"", ""name"": ""fresh asparagus"", ""description"": ""trimmed,cut into 1-1/2 inch lengths""}, {""quantity"": ""1/2"", ""unit"": ""cup"", ""name"": ""red bell pepper"", ""description"": ""diced""}, {""quantity"": ""1/2"", ""unit"": ""cup"", ""name"": ""basil leaves"", ""description"": ""loosely packed,sliced thinly""}, {""quantity"": ""4"", ""unit"": ""ounces"", ""name"": ""blue cheese"", ""description"": ""crumbled""}]",4.0,235,481.2,19.3,7.4,57.0,432.9,48.3,3.8,4.1,28.1
25180,Summer Chill,"[{""quantity"": ""2"", ""unit"": ""cups"", ""name"": ""seeded fresh watermelon""}, {""quantity"": ""10"", ""name"": ""fresh mint leaves""}, {""quantity"": ""2"", ""unit"": ""teaspoons"", ""name"": ""sugar syrup""}, {""quantity"": ""1"", ""unit"": ""teaspoon"", ""name"": ""fresh lime juice""}, {""quantity"": ""10"", ""name"": ""ice cubes""}]",1.0,523,92.9,0.5,0.1,0.0,7.5,23.5,1.3,18.9,1.9
25268,Margarita Chicken Breasts,"[{""quantity"": ""1/4"", ""unit"": ""cup"", ""name"": ""bottled margarita mix""}, {""quantity"": ""2"", ""name"": ""boneless skinless chicken breasts""}, {""quantity"": ""1"", ""unit"": ""clove"", ""name"": ""garlic"", ""description"": ""crushed""}, {""quantity"": ""2"", ""unit"": ""teaspoons"", ""name"": ""lime juice"", ""description"": ""bottled or fresh""}, {""quantity"": ""1/4"", ""unit"": ""teaspoon"", ""name"": ""kosher salt""}]",2.0,125,138.0,3.1,0.7,75.5,427.9,0.9,0.1,0.1,25.2
25284,Solo Smothered Chicken Breast,"[{""quantity"": ""1"", ""unitQuantity"": ""6"", ""unitUnit"": ""ounce"", ""name"": ""boneless skinless chicken breasts""}, {""quantity"": ""1/2"", ""unit"": ""cup"", ""name"": ""sliced onion""}, {""quantity"": ""1"", ""unitQuantity"": ""4"", ""unitUnit"": ""ounce"", ""unit"": ""can"", ""name"": ""mushroom stems and pieces (drained weight)""}, {""quantity"": ""1"", ""unit"": ""tablespoon"", ""name"": ""olive oil""}, {""quantity"": ""1"", ""unit"": ""tablespoon"", ""name"": ""butter""}, {""quantity"": ""1/4"", ""unit"": ""teaspoon"", ""name"": ""salt""}, {""quantity"": ""1/8"", ""unit"": ""teaspoon"", ""name"": ""pepper""}]",1.0,547,514.6,30.3,10.3,139.4,2018.7,21.3,7.8,9.7,42.1
25501,Turkey Meatballs,"[{""quantity"": ""1"", ""unit"": ""lb"", ""name"": ""lean ground turkey""}, {""quantity"": ""3"", ""name"": ""garlic cloves"", ""description"": ""minced""}, {""quantity"": ""1/4"", ""unit"": ""cup"", ""name"": ""onion"", ""description"": ""finely chopped""}, {""quantity"": ""1/4"", ""unit"": ""cup"", ""name"": ""parsley"", ""description"": ""chopped""}, {""quantity"": ""1/2"", ""unit"": ""teaspoon"", ""name"": ""salt""}, {""quantity"": ""1/2"", ""unit"": ""teaspoon"", ""name"": ""pepper""}, {""quantity"": ""1/2"", ""unit"": ""teaspoon"", ""name"": ""oregano""}, {""quantity"": ""1"", ""name"": ""egg"", ""description"": ""beaten""}, {""quantity"": ""1/2"", ""unit"": ""cup"", ""name"": ""dry breadcrumbs""}]",6.0,104,165.7,7.1,1.9,83.2,317.3,8.0,0.7,0.9,17.4
25525,Aioli,"[{""quantity"": ""1"", ""name"": ""egg yolk""}, {""quantity"": ""1/2-1"", ""unit"": ""cup"", ""name"": ""extra virgin olive oil""}, {""quantity"": ""1 -2"", ""name"": ""garlic clove"", ""description"": ""minced""}, {""name"": ""salt and pepper""}]",,31,504.2,56.0,8.2,94.4,5.0,0.8,0.0,0.1,1.3
25592,New York City Knish,"[{""quantity"": ""6"", ""unit"": ""medium"", ""name"": ""russet potatoes""}, {""quantity"": ""2 1/2"", ""unit"": ""tablespoons"", ""name"": ""butter""}, {""quantity"": ""1/4"", ""name"": ""minced onion""}, {""quantity"": ""3"", ""unit"": ""tablespoons"", ""name"": ""fat-free chicken broth or 3 tablespoons vegetable broth""}, {""quantity"": ""1/2"", ""unit"": ""teaspoon"", ""name"": ""salt"", ""description"": ""more to taste""}, {""quantity"": ""1/8"", ""unit"": ""teaspoon"", ""name"": ""ground black pepper"", ""description"": ""more to taste""}, {""name"": ""chives or red pepper flakes"", ""description"": ""to taste""}, {""quantity"": ""6"", ""unit"": ""sheets"", ""name"": ""phyllo dough""}]",4.0,376,398.1,9.2,5.1,19.1,521.9,71.6,7.7,2.9,8.7
25604,Very Creamy Macaroni and Cheese,"[{""quantity"": ""1/2"", ""unit"": ""cup"", ""name"": ""minced onion""}, {""quantity"": ""1"", ""unit"": ""tablespoon"", ""name"": ""oil""}, {""quantity"": ""3 1/2"", ""unit"": ""cups"", ""name"": ""cooked macaroni""}, {""quantity"": ""1 3/4"", ""unit"": ""cups"", ""name"": ""shredded cheddar cheese""}, {""quantity"": ""1"", ""unit"": ""teaspoon"", ""name"": ""parsley""}, {""quantity"": ""1/2"", ""unit"": ""cup"", ""name"": ""evaporated milk""}, {""quantity"": ""1 3/4"", ""unit"": ""cups"", ""name"": ""cottage cheese""}, {""quantity"": ""1/2"", ""unit"": ""teaspoon"", ""name"": ""salt""}, {""quantity"": ""1/4"", ""unit"": ""teaspoon"", ""name"": ""pepper""}]",6.0,210,373.5,18.3,10.1,49.9,670.1,29.7,1.6,1.4,22.0
25655,Zucchini Ribbons With Basil Butter,"[{""quantity"": ""4"", ""unit"": ""medium"", ""name"": ""zucchini (1 1/2lbs)""}, {""quantity"": ""1"", ""unit"": ""tablespoon"", ""name"": ""butter"", ""description"": ""cut into small pieces""}, {""quantity"": ""1"", ""unit"": ""tablespoon"", ""name"": ""olive oil""}, {""quantity"": ""2"", ""unit"": ""tablespoons"", ""name"": ""grated parmesan cheese""}, {""quantity"": ""2"", ""unit"": ""tablespoons"", ""name"": ""fresh basil leaves"", ""description"": ""sliced thin""}, {""quantity"": ""1/8"", ""unit"": ""teaspoon"", ""name"": ""red pepper flakes""}]",4.0,206,99.9,7.6,2.9,9.8,79.4,6.3,2.0,4.9,3.4
25679,Low Fat Fresh Peach Cobbler,"[{""quantity"": ""4"", ""name"": ""ripe peaches (skinned and sliced)""}, {""quantity"": ""2"", ""unit"": ""tablespoons"", ""name"": ""brown sugar""}, {""quantity"": ""2"", ""unit"": ""tablespoons"", ""name"": ""sugar""}, {""quantity"": ""1/8"", ""unit"": ""cup"", ""name"": ""water""}, {""quantity"": ""1/4"", ""unit"": ""cup"", ""name"": ""water""}, {""quantity"": ""1"", ""unit"": ""teaspoon"", ""name"": ""cornstarch""}, {""quantity"": ""1"", ""unit"": ""cup"", ""name"": ""jiffy mix baking mix"", ""description"": ""plus""}, {""quantity"": ""1"", ""unit"": ""tablespoon"", ""name"": ""jiffy mix baking mix""}, {""quantity"": ""1/4"", ""unit"": ""cup"", ""name"": ""fat-free half-and-half""}, {""quantity"": ""1/4"", ""unit"": ""cup"", ""name"": ""skim milk""}, {""quantity"": ""1/4"", ""unit"": ""cup"", ""name"": ""Egg Beaters egg substitute""}, {""quantity"": ""1"", ""unit"": ""teaspoon"", ""name"": ""sugar""}]",,168,276.5,5.9,1.5,1.8,377.8,52.8,3.0,31.3,5.1
25710,Mexican Hot Chocolate,"[{""quantity"": ""4"", ""unit"": ""tablespoons"", ""name"": ""sugar""}, {""quantity"": ""3"", ""unit"": ""tablespoons"", ""name"": ""cocoa""}, {""quantity"": ""1/2"", ""unit"": ""teaspoon"", ""name"": ""ground cinnamon""}, {""quantity"": ""2 1/3"", ""unit"": ""cups"", ""name"": ""milk""}, {""quantity"": ""1/2"", ""unit"": ""teaspoon"", ""name"": ""vanilla extract""}]",3.0,212,209.6,7.5,4.3,26.6,93.2,29.1,1.2,16.9,7.2
25757,BBQ Seasoned Sausage BURGERS,"[{""quantity"": ""3"", ""name"": ""eggs"", ""description"": ""beaten""}, {""quantity"": ""1/4"", ""unit"": ""cup"", ""name"": ""Worcestershire sauce""}, {""quantity"": ""1/2"", ""unit"": ""teaspoon"", ""name"": ""onion salt""}, {""quantity"": ""1/2"", ""unit"": ""teaspoon"", ""name"": ""seasoning salt""}, {""quantity"": ""1/2"", ""name"": ""seasoned pepper""}, {""quantity"": ""1/8"", ""unit"": ""teaspoon"", ""name"": ""garlic powder""}, {""quantity"": ""2"", ""unit"": ""teaspoons"", ""name"": ""hot sauce""}, {""quantity"": ""2"", ""unit"": ""lbs"", ""name"": ""ground chuck""}, {""quantity"": ""1"", ""unit"": ""lb"", ""name"": ""bulk pork sausage""}]",16.0,99,191.1,11.6,4.3,103.1,135.1,0.9,0.0,0.5,19.4
25816,Awesome Cajun Chicken Wings,"[{""quantity"": ""1"", ""unitQuantity"": ""5"", ""unitUnit"": ""lb"", ""unit"": ""bag"", ""name"": ""chicken wings""}, {""quantity"": ""1"", ""unit"": ""tablespoon"", ""name"": ""cayenne""}, {""quantity"": ""2"", ""unit"": ""tablespoons"", ""name"": ""paprika""}, {""quantity"": ""2"", ""unit"": ""tablespoons"", ""name"": ""garlic powder""}, {""quantity"": ""1"", ""unit"": ""tablespoon"", ""name"": ""dried oregano""}, {""quantity"": ""1"", ""unit"": ""tablespoon"", ""name"": ""dried thyme""}, {""quantity"": ""1"", ""unit"": ""tablespoon"", ""name"": ""onion powder""}, {""quantity"": ""1"", ""unit"": ""tablespoon"", ""name"": ""salt""}, {""quantity"": ""1/2"", ""unit"": ""teaspoon"", ""name"": ""white pepper""}, {""quantity"": ""1/2"", ""unit"": ""teaspoon"", ""name"": ""fresh ground black pepper""}, {""quantity"": ""1/4"", ""unit"": ""cup"", ""name"": ""vegetable oil""}]",,2396,118.5,8.8,2.3,36.4,180.5,0.8,0.3,0.1,8.8
26017,French-Toasted Eggplant (Aubergine),"[{""quantity"": ""1"", ""unit"": ""large"", ""name"": ""eggplant"", ""description"": ""peeled and sliced 1/2 inch thick""}, {""quantity"": ""1"", ""unit"": ""tablespoon"", ""name"": ""lemon juice""}, {""quantity"": ""1/2"", ""unit"": ""cup"", ""name"": ""chopped green onion""}, {""quantity"": ""1/2"", ""unit"": ""cup"", ""name"": ""chopped green peppers or 1/2 cup red pepper""}, {""quantity"": ""1/2"", ""unit"": ""cup"", ""name"": ""grated colby cheese""}, {""quantity"": ""1"", ""unit"": ""teaspoon"", ""name"": ""chopped fresh basil""}, {""quantity"": ""1"", ""unit"": ""teaspoon"", ""name"": ""black pepper""}, {""quantity"": ""1"", ""name"": ""egg""}, {""quantity"": ""1/2"", ""unit"": ""cup"", ""name"": ""milk""}, {""quantity"": ""1"", ""unit"": ""tablespoon"", ""name"": ""butter""}]",4.0,233,162.0,10.1,5.8,78.2,143.8,12.2,5.5,4.2,7.8
26029,Rhubarb/Raz Jelly,"[{""quantity"": ""5"", ""unit"": ""cups"", ""name"": ""rhubarb""}, {""quantity"": ""3"", ""unit"": ""cups"", ""name"": ""sugar""}, {""quantity"": ""1"", ""unitQuantity"": ""3"", ""unitUnit"": ""ounce"", ""unit"": ""package"", ""name"": ""raspberry Jell-O gelatin""}]",,1295,924.6,0.4,0.1,0.0,140.2,234.8,3.7,226.4,4.0
26035,Saucy Forgotten Beef,"[{""quantity"": ""1 1/2-2"", ""unit"": ""lbs"", ""name"": ""stew meat""}, {""quantity"": ""1"", ""unit"": ""can"", ""name"": ""campbell\\u0027s condensed cheddar cheese soup""}, {""quantity"": ""1"", ""unit"": ""can"", ""name"": ""campbell\\u0027s condensed cream of mushroom soup""}, {""quantity"": ""1"", ""unit"": ""envelope"", ""name"": ""lipton dry onion soup mix""}]",,222,615.7,44.1,18.4,132.4,1952.8,17.4,1.3,3.5,36.3
26109,Bacon Cheeseburger MeatLoaf!,"[{""quantity"": ""4"", ""unit"": ""slices"", ""name"": ""bacon""}, {""quantity"": ""1 1/2"", ""unit"": ""lbs"", ""name"": ""lean ground chuck or 1 1/2 lbs ground round""}, {""quantity"": ""1"", ""unit"": ""cup"", ""name"": ""firm fresh white breadcrumbs""}, {""quantity"": ""1"", ""unit"": ""cup"", ""name"": ""coarsely shredded sharp cheddar cheese""}, {""quantity"": ""1"", ""unit"": ""large"", ""name"": ""sweet onion"", ""description"": ""chopped (vidalia)""}, {""quantity"": ""2"", ""unit"": ""tablespoons"", ""name"": ""mayonnaise""}, {""quantity"": ""2"", ""unit"": ""tablespoons"", ""name"": ""sweet pickle relish""}, {""quantity"": ""2"", ""unit"": ""teaspoons"", ""name"": ""dry mustard""}, {""quantity"": ""3/4"", ""unit"": ""teaspoon"", ""name"": ""salt""}, {""quantity"": ""1/2"", ""unit"": ""teaspoon"", ""name"": ""ground pepper""}, {""quantity"": ""1"", ""name"": ""egg""}, {""quantity"": ""1/4"", ""unit"": ""cup"", ""name"": ""ketchup""}]",,489,973.6,60.1,30.7,326.4,3931.8,66.3,4.9,31.8,45.5
26211,Kahlua Muffins,"[{""quantity"": ""1"", ""unit"": ""box"", ""name"": ""yellow cake mix""}, {""quantity"": ""1"", ""unitQuantity"": ""3"", ""unitUnit"": ""ounce"", ""unit"": ""box"", ""name"": ""vanilla instant pudding mix""}, {""quantity"": ""4"", ""name"": ""eggs""}, {""quantity"": ""1"", ""unit"": ""cup"", ""name"": ""sour cream""}, {""quantity"": ""1"", ""unit"": ""cup"", ""name"": ""vegetable oil""}, {""quantity"": ""1"", ""unit"": ""cup"", ""name"": ""chopped pecans""}, {""quantity"": ""1"", ""unit"": ""cup"", ""name"": ""brown sugar""}, {""quantity"": ""3/4"", ""unit"": ""cup"", ""name"": ""Kahlua""}]",,1795,417.9,23.7,4.5,53.2,287.3,44.2,0.9,32.8,3.6
26311,Chocolate-Cherry Cupcakes,"[{""quantity"": ""1"", ""unitQuantity"": ""18"", ""unitUnit"": ""ounce"", ""unit"": ""package"", ""name"": ""devil\\u0027s food cake mix"", ""description"": ""divided (unprepared)""}, {""quantity"": ""2"", ""unit"": ""tablespoons"", ""name"": ""apple butter""}, {""quantity"": ""2"", ""unit"": ""tablespoons"", ""name"": ""water""}, {""quantity"": ""2"", ""unit"": ""teaspoons"", ""name"": ""almond extract""}, {""quantity"": ""16"", ""unit"": ""ounces"", ""name"": ""light canned sweet cherries (packed in light syrup"", ""description"": ""pitted)""}, {""quantity"": ""1/3"", ""unit"": ""cup"", ""name"": ""apple butter""}, {""quantity"": ""1"", ""unit"": ""teaspoon"", ""name"": ""almond extract""}, {""quantity"": ""1/2"", ""unit"": ""cup"", ""name"": ""fat free egg substitute""}]",,800,212.3,7.0,1.5,0.1,371.1,35.8,1.2,20.2,3.8
26320,"Green Goddess Dressing, non fat","[{""quantity"": ""1/2"", ""unit"": ""cup"", ""name"": ""fat-free mayonnaise""}, {""quantity"": ""1/2"", ""unit"": ""cup"", ""name"": ""fat free sour cream""}, {""quantity"": ""2"", ""unit"": ""tablespoons"", ""name"": ""vinegar""}, {""quantity"": ""2"", ""unit"": ""tablespoons"", ""name"": ""chives""}, {""quantity"": ""2"", ""unit"": ""tablespoons"", ""name"": ""parsley""}, {""quantity"": ""1"", ""unit"": ""dash"", ""name"": ""salt and pepper""}, {""quantity"": ""1"", ""unit"": ""pinch"", ""name"": ""anchovy paste"", ""description"": ""if desired""}, {""quantity"": ""1/2"", ""unit"": ""teaspoon"", ""name"": ""cilantro"", ""description"": ""if desired""}]",,300,216.9,5.3,1.7,24.7,1072.2,36.0,3.0,18.1,6.8
26416,Chocolate Choc-Chip Sour Cream Muffins,"[{""quantity"": ""5"", ""unit"": ""ounces"", ""name"": ""semisweet chocolate""}, {""quantity"": ""2"", ""name"": ""baking chocolate squares""}, {""quantity"": ""1/3"", ""unit"": ""cup"", ""name"": ""butter""}, {""quantity"": ""3/4"", ""unit"": ""cup"", ""name"": ""sour cream""}, {""quantity"": ""2/3"", ""unit"": ""cup"", ""name"": ""brown sugar"", ""description"": ""packed""}, {""quantity"": ""1/4"", ""unit"": ""cup"", ""name"": ""light corn syrup""}, {""quantity"": ""1"", ""name"": ""egg""}, {""quantity"": ""2"", ""unit"": ""teaspoons"", ""name"": ""vanilla extract""}, {""quantity"": ""1 1/2"", ""unit"": ""cups"", ""name"": ""flour""}, {""quantity"": ""1"", ""unit"": ""teaspoon"", ""name"": ""baking soda""}, {""quantity"": ""1/4"", ""unit"": ""teaspoon"", ""name"": ""salt""}, {""quantity"": ""1/2"", ""unit"": ""cup"", ""name"": ""semi-sweet chocolate chips or 1/2 cup milk chocolate chips""}]",,1226,324.1,19.5,11.9,37.5,217.4,39.4,3.6,17.8,5.1
26483,Carrot Mousse,"[{""quantity"": ""2 1/2"", ""unit"": ""cups"", ""name"": ""cleaned carrots"", ""description"": ""cut in 1/2 inch slices, cooked""}, {""quantity"": ""3"", ""unit"": ""tablespoons"", ""name"": ""butter or 3 tablespoons margarine""}, {""quantity"": ""3"", ""unit"": ""tablespoons"", ""name"": ""flour""}, {""quantity"": ""1 1/2"", ""unit"": ""cups"", ""name"": ""apple juice""}, {""quantity"": ""2"", ""unit"": ""teaspoons"", ""name"": ""vanilla""}, {""name"": ""salt""}, {""name"": ""pepper""}, {""quantity"": ""1/8"", ""unit"": ""teaspoon"", ""name"": ""nutmeg""}, {""quantity"": ""1/4"", ""unit"": ""cup"", ""name"": ""dry unseasoned breadcrumbs""}, {""quantity"": ""2"", ""unit"": ""tablespoons"", ""name"": ""parsley"", ""description"": ""chopped""}]",4.0,200,203.4,9.4,5.6,22.9,162.4,27.2,2.6,14.0,2.4
26718,Calabacitas,"[{""quantity"": ""2 -3"", ""unit"": ""medium"", ""name"": ""sized zucchini"", ""description"": ""peeled and sliced""}, {""quantity"": ""1"", ""unit"": ""cup"", ""name"": ""chopped onion""}, {""quantity"": ""1"", ""unit"": ""clove"", ""name"": ""garlic"", ""description"": ""minced""}, {""quantity"": ""1 -1 1/2"", ""unit"": ""cup"", ""name"": ""chopped green chili pepper (fresh or frozen)""}, {""quantity"": ""1"", ""unitQuantity"": ""15"", ""unitUnit"": ""ounce"", ""unit"": ""can"", ""name"": ""corn""}, {""quantity"": ""1"", ""unit"": ""tablespoon"", ""name"": ""oil""}]",,190,193.5,5.0,0.7,0.0,31.8,37.8,5.2,8.7,5.9
26768,Peanut Butter Kiss Cookies,"[{""quantity"": ""1"", ""unitQuantity"": ""14"", ""unitUnit"": ""ounce"", ""unit"": ""can"", ""name"": ""sweetened condensed milk""}, {""quantity"": ""3/4-1"", ""unit"": ""cup"", ""name"": ""smooth peanut butter""}, {""quantity"": ""1"", ""name"": ""egg""}, {""quantity"": ""1"", ""unit"": ""teaspoon"", ""name"": ""vanilla extract""}, {""quantity"": ""2"", ""unit"": ""cups"", ""name"": ""biscuit mix""}, {""quantity"": ""1"", ""unitQuantity"": ""1"", ""unitUnit"": ""lb"", ""unit"": ""bag"", ""name"": ""Hershey chocolate kiss""}]",,1355,94.8,4.9,1.8,7.4,80.8,10.8,0.5,7.8,2.3
26835,Sour Cream Coffee Cake,"[{""quantity"": ""1"", ""unit"": ""cup"", ""name"": ""butter""}, {""quantity"": ""1 1/2"", ""unit"": ""cups"", ""name"": ""sugar""}, {""quantity"": ""2"", ""name"": ""eggs""}, {""quantity"": ""1"", ""unit"": ""cup"", ""name"": ""sour cream""}, {""quantity"": ""1"", ""unit"": ""teaspoon"", ""name"": ""vanilla""}, {""quantity"": ""2"", ""unit"": ""cups"", ""name"": ""flour""}, {""quantity"": ""1 1/2"", ""unit"": ""teaspoons"", ""name"": ""baking powder""}, {""quantity"": ""1/2"", ""unit"": ""teaspoon"", ""name"": ""baking soda""}, {""quantity"": ""1/2"", ""unit"": ""teaspoon"", ""name"": ""salt""}, {""quantity"": ""3"", ""unit"": ""tablespoons"", ""name"": ""sugar""}, {""quantity"": ""2"", ""unit"": ""tablespoons"", ""name"": ""cinnamon""}]",16.0,73,283.4,15.3,9.4,63.3,244.7,34.5,0.9,21.3,3.0
26849,Easy Cheeseburger Biscuit Bake,"[{""quantity"": ""1 1/2"", ""unit"": ""lbs"", ""name"": ""ground beef""}, {""quantity"": ""1 1/2"", ""unit"": ""teaspoons"", ""name"": ""onion powder""}, {""quantity"": ""1/2"", ""unit"": ""teaspoon"", ""name"": ""garlic powder""}, {""quantity"": ""1/2"", ""unit"": ""teaspoon"", ""name"": ""black pepper""}, {""quantity"": ""1/3"", ""unit"": ""cup"", ""name"": ""ketchup""}, {""quantity"": ""1 1/2"", ""unit"": ""cups"", ""name"": ""shredded cheddar cheese""}, {""quantity"": ""1"", ""unitQuantity"": ""7 1/2"", ""unitUnit"": ""ounce"", ""unit"": ""can"", ""name"": ""refrigerated biscuits""}]",,191,746.3,47.5,20.9,160.2,1237.6,31.9,1.1,9.5,46.3
27037,Rich Tiramisu Squares,"[{""quantity"": ""1"", ""unitQuantity"": ""1/4"", ""unitUnit"": ""ounce"", ""unit"": ""envelope"", ""name"": ""unflavored gelatin""}, {""quantity"": ""1/4"", ""unit"": ""cup"", ""name"": ""cold water""}, {""quantity"": ""1"", ""name"": ""marble pound cake or 1 chocolate pound cake""}, {""quantity"": ""3"", ""unit"": ""tablespoons"", ""name"": ""coffee liqueur""}, {""quantity"": ""16"", ""unit"": ""ounces"", ""name"": ""cream cheese""}, {""quantity"": ""15"", ""unit"": ""ounces"", ""name"": ""ricotta cheese""}, {""quantity"": ""1 1/2"", ""unit"": ""cups"", ""name"": ""confectioners\\u0027 sugar""}, {""quantity"": ""3"", ""unit"": ""tablespoons"", ""name"": ""cocoa""}, {""quantity"": ""1"", ""unit"": ""cup"", ""name"": ""mini chocolate chip""}, {""name"": ""cocoa"", ""description"": ""for dusting""}]",,1383,114.6,7.5,4.6,20.1,48.7,9.4,0.4,8.0,2.8
27042,Low Fat Peach Ice Cream,"[{""quantity"": ""1"", ""unitQuantity"": ""8"", ""unitUnit"": ""ounce"", ""unit"": ""can"", ""name"": ""fat-free condensed milk""}, {""quantity"": ""1"", ""unit"": ""cup"", ""name"": ""sugar""}, {""quantity"": ""1"", ""unit"": ""pint"", ""name"": ""low-fat whipping cream""}, {""quantity"": ""1"", ""unit"": ""pint"", ""name"": ""fat-free half-and-half""}, {""quantity"": ""2"", ""unit"": ""cups"", ""name"": ""chopped peaches""}, {""name"": ""skim milk""}]",,1795,147.7,0.9,0.5,3.0,88.0,34.1,0.6,31.2,1.9
27068,The BEST guacamole,"[{""quantity"": ""3"", ""unit"": ""large"", ""name"": ""Hass avocadoes""}, {""quantity"": ""1"", ""unit"": ""tablespoon"", ""name"": ""light mayonnaise""}, {""quantity"": ""1/4"", ""unit"": ""cup"", ""name"": ""sour cream""}, {""quantity"": ""1/2"", ""unit"": ""teaspoon"", ""name"": ""lemon juice""}, {""quantity"": ""2"", ""unit"": ""tablespoons"", ""name"": ""hot salsa or 2 tablespoons mild salsa""}]",,86,264.6,24.3,4.8,7.6,146.9,13.2,9.1,1.1,3.3
27088,KOL DOLMER (Old World Stuffed Cabbage rolls),"[{""quantity"": ""1"", ""unit"": ""lb"", ""name"": ""ground beef""}, {""quantity"": ""1/2"", ""unit"": ""lb"", ""name"": ""ground pork tenderloin (omit pork and increase beef to 1+1/2 pounds if you don\\u0027t like pork)""}, {""quantity"": ""1"", ""unit"": ""cup"", ""name"": ""raw rice""}, {""quantity"": ""1"", ""unit"": ""teaspoon"", ""name"": ""sugar""}, {""quantity"": ""1"", ""name"": ""chopped onion""}, {""quantity"": ""1"", ""unit"": ""teaspoon"", ""name"": ""salt""}, {""quantity"": ""1/4"", ""unit"": ""teaspoon"", ""name"": ""pepper""}, {""quantity"": ""1"", ""unit"": ""head"", ""name"": ""cabbage""}, {""quantity"": ""1"", ""unit"": ""tablespoon"", ""name"": ""butter""}, {""quantity"": ""1"", ""unit"": ""cup"", ""name"": ""milk or 1 cup cream""}]",6.0,321,418.0,17.2,7.3,87.1,519.5,38.1,4.6,6.9,27.6
27265,Honey Dijon glazed ribs,"[{""quantity"": ""3 -4"", ""unit"": ""lbs"", ""name"": ""pork back ribs""}, {""quantity"": ""1"", ""unit"": ""teaspoon"", ""name"": ""mustard seeds""}, {""quantity"": ""1"", ""name"": ""cooking onion"", ""description"": ""chopped""}, {""quantity"": ""1/4"", ""unit"": ""cup"", ""name"": ""apple cider vinegar""}, {""quantity"": ""1"", ""unit"": ""stalk"", ""name"": ""celery"", ""description"": ""chopped""}, {""quantity"": ""1"", ""name"": ""bay leaf""}, {""quantity"": ""1"", ""unit"": ""teaspoon"", ""name"": ""peppercorn"", ""description"": ""cracked""}, {""quantity"": ""1"", ""unit"": ""cup"", ""name"": ""honey dijon mustard""}]",4.0,394,1000.4,80.8,29.8,275.6,268.4,8.9,2.9,1.5,56.3
27274,Potato Casserole With Corn Flakes,"[{""quantity"": ""2"", ""unitQuantity"": ""1"", ""unitUnit"": ""lb"", ""unit"": ""bags"", ""name"": ""frozen hash brown potatoes"", ""description"": ""defrosted""}, {""quantity"": ""1/2"", ""unit"": ""cup"", ""name"": ""melted butter""}, {""quantity"": ""1"", ""unit"": ""teaspoon"", ""name"": ""salt""}, {""quantity"": ""1/4"", ""unit"": ""teaspoon"", ""name"": ""pepper""}, {""quantity"": ""1/2"", ""unit"": ""cup"", ""name"": ""onion"", ""description"": ""chopped""}, {""quantity"": ""1"", ""unitQuantity"": ""10 1/2"", ""unitUnit"": ""ounce"", ""unit"": ""can"", ""name"": ""cream of chicken soup""}, {""quantity"": ""1/2"", ""unit"": ""pint"", ""name"": ""sour cream""}, {""quantity"": ""10"", ""unit"": ""ounces"", ""name"": ""grated cheddar cheese""}, {""quantity"": ""2"", ""unit"": ""cups"", ""name"": ""crushed corn flakes""}, {""quantity"": ""1/4"", ""unit"": ""cup"", ""name"": ""melted butter""}]",8.0,254,507.0,37.6,22.6,101.0,1023.3,31.1,1.9,2.6,13.4
27306,Taste O' The Garden Hamburgers,"[{""quantity"": ""1"", ""unit"": ""lb"", ""name"": ""ground beef""}, {""quantity"": ""1"", ""unitQuantity"": ""1 1/8"", ""unitUnit"": ""ounce"", ""unit"": ""package"", ""name"": ""lipton beef onion soup mix""}, {""quantity"": ""1"", ""unit"": ""cup"", ""name"": ""carrot"", ""description"": ""finely shredded""}, {""quantity"": ""1"", ""unit"": ""cup"", ""name"": ""zucchini"", ""description"": ""coarsely shredded""}, {""quantity"": ""2"", ""unit"": ""cloves"", ""name"": ""garlic"", ""description"": ""minced""}, {""quantity"": ""1"", ""name"": ""egg"", ""description"": ""beaten""}, {""quantity"": ""1/4"", ""unit"": ""cup"", ""name"": ""seasoned bread crumbs""}]",4.0,205,333.2,19.2,7.2,130.4,877.6,14.1,2.0,3.9,25.0
27364,Chocolate Strawberry Cake,"[{""quantity"": ""1"", ""unitQuantity"": ""18"", ""unitUnit"": ""ounce"", ""unit"": ""package"", ""name"": ""strawberry cake mix (I use Duncan Hines)""}, {""quantity"": ""3"", ""name"": ""eggs (or as called for by your cake mix)""}, {""quantity"": ""1/3"", ""unit"": ""cup"", ""name"": ""oil (or as called for by your cake mix)""}, {""quantity"": ""1 1/3"", ""unit"": ""cups"", ""name"": ""water (or as called for by your cake mix)""}, {""quantity"": ""1/2"", ""unit"": ""cup"", ""name"": ""semi-sweet chocolate chips"", ""description"": ""melted""}, {""quantity"": ""1"", ""unitQuantity"": ""15"", ""unitUnit"": ""ounce"", ""unit"": ""container"", ""name"": ""chocolate frosting (ready to spread)""}]",,65,246.1,15.6,4.4,52.9,83.7,26.9,0.7,24.4,2.3
27565,Bing Cherry Salad,"[{""quantity"": ""1"", ""unitQuantity"": ""6"", ""unitUnit"": ""ounce"", ""unit"": ""package"", ""name"": ""black cherry Jell-O""}, {""quantity"": ""1"", ""unitQuantity"": ""8"", ""unitUnit"": ""ounce"", ""unit"": ""package"", ""name"": ""Philadelphia Cream Cheese""}, {""quantity"": ""1"", ""unit"": ""quart"", ""name"": ""bing cherry"", ""description"": ""pitted""}, {""quantity"": ""1"", ""unit"": ""cup"", ""name"": ""nuts (your choice. I use walnuts)""}, {""quantity"": ""2"", ""unit"": ""cups"", ""name"": ""hot cherry juice""}, {""quantity"": ""1 1/2"", ""unit"": ""cups"", ""name"": ""cold water""}]",,150,327.3,18.8,7.4,31.2,298.5,35.9,3.1,28.4,7.5
27592,Parmesan Potato Sticks,"[{""quantity"": ""1/2"", ""unit"": ""cup"", ""name"": ""plain breadcrumbs""}, {""quantity"": ""1/2"", ""unit"": ""cup"", ""name"": ""grated parmesan cheese""}, {""quantity"": ""1/8"", ""unit"": ""teaspoon"", ""name"": ""garlic powder""}, {""quantity"": ""1/2"", ""unit"": ""teaspoon"", ""name"": ""salt""}, {""quantity"": ""1/8"", ""unit"": ""teaspoon"", ""name"": ""black pepper""}, {""quantity"": ""2"", ""unit"": ""lbs"", ""name"": ""potatoes""}, {""quantity"": ""1/2"", ""unit"": ""cup"", ""name"": ""butter""}]",,141,323.9,18.3,11.3,48.0,505.2,33.3,3.8,1.8,7.6
27631,Basil Chicken Salad,"[{""quantity"": ""6"", ""unit"": ""tablespoons"", ""name"": ""fat-free mayonnaise""}, {""quantity"": ""2"", ""unit"": ""tablespoons"", ""name"": ""fresh lemon juice""}, {""quantity"": ""2"", ""unit"": ""teaspoons"", ""name"": ""Dijon mustard""}, {""quantity"": ""1/4"", ""unit"": ""teaspoon"", ""name"": ""hot sauce""}, {""quantity"": ""1/8"", ""unit"": ""teaspoon"", ""name"": ""white pepper""}, {""quantity"": ""3"", ""unit"": ""cups"", ""name"": ""chopped cooked chicken breasts""}, {""quantity"": ""1/2"", ""unit"": ""cup"", ""name"": ""chopped celery""}, {""quantity"": ""1/4"", ""unit"": ""cup"", ""name"": ""chopped green onion""}, {""quantity"": ""1/4"", ""unit"": ""cup"", ""name"": ""shredded fresh basil""}, {""quantity"": ""6"", ""unit"": ""cups"", ""name"": ""shredded fresh spinach""}, {""quantity"": ""1 1/2"", ""unit"": ""tablespoons"", ""name"": ""pine nuts""}]",6.0,139,161.5,6.1,1.6,60.4,225.0,4.1,1.3,1.6,22.0
27657,Fresh Balsamic Asparagus Salad,"[{""quantity"": ""1"", ""unit"": ""lb"", ""name"": ""baby asparagus""}, {""quantity"": ""4"", ""unit"": ""ounces"", ""name"": ""sliced mushrooms""}, {""quantity"": ""1"", ""unit"": ""tablespoon"", ""name"": ""fresh lemon juice""}, {""quantity"": ""1"", ""unit"": ""tablespoon"", ""name"": ""balsamic vinegar"", ""description"": ""or more to taste""}, {""quantity"": ""1"", ""unit"": ""teaspoon"", ""name"": ""Dijon mustard""}, {""quantity"": ""1"", ""unit"": ""clove"", ""name"": ""garlic"", ""description"": ""crushed""}, {""quantity"": ""3"", ""unit"": ""tablespoons"", ""name"": ""extra virgin olive oil""}, {""quantity"": ""1/8"", ""unit"": ""teaspoon"", ""name"": ""fresh ground black pepper""}, {""quantity"": ""1/2"", ""unit"": ""cup"", ""name"": ""loosely packed chopped basil""}, {""quantity"": ""2"", ""unit"": ""tablespoons"", ""name"": ""grated parmesan cheese or 2 tablespoons mizithra cheese""}, {""name"": ""salt"", ""description"": ""to taste""}]",6.0,113,91.3,7.5,1.3,1.5,38.4,4.6,1.9,2.3,3.1
27780,Ground Beef Teriyaki,"[{""quantity"": ""1"", ""unit"": ""tablespoon"", ""name"": ""vegetable oil""}, {""quantity"": ""4"", ""name"": ""green onions"", ""description"": ""sliced""}, {""quantity"": ""1"", ""unit"": ""cup"", ""name"": ""celery"", ""description"": ""sliced diagonally""}, {""quantity"": ""1"", ""unit"": ""cup"", ""name"": ""carrot"", ""description"": ""cut in matchstick strips""}, {""quantity"": ""1"", ""unit"": ""medium"", ""name"": ""green bell peppers or 1 medium red bell pepper"", ""description"": ""cut in squares""}, {""quantity"": ""1"", ""unit"": ""lb"", ""name"": ""ground beef""}, {""quantity"": ""1"", ""unit"": ""can"", ""name"": ""mushroom beef gravy or 1 can beef gravy""}, {""quantity"": ""2"", ""unit"": ""tablespoons"", ""name"": ""soy sauce""}, {""quantity"": ""1/2"", ""unit"": ""teaspoon"", ""name"": ""ground ginger""}, {""quantity"": ""1/8"", ""unit"": ""teaspoon"", ""name"": ""crushed red chile""}, {""name"": ""hot cooked rice""}]",4.0,228,307.9,20.6,7.1,77.1,623.2,7.0,2.3,3.2,23.1
27909,Shrimp and Orzo Salad,"[{""quantity"": ""1"", ""unit"": ""cup"", ""name"": ""uncooked orzo pasta (rice shaped pasta) or 1 cup pasta"", ""description"": ""of your choice""}, {""quantity"": ""1/3"", ""unit"": ""cup"", ""name"": ""red wine vinegar""}, {""quantity"": ""1"", ""unit"": ""teaspoon"", ""name"": ""dried basil""}, {""quantity"": ""1/3"", ""unit"": ""cup"", ""name"": ""olive oil""}, {""quantity"": ""1/2"", ""unit"": ""teaspoon"", ""name"": ""dried oregano""}, {""quantity"": ""1"", ""name"": ""green pepper"", ""description"": ""diced""}, {""quantity"": ""1/2"", ""unit"": ""cup"", ""name"": ""red onion"", ""description"": ""finely chopped""}, {""quantity"": ""1/4"", ""unit"": ""cup"", ""name"": ""chopped fresh parsley""}, {""quantity"": ""1"", ""unit"": ""lb"", ""name"": ""medium shrimp"", ""description"": ""peeled and cooked""}, {""quantity"": ""2"", ""unit"": ""cups"", ""name"": ""diced tomatoes"", ""description"": ""seeded""}]",4.0,337,431.5,20.1,2.8,143.2,656.4,39.6,3.5,5.1,22.4
27991,Stay a Bed Stew,"[{""quantity"": ""2"", ""unit"": ""lbs"", ""name"": ""beef stew meat"", ""description"": ""cubed""}, {""quantity"": ""1"", ""unitQuantity"": ""15"", ""unitUnit"": ""ounce"", ""unit"": ""can"", ""name"": ""tiny peas (use pea juice also)""}, {""quantity"": ""1"", ""unit"": ""cup"", ""name"": ""sliced carrot (lengthwise)""}, {""quantity"": ""2"", ""name"": ""onions"", ""description"": ""cut up""}, {""quantity"": ""1 -2"", ""unit"": ""stalk"", ""name"": ""sliced celery""}, {""quantity"": ""1"", ""unitQuantity"": ""8"", ""unitUnit"": ""ounce"", ""unit"": ""can"", ""name"": ""sliced mushrooms (use juice) or 2 (8 ounce) cans mushrooms (use juice)""}, {""quantity"": ""1"", ""unit"": ""teaspoon"", ""name"": ""salt""}, {""quantity"": ""1"", ""unit"": ""dash"", ""name"": ""pepper""}, {""quantity"": ""1"", ""unitQuantity"": ""10 3/4"", ""unitUnit"": ""ounce"", ""unit"": ""can"", ""name"": ""tomato soup"", ""description"": ""thin with 1/2 cup water""}, {""quantity"": ""1"", ""unit"": ""large"", ""name"": ""raw potato""}, {""quantity"": ""1"", ""name"": ""bay leaf""}]",,262,510.2,29.7,11.8,118.0,589.1,25.0,5.0,8.3,35.0
28049,Rice Soup with Shrimp and Egg,"[{""quantity"": ""3"", ""unit"": ""cups"", ""name"": ""reduced-sodium chicken broth""}, {""quantity"": ""2"", ""unit"": ""teaspoons"", ""name"": ""soy sauce""}, {""quantity"": ""4"", ""name"": ""thin slices fresh ginger""}, {""quantity"": ""2"", ""unit"": ""cloves"", ""name"": ""garlic""}, {""quantity"": ""6"", ""name"": ""shiitake mushroom caps"", ""description"": ""thinly sliced""}, {""quantity"": ""1/2"", ""unit"": ""cup"", ""name"": ""diced cooked shrimp""}, {""quantity"": ""1"", ""unit"": ""cup"", ""name"": ""thinly shredded fresh spinach leaves""}, {""quantity"": ""2"", ""unit"": ""cups"", ""name"": ""cooked basmati rice"", ""description"": ""rinsed and drained""}, {""quantity"": ""2"", ""name"": ""eggs"", ""description"": ""beaten""}, {""quantity"": ""2"", ""name"": ""scallions"", ""description"": ""thinly sliced""}, {""quantity"": ""1"", ""name"": ""plum tomato"", ""description"": ""diced""}]",4.0,346,193.3,3.8,1.2,93.0,267.1,30.6,1.5,2.1,10.2
28122,Bacon and Egg Casserole,"[{""quantity"": ""1/4"", ""unit"": ""cup"", ""name"": ""margarine"", ""description"": ""melted""}, {""quantity"": ""2"", ""unit"": ""cups"", ""name"": ""onions or 2 cups garlic-flavored croutons""}, {""quantity"": ""2"", ""unit"": ""cups"", ""name"": ""milk""}, {""quantity"": ""1"", ""unit"": ""tablespoon"", ""name"": ""prepared mustard""}, {""quantity"": ""2"", ""unit"": ""cups"", ""name"": ""unseasoned croutons""}, {""quantity"": ""2"", ""unit"": ""cups"", ""name"": ""cheddar cheese"", ""description"": ""grated""}, {""quantity"": ""6"", ""name"": ""eggs""}, {""quantity"": ""10"", ""unit"": ""slices"", ""name"": ""bacon""}]",,257,874.1,68.7,27.7,432.2,1269.7,26.9,2.0,4.4,36.9
28227,"No avocado, No refried beans - Mexican Layer Dip","[{""quantity"": ""8"", ""unit"": ""ounces"", ""name"": ""cream cheese (lowfat or fat free is fine)""}, {""quantity"": ""8"", ""unit"": ""ounces"", ""name"": ""sour cream (lowfat or fat free is fine)""}, {""quantity"": ""2 1/2-3"", ""unit"": ""cups"", ""name"": ""salsa (how hot depends on you)""}, {""quantity"": ""3"", ""unit"": ""cups"", ""name"": ""diced lettuce""}, {""quantity"": ""2"", ""name"": ""diced tomatoes""}, {""quantity"": ""1 1/2"", ""unit"": ""cups"", ""name"": ""grated sharp cheddar cheese (or a reduced fat cheese if you wish"", ""description"": ""use more if you love cheese)""}, {""quantity"": ""3/4"", ""unit"": ""cup"", ""name"": ""diced green onion""}, {""quantity"": ""3/4"", ""unit"": ""cup"", ""name"": ""diced green pepper (small pieces)""}, {""quantity"": ""8"", ""name"": ""pitted black olives"", ""description"": ""sliced thinly""}, {""name"": ""hot banana peppers or jalapeno"", ""description"": ""slices (if desired)""}]",,163,226.4,19.1,11.8,53.3,608.8,7.5,1.7,2.7,8.1
28235,Plum Chops,"[{""quantity"": ""4"", ""name"": ""pork chops""}, {""quantity"": ""500"", ""unit"": ""g"", ""name"": ""tinned plums""}, {""quantity"": ""1"", ""name"": ""onion""}, {""name"": ""oil""}, {""name"": ""black pepper""}]",4.0,352,293.1,14.6,5.0,75.0,68.0,17.1,2.1,13.6,23.7
28344,Schinkenfleckerlin (Noodles & Ham),"[{""quantity"": ""1/3"", ""unit"": ""cup"", ""name"": ""butter or 1/3 cup margarine""}, {""quantity"": ""1"", ""unit"": ""medium"", ""name"": ""onion"", ""description"": ""minced""}, {""quantity"": ""3"", ""unit"": ""cups"", ""name"": ""cubed cooked ham""}, {""quantity"": ""8"", ""unit"": ""ounces"", ""name"": ""medium egg noodles"", ""description"": ""cooked and drained""}, {""quantity"": ""1"", ""unit"": ""teaspoon"", ""name"": ""salt""}, {""quantity"": ""1/2"", ""unit"": ""teaspoon"", ""name"": ""pepper""}, {""quantity"": ""1"", ""unit"": ""teaspoon"", ""name"": ""caraway seed""}]",4.0,207,504.7,34.5,16.5,152.4,754.9,17.6,1.3,1.4,30.3
28650,Tomato and Chorizo Clafouti,"[{""quantity"": ""8"", ""name"": ""cherry tomatoes"", ""description"": ""halved and seeded""}, {""quantity"": ""3"", ""name"": ""fresh eggs""}, {""quantity"": ""1"", ""name"": ""egg yolk""}, {""quantity"": ""100"", ""unit"": ""ml"", ""name"": ""milk""}, {""quantity"": ""100"", ""unit"": ""ml"", ""name"": ""whipping cream""}, {""quantity"": ""2"", ""unit"": ""tablespoons"", ""name"": ""cornstarch""}, {""quantity"": ""12"", ""name"": ""thin slices chorizo sausage""}, {""quantity"": ""1"", ""unit"": ""pinch"", ""name"": ""nutmeg""}, {""name"": ""butter"", ""description"": ""for greasing""}, {""name"": ""salt and pepper"", ""description"": ""to taste""}]",,205,1005.7,83.4,33.5,400.2,2300.4,10.6,0.5,1.2,50.3
28689,Baked Steak Burrito Casserole,"[{""quantity"": ""1/2"", ""unit"": ""cup"", ""name"": ""butter""}, {""quantity"": ""1"", ""unitQuantity"": ""2 1/2"", ""unitUnit"": ""ounce"", ""unit"": ""package"", ""name"": ""taco seasoning mix""}, {""quantity"": ""1 1/2"", ""unit"": ""lbs"", ""name"": ""sirloin tip steaks"", ""description"": ""cut into 1 inch strips""}, {""quantity"": ""1"", ""unitQuantity"": ""16"", ""unitUnit"": ""ounce"", ""unit"": ""can"", ""name"": ""refried beans""}, {""quantity"": ""2"", ""unit"": ""cups"", ""name"": ""shredded cheddar cheese""}, {""quantity"": ""3"", ""name"": ""green onions"", ""description"": ""thinly sliced""}, {""quantity"": ""1"", ""unitQuantity"": ""10"", ""unitUnit"": ""ounce"", ""unit"": ""can"", ""name"": ""red enchilada sauce""}, {""quantity"": ""1"", ""unit"": ""cup"", ""name"": ""shredded Mexican blend cheese""}, {""quantity"": ""8"", ""unit"": ""small"", ""name"": ""flour tortillas (fajita size)""}]",,2248,417.5,26.4,14.4,94.3,1317.3,22.4,4.2,3.9,22.8
28769,Sour Cream Softies,"[{""quantity"": ""3"", ""unit"": ""cups"", ""name"": ""sifted all-purpose flour""}, {""quantity"": ""1"", ""unit"": ""teaspoon"", ""name"": ""salt""}, {""quantity"": ""1/2"", ""unit"": ""teaspoon"", ""name"": ""baking powder""}, {""quantity"": ""1/2"", ""unit"": ""teaspoon"", ""name"": ""baking soda""}, {""quantity"": ""1/2"", ""unit"": ""cup"", ""name"": ""butter or 1/2 cup margarine""}, {""quantity"": ""1 1/2"", ""unit"": ""cups"", ""name"": ""sugar""}, {""quantity"": ""1"", ""unit"": ""cup"", ""name"": ""sour cream (8 ounce carton)""}, {""name"": ""cinnamon sugar""}, {""quantity"": ""2"", ""name"": ""eggs""}, {""quantity"": ""1"", ""unit"": ""teaspoon"", ""name"": ""vanilla extract""}]",21.0,53,190.1,7.3,4.4,36.6,193.3,28.5,0.5,14.4,2.8
28955,Really Good Microwave Veggies,"[{""quantity"": ""1"", ""unitQuantity"": ""20"", ""unitUnit"": ""ounce"", ""unit"": ""package"", ""name"": ""frozen vegetables (peas"", ""description"": ""broccoli, carrots or whatever)""}, {""quantity"": ""1/2"", ""unit"": ""cup"", ""name"": ""powdered coffee creamer""}, {""quantity"": ""3"", ""unit"": ""tablespoons"", ""name"": ""flour""}, {""quantity"": ""1/3"", ""unit"": ""cup"", ""name"": ""parmesan cheese"", ""description"": ""grated""}, {""quantity"": ""1"", ""unit"": ""dash"", ""name"": ""pepper""}, {""quantity"": ""1/2"", ""unit"": ""teaspoon"", ""name"": ""salt""}, {""quantity"": ""1"", ""unit"": ""teaspoon"", ""name"": ""chicken bouillon granule""}, {""quantity"": ""1"", ""unit"": ""cup"", ""name"": ""hot water""}]",,152,213.5,7.4,5.4,7.4,627.3,30.5,5.8,6.6,9.2
29053,Breaded Rib Roast,"[{""quantity"": ""4"", ""unit"": ""lbs"", ""name"": ""rib roast""}, {""name"": ""salt""}, {""name"": ""ground black pepper""}, {""quantity"": ""2"", ""unit"": ""cloves"", ""name"": ""garlic"", ""description"": ""chopped""}, {""quantity"": ""2"", ""unit"": ""tablespoons"", ""name"": ""butter""}, {""quantity"": ""2"", ""unit"": ""tablespoons"", ""name"": ""olive oil""}, {""quantity"": ""1"", ""unit"": ""cup"", ""name"": ""plain breadcrumbs""}, {""quantity"": ""1/4"", ""unit"": ""cup"", ""name"": ""grated romano cheese""}, {""quantity"": ""1/2"", ""unit"": ""cup"", ""name"": ""minced fresh parsley""}]",,36,242.8,15.4,5.8,20.8,316.8,20.6,1.5,1.8,5.7
29102,Quick Fix Casserole,"[{""quantity"": ""20 -25"", ""name"": ""precooked meatballs""}, {""quantity"": ""2"", ""unitQuantity"": ""14 1/2"", ""unitUnit"": ""ounce"", ""unit"": ""cans"", ""name"": ""cut green beans""}, {""quantity"": ""3"", ""unitQuantity"": ""15"", ""unitUnit"": ""ounce"", ""unit"": ""cans"", ""name"": ""whole potatoes""}, {""quantity"": ""2"", ""unitQuantity"": ""10 3/4"", ""unitUnit"": ""ounce"", ""unit"": ""cans"", ""name"": ""cream of mushroom soup""}, {""name"": ""french French-fried onions"", ""description"": ""to taste""}, {""name"": ""salt and pepper""}]",,451,416.3,9.5,2.2,0.0,1541.3,75.2,10.9,6.7,11.3
29225,Buffalo Chicken Burritos  a La Crock Pot,"[{""quantity"": ""4"", ""name"": ""boneless skinless chicken breasts""}, {""quantity"": ""1"", ""name"": ""buffalo wings seasoning blend (McCormick)""}, {""quantity"": ""1/2"", ""unit"": ""cup"", ""name"": ""water""}, {""quantity"": ""1"", ""unitQuantity"": ""8"", ""unitUnit"": ""ounce"", ""unit"": ""container"", ""name"": ""sour cream substitute""}, {""quantity"": ""1"", ""unitQuantity"": ""4"", ""unitUnit"": ""ounce"", ""unit"": ""can"", ""name"": ""diced green chilies""}, {""quantity"": ""1"", ""unitQuantity"": ""15"", ""unitUnit"": ""ounce"", ""unit"": ""can"", ""name"": ""black beans""}, {""quantity"": ""10"", ""name"": ""tortillas""}]",,323,901.1,26.5,13.9,68.4,1584.0,113.3,12.5,8.0,50.2
29389,Strawberry Pretzel Pie,"[{""quantity"": ""3"", ""unit"": ""cups"", ""name"": ""crushed pretzels""}, {""quantity"": ""3"", ""unit"": ""teaspoons"", ""name"": ""sugar""}, {""quantity"": ""3/4"", ""unit"": ""cup"", ""name"": ""melted butter""}, {""quantity"": ""1"", ""unitQuantity"": ""8"", ""unitUnit"": ""ounce"", ""unit"": ""package"", ""name"": ""cream cheese""}, {""quantity"": ""1"", ""unit"": ""cup"", ""name"": ""sugar""}, {""quantity"": ""1"", ""unitQuantity"": ""12"", ""unitUnit"": ""ounce"", ""unit"": ""container"", ""name"": ""whipped topping""}, {""quantity"": ""1"", ""unitQuantity"": ""6"", ""unitUnit"": ""ounce"", ""unit"": ""box"", ""name"": ""strawberry Jell-O gelatin dessert""}, {""quantity"": ""2"", ""unit"": ""cups"", ""name"": ""boiling water""}, {""quantity"": ""2"", ""unitQuantity"": ""16"", ""unitUnit"": ""ounce"", ""unit"": ""packages"", ""name"": ""frozen sliced strawberries""}]",10.0,326,729.3,31.7,18.5,89.0,1248.0,103.9,4.0,46.1,11.7
29391,Mango Seasoned Chicken,"[{""quantity"": ""1/2"", ""unit"": ""teaspoon"", ""name"": ""ground cumin""}, {""quantity"": ""1/2"", ""unit"": ""teaspoon"", ""name"": ""ground ginger""}, {""quantity"": ""1/4"", ""unit"": ""teaspoon"", ""name"": ""dried thyme or 3/4 teaspoon chopped fresh thyme""}, {""quantity"": ""1"", ""unit"": ""pinch"", ""name"": ""ground nutmeg""}, {""quantity"": ""1"", ""unit"": ""pinch"", ""name"": ""cayenne pepper""}, {""quantity"": ""4"", ""name"": ""boneless skinless chicken breasts"", ""description"": ""about 1 lb""}, {""quantity"": ""2"", ""unit"": ""teaspoons"", ""name"": ""margarine (becel)""}, {""quantity"": ""1"", ""name"": ""ripe but firm mango"", ""description"": ""peeled and cut into chunks""}, {""quantity"": ""2"", ""name"": ""green onions"", ""description"": ""thinly sliced""}, {""name"": ""salt""}, {""quantity"": ""1/4"", ""unit"": ""cup"", ""name"": ""chopped fresh coriander""}, {""quantity"": ""1/2"", ""name"": ""lime"", ""description"": ""juice of""}]",4.0,221,209.2,5.4,1.2,75.5,162.3,14.4,1.9,11.8,26.1
29424,Easy Cream of Tomato Soup,"[{""quantity"": ""1/3"", ""unit"": ""cup"", ""name"": ""butter""}, {""quantity"": ""1/4"", ""unit"": ""cup"", ""name"": ""flour""}, {""quantity"": ""3"", ""unit"": ""cups"", ""name"": ""tomato juice""}, {""quantity"": ""1/4"", ""unit"": ""teaspoon"", ""name"": ""baking soda""}, {""quantity"": ""3"", ""unit"": ""cups"", ""name"": ""milk""}, {""quantity"": ""1"", ""unit"": ""tablespoon"", ""name"": ""sugar""}, {""quantity"": ""1"", ""unit"": ""teaspoon"", ""name"": ""salt""}, {""quantity"": ""2"", ""unit"": ""tablespoons"", ""name"": ""crumbled Roquefort cheese""}]",8.0,198,162.1,11.1,7.0,33.1,687.5,12.7,0.5,4.8,4.2
29457,Roasted Sweet Onion and Garlic Spread,"[{""quantity"": ""2"", ""unit"": ""medium"", ""name"": ""sweet onions (Maui"", ""description"": ""Vidalia, Texas Sweet 1015, or other)""}, {""quantity"": ""2"", ""unit"": ""teaspoons"", ""name"": ""olive oil""}, {""quantity"": ""2"", ""unit"": ""teaspoons"", ""name"": ""honey""}, {""quantity"": ""4"", ""name"": ""garlic cloves"", ""description"": ""peeled""}, {""quantity"": ""1/8"", ""unit"": ""teaspoon"", ""name"": ""salt""}]",,256,370.9,18.6,2.7,0.0,603.4,49.0,8.0,18.9,6.4
29523,Southern Battered Eggplant (Aubergine),"[{""quantity"": ""1"", ""unit"": ""cup"", ""name"": ""flour""}, {""quantity"": ""1/2"", ""unit"": ""teaspoon"", ""name"": ""salt""}, {""quantity"": ""1"", ""unit"": ""dash"", ""name"": ""fresh ground pepper""}, {""quantity"": ""2/3"", ""unit"": ""cup"", ""name"": ""non-dairy coffee creamer or 2/3 cup milk""}, {""quantity"": ""2"", ""name"": ""beaten eggs""}, {""quantity"": ""1"", ""name"": ""eggplant""}, {""quantity"": ""3"", ""unit"": ""tablespoons"", ""name"": ""vegetable oil"", ""description"": ""for frying""}]",,295,645.3,34.4,5.9,211.5,720.5,70.3,9.5,15.0,15.9
29596,Honey Mustard Chicken Breast,"[{""quantity"": ""4"", ""name"": ""boneless skinless chicken breasts""}, {""quantity"": ""1"", ""unit"": ""cup"", ""name"": ""Dijon mustard""}, {""quantity"": ""1"", ""unit"": ""cup"", ""name"": ""honey""}]",4.0,265,433.9,5.5,0.8,75.5,846.8,73.2,2.2,70.1,28.0
29621,Chocolate Toffee Skor Bars,"[{""quantity"": ""3/4"", ""unit"": ""cup"", ""name"": ""margarine or 3/4 cup butter""}, {""quantity"": ""3/4"", ""unit"": ""cup"", ""name"": ""packed brown sugar""}, {""quantity"": ""1 1/2"", ""unit"": ""cups"", ""name"": ""all-purpose flour""}, {""quantity"": ""1"", ""unitQuantity"": ""300"", ""unitUnit"": ""ml"", ""unit"": ""can"", ""name"": ""sweetened condensed milk""}, {""quantity"": ""2"", ""unit"": ""tablespoons"", ""name"": ""margarine or 2 tablespoons butter""}, {""quantity"": ""1"", ""unitQuantity"": ""300"", ""unitUnit"": ""g"", ""unit"": ""package"", ""name"": ""milk chocolate chips""}, {""quantity"": ""1"", ""unitQuantity"": ""225"", ""unitUnit"": ""g"", ""unit"": ""package"", ""name"": ""skor toffee pieces (sold where the chocolate chips are sold)""}]",48.0,30,112.1,5.8,2.0,5.3,65.6,14.1,0.2,10.8,1.3
29647,Creamy Avocado Wasabi Dressing,"[{""quantity"": ""2"", ""unit"": ""tablespoons"", ""name"": ""hot wasabi""}, {""quantity"": ""1"", ""name"": ""ripe avocado"", ""description"": ""peeled,seeded,and chunked""}, {""quantity"": ""1"", ""unit"": ""tablespoon"", ""name"": ""plain yogurt or 1 tablespoon sour cream""}, {""quantity"": ""3"", ""unit"": ""tablespoons"", ""name"": ""apple cider vinegar""}, {""quantity"": ""1/2"", ""unit"": ""teaspoon"", ""name"": ""lemon juice""}, {""quantity"": ""1/4"", ""unit"": ""teaspoon"", ""name"": ""garlic powder""}, {""quantity"": ""1"", ""unit"": ""pinch"", ""name"": ""salt"", ""description"": ""to taste""}, {""quantity"": ""1"", ""unit"": ""pinch"", ""name"": ""sugar"", ""description"": ""to taste""}, {""quantity"": ""1"", ""unit"": ""pinch"", ""name"": ""black pepper"", ""description"": ""to taste""}, {""name"": ""sake or dry white wine""}]",,44,85.9,7.5,1.1,0.5,44.7,4.8,3.4,0.6,1.2
29691,Kartoffelsalat (German Potato Salad),"[{""quantity"": ""15"", ""unit"": ""small"", ""name"": ""boiled potatoes""}, {""quantity"": ""1"", ""unit"": ""medium"", ""name"": ""onion (chopped fine)""}, {""quantity"": ""1/2"", ""unit"": ""cup"", ""name"": ""chopped celery (or more)""}, {""quantity"": ""1/4"", ""unit"": ""cup"", ""name"": ""potato water""}, {""quantity"": ""1"", ""unit"": ""tablespoon"", ""name"": ""flour""}, {""quantity"": ""1/4"", ""unit"": ""lb"", ""name"": ""bacon"", ""description"": ""cooked crisply and drained""}, {""quantity"": ""1/2"", ""unit"": ""cup"", ""name"": ""vinegar""}, {""quantity"": ""1/4"", ""unit"": ""cup"", ""name"": ""sugar""}, {""name"": ""salt and pepper""}]",,450,814.8,51.4,17.1,77.1,992.4,68.5,2.9,55.6,15.5
29778,Ground Turkey Tomato Sauce,"[{""quantity"": ""4"", ""unit"": ""lbs"", ""name"": ""ground turkey""}, {""quantity"": ""1"", ""unitQuantity"": ""106"", ""unitUnit"": ""ounce"", ""unit"": ""can"", ""name"": ""spaghetti sauce""}, {""quantity"": ""1/2"", ""unit"": ""lb"", ""name"": ""onion"", ""description"": ""chopped""}, {""quantity"": ""2"", ""unit"": ""teaspoons"", ""name"": ""oregano""}, {""quantity"": ""1"", ""unit"": ""teaspoon"", ""name"": ""minced garlic""}, {""quantity"": ""2"", ""unit"": ""teaspoons"", ""name"": ""basil""}, {""quantity"": ""1"", ""unit"": ""tablespoon"", ""name"": ""sugar""}, {""quantity"": ""1"", ""unit"": ""teaspoon"", ""name"": ""cayenne pepper""}]",,123,208.6,9.1,2.0,57.4,680.4,15.9,0.7,12.2,15.3
29897,Sinful Fruit Dip,"[{""quantity"": ""1"", ""unitQuantity"": ""7"", ""unitUnit"": ""ounce"", ""unit"": ""jar"", ""name"": ""marshmallows""}, {""quantity"": ""1"", ""unitQuantity"": ""8"", ""unitUnit"": ""ounce"", ""unit"": ""package"", ""name"": ""cream cheese"", ""description"": ""softened""}, {""quantity"": ""3/4"", ""unit"": ""cup"", ""name"": ""finely chopped pecans""}, {""quantity"": ""1/2"", ""unit"": ""teaspoon"", ""name"": ""vanilla extract""}, {""name"": ""nutmeg (to garnish)""}]",,51,249.8,17.3,6.9,31.2,103.9,22.5,1.0,14.9,3.5
29926,Chicken Noodle Soup,"[{""quantity"": ""6"", ""unit"": ""cups"", ""name"": ""chicken broth""}, {""quantity"": ""1"", ""unit"": ""stalk"", ""name"": ""celery"", ""description"": ""finely chopped""}, {""quantity"": ""2"", ""unit"": ""ounces"", ""name"": ""flat egg noodles""}, {""quantity"": ""1/2"", ""unit"": ""cup"", ""name"": ""raw chicken meat"", ""description"": ""cut into bite-size pieces""}, {""name"": ""salt and pepper""}, {""quantity"": ""2"", ""unit"": ""teaspoons"", ""name"": ""chopped parsley""}]",4.0,392,81.4,2.4,0.7,4.4,1129.1,5.5,0.4,1.3,8.2
30015,Roasted Tomato and Fennel Soup,"[{""quantity"": ""20"", ""name"": ""plum tomatoes"", ""description"": ""fresh vine ripened, newly harvested (about 4 lbs)""}, {""quantity"": ""1/3"", ""unit"": ""cup"", ""name"": ""extra virgin olive oil""}, {""quantity"": ""4"", ""name"": ""garlic cloves"", ""description"": ""smashed""}, {""quantity"": ""1/2"", ""unit"": ""teaspoon"", ""name"": ""salt""}, {""quantity"": ""1/2"", ""unit"": ""teaspoon"", ""name"": ""pepper""}, {""quantity"": ""1"", ""name"": ""fennel bulb""}, {""quantity"": ""1"", ""name"": ""onion"", ""description"": ""chopped""}, {""quantity"": ""4"", ""unit"": ""cups"", ""name"": ""vegetable stock or 4 cups chicken stock""}, {""quantity"": ""1/4"", ""unit"": ""cup"", ""name"": ""chopped fresh basil""}, {""quantity"": ""2"", ""unit"": ""tablespoons"", ""name"": ""balsamic vinegar""}]",8.0,214,128.4,9.4,1.3,0.0,170.3,10.8,3.1,5.3,2.0
30106,Ketjap Manis,"[{""quantity"": ""1"", ""unit"": ""cup"", ""name"": ""dark brown sugar"", ""description"": ""packed""}, {""quantity"": ""1"", ""unit"": ""cup"", ""name"": ""water""}, {""quantity"": ""1"", ""unit"": ""cup"", ""name"": ""soy sauce""}, {""quantity"": ""7"", ""unit"": ""tablespoons"", ""name"": ""dark molasses (treacle for my Aussie friends!)""}, {""quantity"": ""1"", ""unit"": ""teaspoon"", ""name"": ""grated fresh ginger""}, {""quantity"": ""1/2"", ""unit"": ""teaspoon"", ""name"": ""ground coriander""}, {""quantity"": ""1/2"", ""unit"": ""teaspoon"", ""name"": ""fresh ground black pepper""}]",,889,474.0,0.2,0.0,0.0,5403.0,112.7,1.0,98.7,10.3
30221,Oriental Wrap - Quick,"[{""quantity"": ""1"", ""unitQuantity"": ""5"", ""unitUnit"": ""ounce"", ""unit"": ""package"", ""name"": ""chicken rice pilaf mix or 1 (5 ounce) package yellow rice mix"", ""description"": ""found at most supermarkets""}, {""quantity"": ""1"", ""unit"": ""tablespoon"", ""name"": ""oil""}, {""quantity"": ""1"", ""unit"": ""tablespoon"", ""name"": ""minced ginger""}, {""quantity"": ""1"", ""unit"": ""tablespoon"", ""name"": ""garlic"", ""description"": ""smashed""}, {""quantity"": ""1"", ""unitQuantity"": ""8"", ""unitUnit"": ""ounce"", ""unit"": ""can"", ""name"": ""sliced mushrooms"", ""description"": ""drained""}, {""quantity"": ""4"", ""unit"": ""large"", ""name"": ""tortillas""}, {""name"": ""lettuce leaf""}, {""quantity"": ""8"", ""unit"": ""ounces"", ""name"": ""grilled chicken"", ""description"": ""cut in strips""}, {""name"": ""green onion""}, {""name"": ""low sodium soy sauce""}]",4.0,234,480.2,17.7,4.1,25.9,752.8,62.0,4.3,3.2,17.9
30284,Stuffed Corn Bell Peppers,"[{""quantity"": ""4"", ""unit"": ""large"", ""name"": ""green bell peppers""}, {""quantity"": ""1/2"", ""unit"": ""cup"", ""name"": ""onion"", ""description"": ""finely chopped""}, {""quantity"": ""1"", ""name"": ""garlic clove"", ""description"": ""crushed""}, {""quantity"": ""1/2"", ""unit"": ""cup"", ""name"": ""corn kernel""}, {""quantity"": ""1/2"", ""name"": ""cream-style corn""}, {""quantity"": ""1/2"", ""unit"": ""cup"", ""name"": ""cornbread"", ""description"": ""crubmled""}, {""quantity"": ""1/2"", ""unit"": ""cup"", ""name"": ""minced parsley""}, {""quantity"": ""1"", ""unit"": ""tablespoon"", ""name"": ""red chili powder""}, {""quantity"": ""2"", ""unit"": ""cups"", ""name"": ""chicken broth""}]",4.0,357,88.2,1.5,0.4,0.0,411.0,16.1,4.5,5.3,5.1
30305,Peaches 'N Cream Pie,"[{""name"": ""pastry for 9 inch pie shell""}, {""quantity"": ""3/4"", ""unit"": ""cup"", ""name"": ""sugar""}, {""quantity"": ""3"", ""unit"": ""tablespoons"", ""name"": ""flour""}, {""quantity"": ""5"", ""name"": ""fresh peaches"", ""description"": ""peeled and halved or 1 can peach halves in syrup, drained""}, {""quantity"": ""3/4"", ""unit"": ""cup"", ""name"": ""whipping cream""}, {""quantity"": ""1/4"", ""unit"": ""teaspoon"", ""name"": ""cinnamon""}]",,157,245.7,11.2,6.9,40.8,11.4,36.7,1.4,31.9,1.8
30371,Viva La Chicken,"[{""quantity"": ""6"", ""name"": ""chicken breasts"", ""description"": ""cooked,deboned and broken up""}, {""quantity"": ""1"", ""unit"": ""package"", ""name"": ""corn tortilla (frozen)""}, {""quantity"": ""1"", ""unit"": ""cup"", ""name"": ""sliced black olives""}, {""quantity"": ""1"", ""unitQuantity"": ""7"", ""unitUnit"": ""ounce"", ""unit"": ""can"", ""name"": ""green chili salsa""}, {""quantity"": ""1"", ""unit"": ""lb"", ""name"": ""sharp cheddar cheese"", ""description"": ""shredded""}, {""quantity"": ""1"", ""unit"": ""cup"", ""name"": ""milk""}, {""quantity"": ""2"", ""unit"": ""cans"", ""name"": ""cream of mushroom soup""}, {""quantity"": ""1"", ""unit"": ""can"", ""name"": ""cream of chicken soup""}]",10.0,305,448.4,30.8,14.0,109.2,1189.4,10.2,0.8,2.0,32.4
30459,Awesome Easy Cheese and Chicken Enchiladas,"[{""quantity"": ""2"", ""unit"": ""cups"", ""name"": ""cheese (I used Monterey Jack or cheddar)""}, {""quantity"": ""5"", ""name"": ""frozen chicken drumsticks (2 cups chicken)""}, {""quantity"": ""2"", ""unitQuantity"": ""10"", ""unitUnit"": ""ounce"", ""unit"": ""cans"", ""name"": ""Rotel tomatoes \\u0026 chilies (or 2 cans chopped tomatoes"", ""description"": ""2 cans of green chiles)""}, {""quantity"": ""1/4"", ""unit"": ""cup"", ""name"": ""chopped onion (i used green onions)""}, {""quantity"": ""1/2"", ""unit"": ""cup"", ""name"": ""sour cream""}, {""quantity"": ""6"", ""name"": ""corn tortillas""}, {""quantity"": ""1"", ""unit"": ""tablespoon"", ""name"": ""shortening""}]",6.0,245,351.8,21.4,10.4,81.8,814.3,18.8,1.6,0.5,21.8
30522,Sole With Herb Butter,"[{""quantity"": ""1/2"", ""unit"": ""cup"", ""name"": ""butter"", ""description"": ""room temperature""}, {""quantity"": ""2"", ""unit"": ""tablespoons"", ""name"": ""chopped fresh chives""}, {""quantity"": ""1"", ""unit"": ""tablespoon"", ""name"": ""chopped fresh dill""}, {""quantity"": ""1"", ""unit"": ""tablespoon"", ""name"": ""chopped fresh thyme""}, {""quantity"": ""1"", ""unit"": ""tablespoon"", ""name"": ""fresh lemon juice""}, {""quantity"": ""6"", ""unitQuantity"": ""4"", ""unitUnit"": ""ounce"", ""name"": ""sole fillets""}, {""name"": ""olive oil""}, {""name"": ""fresh dill sprig""}, {""name"": ""lemon wedge""}]",6.0,153,240.2,16.7,10.0,95.1,201.0,0.4,0.1,0.1,21.6
30562,Spicy Rice and Beef,"[{""quantity"": ""1"", ""unit"": ""lb"", ""name"": ""ground beef""}, {""quantity"": ""1"", ""name"": ""onion"", ""description"": ""medium size,chopped""}, {""quantity"": ""2 1/2"", ""unit"": ""cups"", ""name"": ""water""}, {""quantity"": ""2"", ""unit"": ""cups"", ""name"": ""rice""}, {""quantity"": ""1/4"", ""unit"": ""cup"", ""name"": ""brown sugar""}, {""quantity"": ""1/4"", ""unit"": ""cup"", ""name"": ""chili powder (or to taste)""}, {""quantity"": ""1/4"", ""unit"": ""teaspoon"", ""name"": ""cayenne pepper""}, {""name"": ""soy sauce""}]",4.0,408,683.0,18.9,7.0,77.1,163.8,97.8,4.5,15.0,28.8
30626,Mexican Frankfurters,"[{""quantity"": ""4"", ""name"": ""hot dogs""}, {""quantity"": ""1"", ""unit"": ""tablespoon"", ""name"": ""butter""}, {""quantity"": ""1"", ""unit"": ""teaspoon"", ""name"": ""cumin""}, {""quantity"": ""1"", ""unitQuantity"": ""10"", ""unitUnit"": ""ounce"", ""unit"": ""package"", ""name"": ""frozen corn""}, {""quantity"": ""1"", ""name"": ""tomatoes""}, {""quantity"": ""1"", ""unit"": ""cup"", ""name"": ""bottled salsa""}]",4.0,215,261.4,17.0,7.2,31.5,931.4,22.1,3.2,4.3,8.6
30649,Watermelon Rind Pickles (Crisp Version),"[{""quantity"": ""4"", ""unit"": ""quarts"", ""name"": ""prepared watermelon rind""}, {""quantity"": ""3"", ""unit"": ""tablespoons"", ""name"": ""pickling lime""}, {""quantity"": ""2"", ""unit"": ""quarts"", ""name"": ""cold water""}, {""quantity"": ""2"", ""unit"": ""tablespoons"", ""name"": ""whole cloves""}, {""quantity"": ""3"", ""name"": ""cinnamon sticks""}, {""quantity"": ""2"", ""unit"": ""pieces"", ""name"": ""gingerroot""}, {""quantity"": ""1"", ""name"": ""lemon"", ""description"": ""thinly sliced""}, {""quantity"": ""8"", ""unit"": ""cups"", ""name"": ""sugar""}, {""quantity"": ""1"", ""unit"": ""quart"", ""name"": ""white vinegar""}, {""quantity"": ""1"", ""unit"": ""quart"", ""name"": ""water""}]",,5474,922.3,0.4,0.1,0.0,19.9,232.6,1.4,229.0,0.3
30715,Boston Market Bake and Baste Chicken,"[{""quantity"": ""1/4"", ""unit"": ""cup"", ""name"": ""canola oil""}, {""quantity"": ""1"", ""unit"": ""tablespoon"", ""name"": ""honey""}, {""quantity"": ""1"", ""unit"": ""tablespoon"", ""name"": ""lime juice""}, {""quantity"": ""1/4"", ""unit"": ""teaspoon"", ""name"": ""paprika or 1/4 teaspoon seasoning salt""}, {""quantity"": ""2"", ""name"": ""chicken breasts"", ""description"": ""cut in half""}]",4.0,95,262.5,20.4,2.9,46.4,46.1,4.7,0.1,4.4,15.2
30939,Apple Pepper Jelly,"[{""quantity"": ""2"", ""unit"": ""lbs"", ""name"": ""granny smith apples"", ""description"": ""quartered (Do not peel or core)""}, {""quantity"": ""1 1/2"", ""unit"": ""cups"", ""name"": ""water""}, {""quantity"": ""2"", ""name"": ""green bell peppers"", ""description"": ""seeded and cut into 1-inch, pieces""}, {""quantity"": ""6"", ""name"": ""jalapeno chiles"", ""description"": ""seeded and cut into 1-inch, pieces""}, {""quantity"": ""4 -5"", ""unit"": ""cups"", ""name"": ""sugar""}, {""quantity"": ""1"", ""unit"": ""cup"", ""name"": ""cider vinegar""}, {""quantity"": ""3"", ""unit"": ""ounces"", ""name"": ""liquid pectin""}, {""quantity"": ""2"", ""unit"": ""tablespoons"", ""name"": ""minced red bell peppers""}]",,2728,741.4,0.5,0.1,0.0,7.3,189.3,6.1,180.8,1.1
31006,Italian Chicken Cutlets,"[{""quantity"": ""6"", ""name"": ""chicken breast halves"", ""description"": ""skinned and boned""}, {""quantity"": ""1"", ""unit"": ""cup"", ""name"": ""Italian seasoned breadcrumbs""}, {""quantity"": ""1/2"", ""unit"": ""cup"", ""name"": ""grated parmesan cheese""}, {""quantity"": ""1/4"", ""unit"": ""cup"", ""name"": ""flour""}, {""quantity"": ""1"", ""unitQuantity"": ""7/8"", ""unitUnit"": ""ounce"", ""unit"": ""envelope"", ""name"": ""Italian salad dressing mix""}, {""quantity"": ""2"", ""unit"": ""teaspoons"", ""name"": ""dried oregano""}, {""quantity"": ""1/4"", ""unit"": ""teaspoon"", ""name"": ""garlic powder""}, {""quantity"": ""2"", ""name"": ""eggs"", ""description"": ""beaten""}, {""quantity"": ""1/3"", ""unit"": ""cup"", ""name"": ""vegetable oil""}]",6.0,135,388.3,23.9,5.8,115.9,548.8,18.4,1.3,1.3,23.8
31049,Crock Pot Creamy Ranch Potatoes,"[{""quantity"": ""2"", ""unit"": ""lbs"", ""name"": ""small red potatoes"", ""description"": ""quartered""}, {""quantity"": ""1"", ""unitQuantity"": ""8"", ""unitUnit"": ""ounce"", ""unit"": ""package"", ""name"": ""cream cheese"", ""description"": ""softened""}, {""quantity"": ""1"", ""unitQuantity"": ""1"", ""unitUnit"": ""ounce"", ""unit"": ""envelope"", ""name"": ""buttermilk ranch salad dressing mix""}, {""quantity"": ""1"", ""unitQuantity"": ""10 3/4"", ""unitUnit"": ""ounce"", ""unit"": ""can"", ""name"": ""condensed cream of potato soup""}]",6.0,240,276.0,14.1,7.8,44.2,376.7,32.6,3.5,3.3,6.0
31074,Peach Cake,"[{""quantity"": ""2"", ""unit"": ""cups"", ""name"": ""flour""}, {""quantity"": ""2"", ""unit"": ""cups"", ""name"": ""sugar""}, {""quantity"": ""2"", ""unit"": ""teaspoons"", ""name"": ""baking soda""}, {""quantity"": ""2 1/2"", ""unit"": ""cups"", ""name"": ""mashed peaches""}, {""quantity"": ""2"", ""name"": ""eggs""}, {""quantity"": ""3/4"", ""unit"": ""cup"", ""name"": ""sugar""}, {""quantity"": ""1"", ""unit"": ""cup"", ""name"": ""chopped nuts""}, {""quantity"": ""1/2"", ""unit"": ""cup"", ""name"": ""margarine""}, {""quantity"": ""3/4"", ""unit"": ""cup"", ""name"": ""Milnot Condensed Milk (canned cream)""}, {""quantity"": ""1"", ""unit"": ""cup"", ""name"": ""coconut""}]",8.0,203,689.9,28.6,10.1,46.5,585.2,104.2,4.8,74.4,9.1
31151,Braised Brisket,"[{""quantity"": ""1"", ""unitQuantity"": ""6"", ""unitUnit"": ""lb"", ""name"": ""black angus beef brisket (first cut"", ""description"": ""approx.)""}, {""quantity"": ""8"", ""unit"": ""ounces"", ""name"": ""beer""}, {""quantity"": ""8"", ""unit"": ""ounces"", ""name"": ""ketchup""}, {""quantity"": ""4"", ""unit"": ""ounces"", ""name"": ""red wine or 4 ounces other flavored vinegar""}, {""quantity"": ""1"", ""unit"": ""envelope"", ""name"": ""onion soup mix""}]",,334,1129.4,90.7,36.4,248.6,929.3,11.6,0.4,7.6,58.6
31234,Sausage and butter-bean stew,"[{""quantity"": ""1"", ""unitQuantity"": ""400"", ""unitUnit"": ""g"", ""unit"": ""can"", ""name"": ""butter beans""}, {""quantity"": ""4"", ""unit"": ""slices"", ""name"": ""of rindless streaky bacon""}, {""quantity"": ""2"", ""unit"": ""tablespoons"", ""name"": ""vegetable oil""}, {""quantity"": ""1"", ""name"": ""red onion"", ""description"": ""chopped""}, {""quantity"": ""2"", ""unit"": ""cloves"", ""name"": ""garlic"", ""description"": ""minced""}, {""quantity"": ""6"", ""name"": ""sage leaves"", ""description"": ""shredded""}, {""quantity"": ""1"", ""name"": ""bay leaf""}, {""quantity"": ""2"", ""name"": ""carrots""}, {""quantity"": ""8"", ""name"": ""hearty pork sausage links""}, {""quantity"": ""300"", ""unit"": ""ml"", ""name"": ""beer""}, {""name"": ""salt and pepper""}]",,638,927.6,64.5,18.6,111.5,1644.2,44.7,9.8,5.2,32.3
31324,Easy Apricot Balls,"[{""quantity"": ""3"", ""unitQuantity"": ""6"", ""unitUnit"": ""ounce"", ""unit"": ""packages"", ""name"": ""dried apricots"", ""description"": ""diced""}, {""quantity"": ""1"", ""unitQuantity"": ""14"", ""unitUnit"": ""ounce"", ""unit"": ""package"", ""name"": ""flaked coconut""}, {""quantity"": ""1"", ""unit"": ""cup"", ""name"": ""chopped pecans""}, {""quantity"": ""1"", ""unitQuantity"": ""14"", ""unitUnit"": ""ounce"", ""unit"": ""can"", ""name"": ""sweetened condensed milk""}, {""quantity"": ""1/2"", ""unit"": ""cup"", ""name"": ""powdered sugar""}]",,1502,679.9,30.4,17.7,16.9,196.8,102.1,8.3,92.3,9.1
31389,Best Ever Chocolate Sauce,"[{""quantity"": ""2"", ""unit"": ""cups"", ""name"": ""granulated sugar""}, {""quantity"": ""4"", ""unit"": ""tablespoons"", ""name"": ""cocoa""}, {""quantity"": ""4"", ""unit"": ""tablespoons"", ""name"": ""butter""}, {""quantity"": ""1"", ""unitQuantity"": ""8"", ""unitUnit"": ""ounce"", ""unit"": ""can"", ""name"": ""condensed milk""}, {""quantity"": ""1"", ""unit"": ""teaspoon"", ""name"": ""vanilla""}]",10.0,72,282.2,6.9,4.2,20.4,71.7,54.4,0.4,53.1,2.4
31545,My Mom's White Fudge,"[{""quantity"": ""3"", ""unit"": ""cups"", ""name"": ""sugar""}, {""quantity"": ""3/8"", ""unit"": ""cup"", ""name"": ""margarine""}, {""quantity"": ""1"", ""unit"": ""cup"", ""name"": ""evaporated milk""}, {""quantity"": ""1"", ""unitQuantity"": ""12"", ""unitUnit"": ""ounce"", ""unit"": ""package"", ""name"": ""coconut""}, {""quantity"": ""1"", ""unitQuantity"": ""7"", ""unitUnit"": ""ounce"", ""unit"": ""jar"", ""name"": ""marshmallow creme""}]",,1490,172.2,8.6,6.1,2.0,38.0,24.2,1.6,20.1,1.2
31555,Pineapple Upside Down Cake,"[{""quantity"": ""1/4"", ""unit"": ""cup"", ""name"": ""butter""}, {""quantity"": ""1/2"", ""unit"": ""cup"", ""name"": ""brown sugar""}, {""quantity"": ""8"", ""name"": ""canned pineapple slices"", ""description"": ""drained well""}, {""quantity"": ""5"", ""name"": ""maraschino cherries"", ""description"": ""halves""}, {""quantity"": ""1 1/4"", ""unit"": ""cups"", ""name"": ""all-purpose flour""}, {""quantity"": ""1 1/2"", ""unit"": ""teaspoons"", ""name"": ""baking powder""}, {""quantity"": ""1/4"", ""unit"": ""teaspoon"", ""name"": ""salt""}, {""quantity"": ""1/3"", ""unit"": ""cup"", ""name"": ""shortening or 1/3 cup butter""}, {""quantity"": ""2/3"", ""unit"": ""cup"", ""name"": ""sugar""}, {""quantity"": ""1"", ""name"": ""egg""}, {""quantity"": ""1"", ""unit"": ""teaspoon"", ""name"": ""vanilla essence""}, {""quantity"": ""1/2"", ""unit"": ""cup"", ""name"": ""orange juice""}]",8.0,258,420.2,15.3,6.0,38.5,206.7,70.1,3.0,49.0,3.9
31612,Quick and Easy Apple Tarts,"[{""quantity"": ""2"", ""unit"": ""sheets"", ""name"": ""phyllo pastry""}, {""quantity"": ""2"", ""unit"": ""teaspoons"", ""name"": ""butter"", ""description"": ""melted""}, {""quantity"": ""2"", ""unit"": ""tablespoons"", ""name"": ""chopped almonds"", ""description"": ""toasted""}, {""quantity"": ""1 1/2"", ""unit"": ""teaspoons"", ""name"": ""icing sugar""}, {""quantity"": ""1/3"", ""unit"": ""cup"", ""name"": ""packed brown sugar""}, {""quantity"": ""1"", ""unit"": ""tablespoon"", ""name"": ""lemon juice""}, {""quantity"": ""1/2"", ""unit"": ""teaspoon"", ""name"": ""cinnamon""}, {""quantity"": ""3"", ""unit"": ""cups"", ""name"": ""sliced peeled apples""}]",6.0,90,134.1,3.2,1.0,3.4,54.4,26.7,2.1,20.4,1.2
31687,"Indian spiced fish in creamy, yoghurt sauce","[{""quantity"": ""1"", ""unit"": ""lb"", ""name"": ""white fish fillet"", ""description"": ""cut up in chunks""}, {""quantity"": ""3 -4"", ""unit"": ""tablespoons"", ""name"": ""butter""}, {""quantity"": ""4"", ""unit"": ""medium"", ""name"": ""onions"", ""description"": ""finely chopped""}, {""quantity"": ""2 -3"", ""name"": ""green chilies"", ""description"": ""seeds removed and finely chopped""}, {""quantity"": ""2"", ""unit"": ""teaspoons"", ""name"": ""fresh grated ginger""}, {""quantity"": ""1"", ""unit"": ""cup"", ""name"": ""yoghurt""}, {""quantity"": ""1/2"", ""unit"": ""cup"", ""name"": ""cream""}, {""quantity"": ""1/2"", ""unit"": ""teaspoon"", ""name"": ""turmeric powder""}, {""quantity"": ""1/2"", ""unit"": ""teaspoon"", ""name"": ""fenugreek seeds"", ""description"": ""ground (If you have whole seeds dry roast them for a few minutes in a frying pan and then grind them.)""}, {""quantity"": ""1/2"", ""unit"": ""teaspoon"", ""name"": ""ground cardamom""}, {""name"": ""chopped fresh coriander""}]",4.0,350,364.8,21.6,12.9,140.2,187.2,18.2,2.2,8.8,25.4
31733,Marinated Tomato Salad,"[{""quantity"": ""1"", ""unit"": ""clove"", ""name"": ""garlic"", ""description"": ""crushed""}, {""quantity"": ""1/2"", ""unit"": ""teaspoon"", ""name"": ""salt""}, {""quantity"": ""1"", ""unit"": ""tablespoon"", ""name"": ""olive oil""}, {""quantity"": ""2"", ""unit"": ""tablespoons"", ""name"": ""vinegar""}, {""quantity"": ""4"", ""unit"": ""large"", ""name"": ""tomatoes"", ""description"": ""sliced""}, {""quantity"": ""1/4"", ""unit"": ""cup"", ""name"": ""chopped fresh parsley""}, {""quantity"": ""1 1/2"", ""unit"": ""tablespoons"", ""name"": ""chopped fresh basil""}, {""quantity"": ""1"", ""unit"": ""large"", ""name"": ""sweet onion"", ""description"": ""sliced about 1/4 inch thick""}, {""quantity"": ""1"", ""name"": ""fresh ground black pepper""}]",4.0,236,82.4,3.8,0.6,0.0,303.4,11.5,2.9,6.4,2.1
31863,Peanutty Chocolate Banana Bread,"[{""quantity"": ""2"", ""unit"": ""cups"", ""name"": ""all-purpose flour""}, {""quantity"": ""1"", ""unit"": ""cup"", ""name"": ""sugar""}, {""quantity"": ""1"", ""unit"": ""tablespoon"", ""name"": ""baking powder""}, {""quantity"": ""1/2"", ""unit"": ""teaspoon"", ""name"": ""salt""}, {""quantity"": ""2"", ""name"": ""very ripe bananas"", ""description"": ""mashed""}, {""quantity"": ""1/3"", ""unit"": ""cup"", ""name"": ""milk""}, {""quantity"": ""1/3"", ""unit"": ""cup"", ""name"": ""peanut butter""}, {""quantity"": ""3"", ""unit"": ""tablespoons"", ""name"": ""vegetable oil""}, {""quantity"": ""1"", ""name"": ""egg""}, {""quantity"": ""1"", ""unit"": ""cup"", ""name"": ""milk chocolate chips"", ""description"": ""divided""}, {""quantity"": ""1/3"", ""unit"": ""cup"", ""name"": ""peanuts"", ""description"": ""chopped""}]",12.0,98,276.6,10.6,2.1,19.1,232.9,41.1,1.9,21.2,6.1
31894,Camping Fruit and Rice,"[{""quantity"": ""1 1/2"", ""unit"": ""cups"", ""name"": ""Minute Rice""}, {""quantity"": ""1/2"", ""unit"": ""teaspoon"", ""name"": ""cinnamon""}, {""quantity"": ""1/4"", ""unit"": ""cup"", ""name"": ""dried fruit""}, {""quantity"": ""1 1/2"", ""unit"": ""cups"", ""name"": ""water""}, {""quantity"": ""2"", ""unit"": ""tablespoons"", ""name"": ""margarine""}]",2.0,290,438.6,12.2,2.1,0.0,148.6,76.4,3.8,0.1,6.4
31971,Double Fudge Crispy Cookie Bars,"[{""quantity"": ""1/2"", ""unit"": ""cup"", ""name"": ""butter"", ""description"": ""softend""}, {""quantity"": ""3/4"", ""unit"": ""cup"", ""name"": ""sugar""}, {""quantity"": ""2"", ""name"": ""eggs""}, {""quantity"": ""1"", ""unit"": ""teaspoon"", ""name"": ""vanilla""}, {""quantity"": ""3/4"", ""unit"": ""cup"", ""name"": ""flour""}, {""quantity"": ""1/2"", ""unit"": ""cup"", ""name"": ""pecans"", ""description"": ""chopped""}, {""quantity"": ""1/4"", ""unit"": ""teaspoon"", ""name"": ""baking powder""}, {""quantity"": ""1/4"", ""unit"": ""teaspoon"", ""name"": ""salt""}, {""quantity"": ""2"", ""unit"": ""cups"", ""name"": ""miniature marshmallows""}, {""quantity"": ""1"", ""unitQuantity"": ""6"", ""unitUnit"": ""ounce"", ""unit"": ""package"", ""name"": ""chocolate chips""}, {""quantity"": ""1"", ""unit"": ""cup"", ""name"": ""peanut butter""}, {""quantity"": ""1 1/2"", ""unit"": ""cups"", ""name"": ""Rice Krispies""}]",,1089,141.2,9.0,3.4,17.1,87.4,14.1,0.9,9.2,2.9
32308,Chocolate Walnut Coconut Pie,"[{""quantity"": ""1/2"", ""unit"": ""cup"", ""name"": ""butter"", ""description"": ""melted""}, {""quantity"": ""1"", ""unit"": ""cup"", ""name"": ""sugar""}, {""quantity"": ""2"", ""name"": ""eggs"", ""description"": ""slightly beaten""}, {""quantity"": ""1"", ""unit"": ""teaspoon"", ""name"": ""chocolate-flavored liqueur (or vanilla extract)""}, {""quantity"": ""3/4"", ""unit"": ""cup"", ""name"": ""walnuts"", ""description"": ""chopped""}, {""quantity"": ""1"", ""unit"": ""cup"", ""name"": ""semi-sweet chocolate chips (Ghiradelli)""}, {""quantity"": ""1/2"", ""unit"": ""cup"", ""name"": ""coconut""}, {""quantity"": ""1"", ""name"": ""9\\\"" unbaked pie shell""}, {""name"": ""whipped cream""}]",8.0,101,489.9,33.9,16.2,77.0,191.6,47.2,3.0,37.1,5.4
32375,Thai Chicken and Coconut Soup (Tom Kha Kai),"[{""quantity"": ""1"", ""unit"": ""liter"", ""name"": ""chicken stock""}, {""quantity"": ""4"", ""name"": ""kaffir lime leaves""}, {""quantity"": ""2"", ""unit"": ""stalks"", ""name"": ""lemongrass"", ""description"": ""chopped and bruised""}, {""quantity"": ""5"", ""unit"": ""slices"", ""name"": ""ginger or 5 slices galangal"", ""description"": ""thick""}, {""quantity"": ""3"", ""name"": ""hot green chili peppers"", ""description"": ""halved and seeds removed""}, {""quantity"": ""1"", ""unit"": ""bunch"", ""name"": ""coriander"", ""description"": ""stems and roots finely chopped,leaves reserved""}, {""quantity"": ""350"", ""unit"": ""g"", ""name"": ""chicken breasts"", ""description"": ""cut into thin broad slices""}, {""quantity"": ""400"", ""unit"": ""ml"", ""name"": ""thick coconut milk""}, {""quantity"": ""3"", ""unit"": ""tablespoons"", ""name"": ""lime juice""}, {""quantity"": ""1"", ""unit"": ""tablespoon"", ""name"": ""palm sugar""}, {""quantity"": ""2"", ""unit"": ""tablespoons"", ""name"": ""fish sauce""}, {""name"": ""coriander leaves (to garnish)""}]",6.0,349,315.5,21.9,14.9,42.4,760.1,12.9,0.4,6.3,18.6
32515,Ziplock Fudge,"[{""quantity"": ""1"", ""unitQuantity"": ""3"", ""unitUnit"": ""ounce"", ""unit"": ""package"", ""name"": ""cream cheese""}, {""quantity"": ""1"", ""unitQuantity"": ""1"", ""unitUnit"": ""lb"", ""unit"": ""box"", ""name"": ""powdered sugar""}, {""quantity"": ""2"", ""unitQuantity"": ""1"", ""unitUnit"": ""ounce"", ""unit"": ""packets"", ""name"": ""powdered cocoa mix or 1/2 cup cocoa""}, {""quantity"": ""2"", ""unit"": ""tablespoons"", ""name"": ""butter""}, {""quantity"": ""2"", ""unitQuantity"": ""1"", ""unitUnit"": ""gallon"", ""name"": ""ziploc bags""}]",8.0,78,311.3,6.9,4.3,19.4,88.2,62.7,0.3,60.7,1.3
32540,Best Italian Meatballs,"[{""quantity"": ""1"", ""unit"": ""lb"", ""name"": ""ground beef""}, {""quantity"": ""1"", ""unit"": ""lb"", ""name"": ""Italian sausage (ground"", ""description"": ""or remove from casings)""}, {""quantity"": ""1"", ""unit"": ""cup"", ""name"": ""Italian style breadcrumbs""}, {""quantity"": ""1"", ""name"": ""egg""}, {""quantity"": ""1/4"", ""unit"": ""cup"", ""name"": ""parmesan cheese""}, {""name"": ""cayenne"", ""description"": ""red pepper flakes to taste""}]",,1096,131.0,8.7,3.2,33.4,292.6,4.1,0.2,0.5,8.4
32618,Apple Grunt,"[{""quantity"": ""4"", ""unit"": ""tablespoons"", ""name"": ""butter""}, {""quantity"": ""1/3"", ""unit"": ""cup"", ""name"": ""tightly packed brown sugar""}, {""quantity"": ""2"", ""unit"": ""cups"", ""name"": ""pared cored and sliced fresh apples""}, {""quantity"": ""3/4"", ""unit"": ""cup"", ""name"": ""chopped walnuts""}, {""quantity"": ""1"", ""name"": ""egg""}, {""quantity"": ""1/2"", ""unit"": ""cup"", ""name"": ""sugar""}, {""quantity"": ""1/3"", ""unit"": ""cup"", ""name"": ""milk""}, {""quantity"": ""1/8"", ""unit"": ""teaspoon"", ""name"": ""salt""}, {""quantity"": ""1"", ""unit"": ""teaspoon"", ""name"": ""baking powder""}, {""quantity"": ""1"", ""unit"": ""cup"", ""name"": ""all-purpose flour""}, {""name"": ""whipped cream or ice cream""}]",6.0,138,392.9,18.8,6.4,57.5,187.7,53.1,2.5,33.2,6.1
32659,Pumpkin Butter (No cook),"[{""quantity"": ""1/2"", ""unit"": ""cup"", ""name"": ""butter or 1/2 cup margarine"", ""description"": ""softened""}, {""quantity"": ""1/4"", ""unit"": ""cup"", ""name"": ""sifted powdered sugar""}, {""quantity"": ""1/2"", ""unit"": ""cup"", ""name"": ""canned pumpkin""}, {""quantity"": ""1/4"", ""unit"": ""teaspoon"", ""name"": ""ground cinnamon""}, {""quantity"": ""1/4"", ""unit"": ""teaspoon"", ""name"": ""ground nutmeg""}]",,268,781.2,74.1,46.9,195.2,759.6,32.5,3.2,26.9,1.9
32706,Pork Cutlets With Parmesan-Breadcrumb Topping,"[{""quantity"": ""2"", ""unit"": ""lbs"", ""name"": ""pork tenderloin"", ""description"": ""cut into 6, 1/4 inch thick slices""}, {""quantity"": ""4"", ""unit"": ""tablespoons"", ""name"": ""butter""}, {""quantity"": ""2"", ""unit"": ""tablespoons"", ""name"": ""shallots"", ""description"": ""minced""}, {""quantity"": ""1/2"", ""unit"": ""cup"", ""name"": ""white wine""}, {""quantity"": ""2"", ""unit"": ""tablespoons"", ""name"": ""parmesan cheese"", ""description"": ""grated""}, {""quantity"": ""2"", ""unit"": ""tablespoons"", ""name"": ""breadcrumbs""}]",,190,440.7,20.6,10.5,180.3,311.7,6.8,0.3,0.8,49.0
32811,Chocolate Ripple cake,"[{""quantity"": ""250"", ""unit"": ""g"", ""name"": ""chocolate cookies (not chocolate coated though)""}, {""quantity"": ""500"", ""unit"": ""ml"", ""name"": ""thickened cream"", ""description"": ""lightly sweetened and stiffly beaten""}, {""name"": ""sweet sherry or raspberry jelly""}]",,95,428.6,32.2,18.2,95.2,316.4,32.7,1.4,12.4,4.6
33050,Low Fat delicious Bread Pudding,"[{""quantity"": ""6"", ""unit"": ""slices"", ""name"": ""day-old bread (better if low in fat)""}, {""quantity"": ""1"", ""unit"": ""tablespoon"", ""name"": ""oil (can use butter or margarine)""}, {""quantity"": ""1/2"", ""unit"": ""cup"", ""name"": ""raisins""}, {""quantity"": ""8"", ""name"": ""egg whites""}, {""quantity"": ""2"", ""unit"": ""cups"", ""name"": ""low-fat milk""}, {""quantity"": ""1/2"", ""unit"": ""cup"", ""name"": ""white sugar (or sweetner)""}, {""quantity"": ""1"", ""unit"": ""teaspoon"", ""name"": ""ground cinnamon""}, {""quantity"": ""1"", ""unit"": ""teaspoon"", ""name"": ""vanilla extract""}]",8.0,136,158.3,3.0,0.7,3.0,209.4,25.6,0.6,16.8,7.1
33195,Hillbilly Beans,"[{""quantity"": ""1"", ""unit"": ""lb"", ""name"": ""ground beef"", ""description"": ""fried""}, {""quantity"": ""1"", ""unitQuantity"": ""16"", ""unitUnit"": ""ounce"", ""unit"": ""can"", ""name"": ""baked beans""}, {""quantity"": ""1"", ""unitQuantity"": ""16"", ""unitUnit"": ""ounce"", ""unit"": ""can"", ""name"": ""butter beans"", ""description"": ""drained""}, {""quantity"": ""1"", ""unitQuantity"": ""16"", ""unitUnit"": ""ounce"", ""unit"": ""can"", ""name"": ""kidney beans"", ""description"": ""drained""}, {""quantity"": ""1/2"", ""unit"": ""cup"", ""name"": ""ketchup""}, {""quantity"": ""1/2"", ""unit"": ""cup"", ""name"": ""brown sugar""}, {""quantity"": ""1"", ""unit"": ""teaspoon"", ""name"": ""ground mustard""}, {""quantity"": ""4 -5"", ""unit"": ""slices"", ""name"": ""bacon"", ""description"": ""cut up""}, {""quantity"": ""1"", ""unit"": ""tablespoon"", ""name"": ""vinegar""}, {""quantity"": ""1"", ""unit"": ""medium"", ""name"": ""onion"", ""description"": ""sliced""}]",12.0,183,236.9,7.5,2.7,27.5,498.4,30.9,5.1,15.3,13.0
33205,Quick Lasagna,"[{""quantity"": ""4"", ""unit"": ""cups"", ""name"": ""spaghetti sauce (less than 4 g fat per 4 oz)""}, {""quantity"": ""2"", ""unit"": ""cups"", ""name"": ""low-fat ricotta cheese""}, {""quantity"": ""1"", ""unit"": ""cup"", ""name"": ""low fat cottage cheese""}, {""quantity"": ""2"", ""unit"": ""tablespoons"", ""name"": ""dried parsley""}, {""quantity"": ""1"", ""unit"": ""teaspoon"", ""name"": ""chopped garlic""}, {""quantity"": ""4"", ""unit"": ""ounces"", ""name"": ""grated part-skim mozzarella cheese""}, {""quantity"": ""3/4"", ""unit"": ""lb"", ""name"": ""uncooked lasagna noodle""}, {""quantity"": ""1/4"", ""unit"": ""cup"", ""name"": ""parmesan cheese""}]",12.0,143,218.3,4.9,1.9,9.4,570.1,31.9,1.3,8.1,11.1
33274,Mini Pumpkin-Date Bread,"[{""quantity"": ""2"", ""unit"": ""cups"", ""name"": ""sugar""}, {""quantity"": ""2/3"", ""unit"": ""cup"", ""name"": ""vegetable oil""}, {""quantity"": ""2"", ""unit"": ""teaspoons"", ""name"": ""vanilla""}, {""quantity"": ""4"", ""name"": ""eggs""}, {""quantity"": ""1"", ""unitQuantity"": ""15"", ""unitUnit"": ""ounce"", ""unit"": ""can"", ""name"": ""pumpkin""}, {""quantity"": ""3"", ""unit"": ""cups"", ""name"": ""all-purpose flour""}, {""quantity"": ""2"", ""unit"": ""teaspoons"", ""name"": ""baking soda""}, {""quantity"": ""1"", ""unit"": ""teaspoon"", ""name"": ""ground cinnamon""}, {""quantity"": ""3/4"", ""unit"": ""teaspoon"", ""name"": ""salt""}, {""quantity"": ""1/2"", ""unit"": ""teaspoon"", ""name"": ""baking powder""}, {""quantity"": ""1/2"", ""unit"": ""teaspoon"", ""name"": ""ground cloves""}, {""quantity"": ""1"", ""unit"": ""cup"", ""name"": ""of chopped dates""}]",,1719,467.2,15.5,2.4,76.9,431.1,77.5,2.6,47.4,6.6
33286,German Roll Kuchen,"[{""quantity"": ""5"", ""unit"": ""cups"", ""name"": ""flour""}, {""quantity"": ""3"", ""name"": ""eggs""}, {""quantity"": ""2"", ""unit"": ""teaspoons"", ""name"": ""baking powder""}, {""quantity"": ""2"", ""unit"": ""teaspoons"", ""name"": ""salt""}, {""quantity"": ""2"", ""unit"": ""cups"", ""name"": ""sour cream""}]",,41,174.2,5.9,3.3,41.8,292.2,25.0,0.8,0.2,4.9
33304,Mandarin Green Beans,"[{""quantity"": ""1"", ""unit"": ""lb"", ""name"": ""cut green beans""}, {""quantity"": ""2"", ""unit"": ""tablespoons"", ""name"": ""blanched almond halves""}, {""quantity"": ""1"", ""unit"": ""tablespoon"", ""name"": ""oil""}, {""quantity"": ""1/2"", ""unit"": ""cup"", ""name"": ""coarsely sliced celery""}, {""quantity"": ""1"", ""unit"": ""teaspoon"", ""name"": ""soy sauce""}, {""quantity"": ""1"", ""name"": ""chicken bouillon cube""}, {""quantity"": ""1"", ""unit"": ""teaspoon"", ""name"": ""sugar""}, {""quantity"": ""1"", ""unit"": ""teaspoon"", ""name"": ""lemon juice""}, {""quantity"": ""2"", ""unit"": ""teaspoons"", ""name"": ""cornstarch"", ""description"": ""mixed with""}, {""quantity"": ""1"", ""unit"": ""tablespoon"", ""name"": ""water""}]",4.0,143,93.4,5.9,0.7,0.1,577.4,9.0,2.9,2.8,2.7
33356,Bavarian Style Cube Steak,"[{""quantity"": ""1"", ""unit"": ""tablespoon"", ""name"": ""cooking oil""}, {""quantity"": ""1"", ""unit"": ""lb"", ""name"": ""beef cube steak"", ""description"": ""about""}, {""quantity"": ""1/3"", ""unit"": ""cup"", ""name"": ""chopped onion""}, {""quantity"": ""2 1/2"", ""unit"": ""cups"", ""name"": ""water""}, {""quantity"": ""2"", ""unit"": ""envelopes"", ""name"": ""dry mushroom soup mix""}, {""quantity"": ""2"", ""unit"": ""tablespoons"", ""name"": ""brown sugar""}, {""quantity"": ""2"", ""unit"": ""tablespoons"", ""name"": ""white vinegar""}, {""quantity"": ""1"", ""unit"": ""teaspoon"", ""name"": ""caraway seed""}]",4.0,179,235.1,11.2,3.4,66.9,78.0,8.4,0.4,7.2,23.8
33407,Cheesy Salsa Dip,"[{""quantity"": ""8"", ""unit"": ""ounces"", ""name"": ""cream cheese"", ""description"": ""softened""}, {""quantity"": ""1"", ""unitQuantity"": ""16"", ""unitUnit"": ""ounce"", ""unit"": ""can"", ""name"": ""black beans"", ""description"": ""drained and rinsed""}, {""quantity"": ""1"", ""unitQuantity"": ""4"", ""unitUnit"": ""ounce"", ""unit"": ""can"", ""name"": ""chopped green chilies"", ""description"": ""drained""}, {""quantity"": ""2"", ""unit"": ""cups"", ""name"": ""shredded cheddar cheese""}, {""quantity"": ""1"", ""unit"": ""cup"", ""name"": ""salsa (whatever heat you prefer)""}]",,1154,450.1,31.3,19.6,97.4,728.0,22.7,6.9,3.1,21.7
33468,Pancho Villa Cocktail,"[{""quantity"": ""1/4"", ""unit"": ""cup"", ""name"": ""grapefruit juice""}, {""quantity"": ""1/2"", ""unit"": ""cup"", ""name"": ""orange juice""}, {""quantity"": ""1"", ""unit"": ""tablespoon"", ""name"": ""lime juice""}, {""quantity"": ""2"", ""unit"": ""ounces"", ""name"": ""whiskey""}, {""quantity"": ""2"", ""unit"": ""teaspoons"", ""name"": ""grenadine""}, {""name"": ""ice cube""}, {""name"": ""orange slice"", ""description"": ""garnish""}, {""name"": ""mint sprig"", ""description"": ""garnish""}]",1.0,319,332.7,0.3,0.0,0.0,13.0,46.7,0.4,35.0,1.2
33526,Mel's Buns,"[{""quantity"": ""24"", ""name"": ""brown and serve rolls""}, {""name"": ""butter or margarine""}, {""name"": ""instant minced onion""}]",,1368,167.0,2.5,0.3,0.0,310.1,30.0,1.3,1.0,5.6
33754,German Spareribs and Sauerkraut,"[{""quantity"": ""3 -4"", ""unit"": ""lbs"", ""name"": ""pork spareribs"", ""description"": ""cut into serving pieces""}, {""quantity"": ""1"", ""unit"": ""large"", ""name"": ""onion"", ""description"": ""sliced""}, {""quantity"": ""5"", ""unit"": ""cloves"", ""name"": ""garlic"", ""description"": ""sliced""}, {""quantity"": ""2"", ""name"": ""granny smith apples"", ""description"": ""chopped (you can leave the skins on)""}, {""quantity"": ""1"", ""unit"": ""can"", ""name"": ""cream of mushroom soup""}, {""quantity"": ""1"", ""unitQuantity"": ""28"", ""unitUnit"": ""ounce"", ""unit"": ""can"", ""name"": ""sauerkraut"", ""description"": ""drained and rinsed well""}, {""name"": ""salt and pepper""}, {""quantity"": ""12"", ""unit"": ""medium"", ""name"": ""red potatoes""}]",6.0,931,1063.2,57.4,21.1,176.9,1447.3,86.8,12.2,13.3,49.4
33797,Light Chicken Piccata With Linguine,"[{""quantity"": ""4"", ""unitQuantity"": ""4"", ""unitUnit"": ""ounce"", ""name"": ""boneless skinless chicken breast halves""}, {""quantity"": ""1/4"", ""unit"": ""cup"", ""name"": ""flour""}, {""quantity"": ""1/4"", ""unit"": ""teaspoon"", ""name"": ""salt""}, {""quantity"": ""1/4"", ""unit"": ""teaspoon"", ""name"": ""black pepper""}, {""quantity"": ""2"", ""unit"": ""teaspoons"", ""name"": ""butter"", ""description"": ""divided""}, {""quantity"": ""1"", ""unit"": ""teaspoon"", ""name"": ""olive oil""}, {""quantity"": ""1 1/2"", ""unit"": ""cups"", ""name"": ""white wine"", ""description"": ""divided""}, {""quantity"": ""4"", ""unit"": ""tablespoons"", ""name"": ""fresh lemon juice"", ""description"": ""divided""}, {""quantity"": ""2"", ""unit"": ""tablespoons"", ""name"": ""capers""}, {""quantity"": ""1/2"", ""unit"": ""cup"", ""name"": ""chopped fresh parsley""}, {""quantity"": ""8"", ""unit"": ""ounces"", ""name"": ""linguine"", ""description"": ""cooked (4 cups cooked)""}]",4.0,297,475.5,7.0,2.2,77.6,433.4,52.6,2.5,2.9,32.8
33800,Busy Day Beef Pot Pie,"[{""quantity"": ""1"", ""unit"": ""lb"", ""name"": ""cube steak"", ""description"": ""cut into bite size pieces""}, {""quantity"": ""1"", ""unit"": ""tablespoon"", ""name"": ""vegetable oil""}, {""quantity"": ""1/2"", ""unit"": ""lb"", ""name"": ""mushroom"", ""description"": ""quartered""}, {""quantity"": ""1"", ""unit"": ""medium"", ""name"": ""onion"", ""description"": ""diced""}, {""quantity"": ""1"", ""unit"": ""clove"", ""name"": ""garlic"", ""description"": ""crushed""}, {""quantity"": ""1"", ""unitQuantity"": ""12"", ""unitUnit"": ""ounce"", ""unit"": ""jar"", ""name"": ""beef gravy""}, {""quantity"": ""1"", ""unitQuantity"": ""10"", ""unitUnit"": ""ounce"", ""unit"": ""package"", ""name"": ""frozen peas and carrots""}, {""quantity"": ""1/4"", ""unit"": ""teaspoon"", ""name"": ""dried thyme leaves""}, {""quantity"": ""1"", ""unitQuantity"": ""4 1/2"", ""unitUnit"": ""ounce"", ""unit"": ""can"", ""name"": ""refrigerated buttermilk biscuits""}, {""name"": ""fresh ground black pepper""}]",,184,439.0,20.9,6.8,71.7,945.6,30.8,4.2,4.9,34.0
33829,Jamaican Shake,"[{""quantity"": ""4"", ""unit"": ""ounces"", ""name"": ""vanilla ice cream""}, {""quantity"": ""2"", ""unit"": ""ounces"", ""name"": ""milk"", ""description"": ""approx""}, {""quantity"": ""1"", ""unit"": ""ounce"", ""name"": ""Kahlua""}, {""quantity"": ""1/2"", ""unit"": ""ounce"", ""name"": ""Grand Marnier""}, {""quantity"": ""1/2"", ""unit"": ""ounce"", ""name"": ""Amaretto""}]",,101,356.8,14.9,9.2,58.8,123.6,39.0,0.8,33.5,6.0
33838,Char Siu,"[{""quantity"": ""1 1/2"", ""unit"": ""lbs"", ""name"": ""boneless pork butt""}, {""quantity"": ""1/4"", ""unit"": ""cup"", ""name"": ""hoisin sauce""}, {""quantity"": ""1/2"", ""unit"": ""cup"", ""name"": ""soy sauce""}, {""quantity"": ""2"", ""unit"": ""tablespoons"", ""name"": ""sugar""}, {""quantity"": ""1"", ""unit"": ""tablespoon"", ""name"": ""rice wine""}, {""quantity"": ""1"", ""unit"": ""tablespoon"", ""name"": ""vegetable oil""}, {""quantity"": ""1 1/2"", ""unit"": ""teaspoons"", ""name"": ""salt""}, {""quantity"": ""1/4"", ""unit"": ""cup"", ""name"": ""honey""}]",,172,558.1,30.7,9.8,112.8,3246.1,33.0,0.8,28.7,36.3
33860,Cheesy Spinach Burgers,"[{""quantity"": ""1"", ""unit"": ""envelope"", ""name"": ""lipton recipe secrets garlic mushroom soup mix or 1 envelope onion soup mix (just as great)""}, {""quantity"": ""2"", ""unit"": ""lbs"", ""name"": ""ground beef""}, {""quantity"": ""1"", ""unitQuantity"": ""10"", ""unitUnit"": ""ounce"", ""unit"": ""package"", ""name"": ""frozen chopped spinach"", ""description"": ""thawed and squeezed dry""}, {""quantity"": ""1"", ""unit"": ""cup"", ""name"": ""shredded mozzarella cheese or 1 cup cheddar cheese""}]",8.0,175,351.9,23.2,9.1,88.4,774.0,8.2,1.5,0.5,26.9
33920,"Black Beans, Rice and Sausage Casserole","[{""quantity"": ""1"", ""unit"": ""box"", ""name"": ""uncle ben rice and black bean soup""}, {""quantity"": ""1"", ""unit"": ""cup"", ""name"": ""cooked long grain white rice""}, {""quantity"": ""1/2"", ""unit"": ""package"", ""name"": ""Little Smokies sausage"", ""description"": ""cut in half""}, {""quantity"": ""2 -3"", ""unit"": ""tablespoons"", ""name"": ""goya recaito""}, {""quantity"": ""1/2"", ""unit"": ""cup"", ""name"": ""chopped green bell pepper""}, {""quantity"": ""1/2"", ""unit"": ""cup"", ""name"": ""chopped onion""}, {""name"": ""hot sauce""}, {""quantity"": ""1/2"", ""unit"": ""cup"", ""name"": ""shredded monterey jack cheese""}]",,65,233.6,4.6,2.8,12.6,79.2,40.0,1.2,1.4,7.1
34107,Nutty Triangles,"[{""quantity"": ""1/2"", ""unit"": ""cup"", ""name"": ""margarine or 1/2 cup butter"", ""description"": ""softened""}, {""quantity"": ""1/4"", ""unit"": ""cup"", ""name"": ""granulated sugar""}, {""quantity"": ""1/4"", ""unit"": ""cup"", ""name"": ""packed brown sugar""}, {""quantity"": ""1/2"", ""unit"": ""teaspoon"", ""name"": ""vanilla""}, {""quantity"": ""1"", ""name"": ""egg"", ""description"": ""separated""}, {""quantity"": ""1"", ""unit"": ""cup"", ""name"": ""all-purpose flour""}, {""quantity"": ""1/8"", ""unit"": ""teaspoon"", ""name"": ""salt""}, {""quantity"": ""1"", ""unit"": ""teaspoon"", ""name"": ""water""}, {""quantity"": ""1"", ""unit"": ""cup"", ""name"": ""macadamia nuts or 1 cup toasted almond""}, {""quantity"": ""1"", ""unit"": ""ounce"", ""name"": ""unsweetened chocolate"", ""description"": ""melted and cooled""}]",12.0,47,222.9,14.6,3.3,17.6,194.3,21.1,1.0,9.2,3.7
34140,Cheese'n Dill Scones,"[{""quantity"": ""2 1/2"", ""unit"": ""cups"", ""name"": ""all-purpose flour""}, {""quantity"": ""1/4"", ""unit"": ""cup"", ""name"": ""chopped fresh parsley""}, {""quantity"": ""1"", ""unit"": ""tablespoon"", ""name"": ""baking powder""}, {""quantity"": ""2"", ""unit"": ""teaspoons"", ""name"": ""dried dill weed""}, {""quantity"": ""1/2"", ""unit"": ""teaspoon"", ""name"": ""salt""}, {""quantity"": ""3/4"", ""unit"": ""cup"", ""name"": ""cold butter (NO margarine)""}, {""quantity"": ""5"", ""unit"": ""ounces"", ""name"": ""shredded cheddar cheese (1-1/3 cups)""}, {""quantity"": ""1/2"", ""unit"": ""cup"", ""name"": ""sour cream""}, {""quantity"": ""1/4"", ""unit"": ""cup"", ""name"": ""milk""}, {""quantity"": ""2"", ""name"": ""eggs"", ""description"": ""slightly beaten""}]",8.0,116,422.4,28.1,17.2,124.6,545.3,31.8,1.1,0.3,11.0
34332,Molasses Sugar Cookies,"[{""quantity"": ""3/4"", ""unit"": ""cup"", ""name"": ""shortening""}, {""quantity"": ""1"", ""unit"": ""cup"", ""name"": ""sugar""}, {""quantity"": ""1/4"", ""unit"": ""cup"", ""name"": ""molasses""}, {""quantity"": ""1"", ""unit"": ""large"", ""name"": ""egg""}, {""quantity"": ""2"", ""unit"": ""cups"", ""name"": ""sifted all-purpose flour""}, {""quantity"": ""2"", ""unit"": ""teaspoons"", ""name"": ""baking soda""}, {""quantity"": ""1"", ""unit"": ""teaspoon"", ""name"": ""cinnamon""}, {""quantity"": ""1/2"", ""unit"": ""teaspoon"", ""name"": ""clove""}, {""quantity"": ""1/2"", ""unit"": ""teaspoon"", ""name"": ""ginger""}, {""quantity"": ""1/2"", ""unit"": ""teaspoon"", ""name"": ""salt""}]",,755,140.5,6.7,1.7,7.8,158.0,19.1,0.4,10.3,1.4
34354,Pollo en Mojo (well sort of),"[{""quantity"": ""1"", ""unit"": ""whole"", ""name"": ""fryer chickens"", ""description"": ""cut up or 2 lbs boneless skinless chicken breasts""}, {""quantity"": ""5"", ""unit"": ""cloves"", ""name"": ""garlic""}, {""name"": ""sea salt""}, {""quantity"": ""3"", ""unit"": ""small"", ""name"": ""dried cayenne peppers (about 1/2 teaspoon"", ""description"": ""crushed pepper flakes)""}, {""quantity"": ""1/2"", ""unit"": ""teaspoon"", ""name"": ""cumin seed""}, {""quantity"": ""1"", ""unit"": ""teaspoon"", ""name"": ""smoked paprika (about)""}, {""quantity"": ""1/4"", ""unit"": ""cup"", ""name"": ""olive oil""}, {""quantity"": ""3"", ""unit"": ""tablespoons"", ""name"": ""red wine vinegar""}, {""name"": ""oil (for frying)""}]",4.0,179,488.2,34.0,7.5,131.6,125.6,2.0,0.4,0.3,41.2
34373,Crock Pot Chicken and Cherries Jubilee,"[{""quantity"": ""2"", ""name"": ""fryer chickens"", ""description"": ""cut up or 3 lbs of bone in chicken breasts""}, {""quantity"": ""4"", ""unit"": ""tablespoons"", ""name"": ""butter""}, {""name"": ""salt and pepper""}, {""quantity"": ""1"", ""unitQuantity"": ""16"", ""unitUnit"": ""ounce"", ""unit"": ""can"", ""name"": ""pitted bing cherries""}, {""quantity"": ""1"", ""unit"": ""cup"", ""name"": ""Heinz Chili Sauce""}, {""quantity"": ""2"", ""unit"": ""teaspoons"", ""name"": ""chicken bouillon"", ""description"": ""base mix""}, {""quantity"": ""1/4"", ""unit"": ""cup"", ""name"": ""pale dry sherry""}, {""quantity"": ""2"", ""unit"": ""tablespoons"", ""name"": ""cornstarch""}, {""quantity"": ""2"", ""unit"": ""tablespoons"", ""name"": ""water""}, {""quantity"": ""4"", ""unit"": ""tablespoons"", ""name"": ""brandy""}]",10.0,224,430.4,21.9,7.9,119.2,298.2,13.2,1.6,6.5,34.3
34415,Sausage-Pumpkin Cornbread Stuffing,"[{""quantity"": ""3/4"", ""unit"": ""lb"", ""name"": ""sweet Italian sausage link"", ""description"": ""casings removed""}, {""quantity"": ""2"", ""name"": ""jalapenos"", ""description"": ""minced (with seeds)""}, {""quantity"": ""12"", ""name"": ""corn muffins or 2 (8 1/2 ounce) packages cornbread mix"", ""description"": ""prepared and crumbled (10 cups)""}, {""quantity"": ""1"", ""unitQuantity"": ""15"", ""unitUnit"": ""ounce"", ""unit"": ""can"", ""name"": ""pumpkin""}, {""quantity"": ""14"", ""unit"": ""ounces"", ""name"": ""chicken broth or 14 ounces vegetable broth""}, {""quantity"": ""1"", ""unit"": ""cup"", ""name"": ""dried cranberries""}, {""quantity"": ""1/4"", ""unit"": ""cup"", ""name"": ""chopped fresh sage or 1 1/2 tablespoons dried sage""}]",,265,640.9,27.3,7.5,66.7,1748.9,77.6,6.3,12.4,21.0
34552,Family Favorite Peanut Butter Cookies,"[{""quantity"": ""1/2"", ""unit"": ""cup"", ""name"": ""shortening""}, {""quantity"": ""1/2"", ""unit"": ""cup"", ""name"": ""peanut butter""}, {""quantity"": ""1/2"", ""unit"": ""cup"", ""name"": ""sugar""}, {""quantity"": ""1/2"", ""unit"": ""cup"", ""name"": ""packed brown sugar""}, {""quantity"": ""1"", ""name"": ""egg""}, {""quantity"": ""1 1/4"", ""unit"": ""cups"", ""name"": ""flour""}, {""quantity"": ""1/2"", ""unit"": ""teaspoon"", ""name"": ""baking powder""}, {""quantity"": ""3/4"", ""unit"": ""teaspoon"", ""name"": ""baking soda""}, {""quantity"": ""1/4"", ""unit"": ""teaspoon"", ""name"": ""salt""}]",,654,86.3,4.8,1.1,5.9,67.1,9.8,0.3,6.1,1.5
34647,Crispy Scalloped Corn,"[{""quantity"": ""4"", ""name"": ""beaten eggs""}, {""quantity"": ""1"", ""unit"": ""cup"", ""name"": ""milk""}, {""quantity"": ""2"", ""unit"": ""teaspoons"", ""name"": ""sugar""}, {""quantity"": ""1/4"", ""unit"": ""teaspoon"", ""name"": ""ground black pepper""}, {""quantity"": ""4"", ""unit"": ""cups"", ""name"": ""cubed bread""}, {""quantity"": ""1"", ""unitQuantity"": ""16"", ""unitUnit"": ""ounce"", ""unit"": ""can"", ""name"": ""whole kernel corn"", ""description"": ""drained""}, {""quantity"": ""1"", ""unitQuantity"": ""16"", ""unitUnit"": ""ounce"", ""unit"": ""can"", ""name"": ""cream-style corn""}, {""quantity"": ""6"", ""unit"": ""tablespoons"", ""name"": ""butter"", ""description"": ""softened""}, {""quantity"": ""2"", ""unit"": ""cups"", ""name"": ""crisp rice cereal"", ""description"": ""slightly crushed""}]",,170,297.6,13.7,7.2,132.9,636.3,38.9,2.4,5.8,8.6
34693,Cream Puffs,"[{""quantity"": ""1/2"", ""unit"": ""cup"", ""name"": ""shortening""}, {""quantity"": ""1/8"", ""unit"": ""teaspoon"", ""name"": ""salt""}, {""quantity"": ""1"", ""unit"": ""cup"", ""name"": ""boiling water""}, {""quantity"": ""1"", ""unit"": ""cup"", ""name"": ""flour""}, {""quantity"": ""3"", ""name"": ""eggs""}, {""quantity"": ""2"", ""unit"": ""cups"", ""name"": ""milk""}, {""quantity"": ""1"", ""unit"": ""cup"", ""name"": ""sugar""}, {""quantity"": ""1/4"", ""unit"": ""cup"", ""name"": ""cornstarch""}, {""quantity"": ""4"", ""name"": ""egg yolks""}, {""quantity"": ""1/2"", ""unit"": ""teaspoon"", ""name"": ""vanilla""}]",,1398,249.3,12.7,4.0,121.5,65.0,29.2,0.3,16.8,4.8
34819,Sweet Potato Biscuits,"[{""quantity"": ""1 1/3"", ""unit"": ""cups"", ""name"": ""self rising flour""}, {""quantity"": ""2"", ""unit"": ""teaspoons"", ""name"": ""brown sugar""}, {""quantity"": ""1/3"", ""unit"": ""cup"", ""name"": ""shortening""}, {""quantity"": ""1"", ""name"": ""beaten egg""}, {""quantity"": ""1/2"", ""unit"": ""cup"", ""name"": ""cooked mashed sweet potato""}, {""quantity"": ""2"", ""unit"": ""tablespoons"", ""name"": ""milk""}, {""name"": ""butter or margarine"", ""description"": ""melted""}]",,487,180.4,9.5,2.5,27.0,280.5,20.4,1.1,2.4,3.2
34864,No Fail Custard Pie,"[{""quantity"": ""2"", ""unit"": ""cups"", ""name"": ""milk""}, {""quantity"": ""3/4"", ""unit"": ""cup"", ""name"": ""sugar""}, {""quantity"": ""1/2"", ""unit"": ""cup"", ""name"": ""margarine""}, {""quantity"": ""4"", ""name"": ""eggs""}, {""quantity"": ""1"", ""unit"": ""dash"", ""name"": ""salt""}, {""quantity"": ""1"", ""unit"": ""teaspoon"", ""name"": ""vanilla""}, {""quantity"": ""1/2"", ""unit"": ""cup"", ""name"": ""Bisquick""}]",6.0,169,377.8,23.0,5.9,152.6,417.3,35.6,0.2,26.5,7.8
34956,Savory Pot Roast a La Pressure Cooker,"[{""quantity"": ""3"", ""unit"": ""lbs"", ""name"": ""chuck roast""}, {""quantity"": ""1"", ""unit"": ""tablespoon"", ""name"": ""Season-All salt""}, {""quantity"": ""1"", ""unit"": ""tablespoon"", ""name"": ""olive oil""}, {""quantity"": ""1"", ""unit"": ""cup"", ""name"": ""peeled baby carrots""}, {""quantity"": ""1"", ""unit"": ""cup"", ""name"": ""chopped celery""}, {""quantity"": ""1"", ""unit"": ""cup"", ""name"": ""sliced onion""}, {""quantity"": ""1 3/4"", ""unit"": ""cups"", ""name"": ""water""}, {""quantity"": ""1/4"", ""unit"": ""cup"", ""name"": ""Worcestershire sauce""}, {""quantity"": ""5"", ""unit"": ""medium"", ""name"": ""potatoes"", ""description"": ""peeled and cut in half lengthwise""}, {""quantity"": ""1/2"", ""unit"": ""teaspoon"", ""name"": ""pepper""}, {""quantity"": ""2"", ""unit"": ""teaspoons"", ""name"": ""beef bouillon powder or 2 teaspoons beef base""}, {""quantity"": ""2"", ""name"": ""bay leaves""}]",,414,504.4,16.3,6.6,149.7,344.2,38.8,5.3,5.0,52.1
35038,Sweet and Spicy Pumpkin Seeds,"[{""quantity"": ""1"", ""unit"": ""cup"", ""name"": ""pumpkin seeds (from 1 medium pumpkin)""}, {""quantity"": ""5"", ""unit"": ""tablespoons"", ""name"": ""sugar""}, {""quantity"": ""1/4"", ""unit"": ""teaspoon"", ""name"": ""salt""}, {""quantity"": ""1/4"", ""unit"": ""teaspoon"", ""name"": ""ground cumin""}, {""quantity"": ""1/4"", ""unit"": ""teaspoon"", ""name"": ""ground cinnamon""}, {""quantity"": ""1/4"", ""name"": ""ground ginger""}, {""quantity"": ""1"", ""unit"": ""pinch"", ""name"": ""cayenne pepper"", ""description"": ""to taste""}, {""quantity"": ""1 1/2"", ""unit"": ""tablespoons"", ""name"": ""peanut oil""}]",4.0,54,287.0,20.9,3.6,0.0,148.0,19.4,2.0,16.2,9.8
35067,Rancher's Quiche,"[{""quantity"": ""1"", ""name"": ""9 inch pie shell"", ""description"": ""unbaked""}, {""quantity"": ""8"", ""unit"": ""slices"", ""name"": ""bacon""}, {""quantity"": ""2"", ""unit"": ""tablespoons"", ""name"": ""onions"", ""description"": ""chopped""}, {""quantity"": ""2"", ""unit"": ""tablespoons"", ""name"": ""green peppers"", ""description"": ""chopped""}, {""quantity"": ""4"", ""unit"": ""ounces"", ""name"": ""sliced mushrooms"", ""description"": ""drained""}, {""quantity"": ""2"", ""unit"": ""cups"", ""name"": ""swiss cheese"", ""description"": ""shredded""}, {""quantity"": ""5"", ""name"": ""eggs""}, {""quantity"": ""2"", ""unit"": ""cups"", ""name"": ""half-and-half""}, {""quantity"": ""1/4"", ""unit"": ""teaspoon"", ""name"": ""dry mustard""}, {""quantity"": ""1"", ""unit"": ""teaspoon"", ""name"": ""lemon pepper""}]",,220,834.2,66.1,30.4,389.6,824.0,26.2,0.8,3.5,33.6
35210,Grilled Bread,"[{""quantity"": ""1/4"", ""unit"": ""cup"", ""name"": ""olive oil""}, {""quantity"": ""2"", ""unit"": ""tablespoons"", ""name"": ""red wine vinegar""}, {""quantity"": ""1"", ""name"": ""baguette"", ""description"": ""sliced lengthwise,then cut into serving size pieces (about 12\\\"" long)""}, {""name"": ""salt \\u0026 freshly ground black pepper""}]",6.0,184,573.7,12.1,2.1,0.0,876.1,96.3,4.1,4.4,20.1
35301,Noodles Romanoff Casserole,"[{""quantity"": ""1 1/2"", ""unit"": ""lbs"", ""name"": ""ground beef""}, {""quantity"": ""2"", ""unitQuantity"": ""5 5/8"", ""unitUnit"": ""ounce"", ""unit"": ""boxes"", ""name"": ""noodles romanoff Hamburger Helper mix for beef pasta""}, {""quantity"": ""2"", ""unit"": ""cups"", ""name"": ""milk""}, {""quantity"": ""1/4"", ""unit"": ""cup"", ""name"": ""margarine (melted) or 1/4 cup butter (melted)""}, {""quantity"": ""2"", ""unitQuantity"": ""10 3/4"", ""unitUnit"": ""ounce"", ""unit"": ""cans"", ""name"": ""cream of mushroom soup""}, {""quantity"": ""1/4"", ""unit"": ""cup"", ""name"": ""chopped onion""}, {""quantity"": ""3/4"", ""unit"": ""cup"", ""name"": ""breadcrumbs""}, {""quantity"": ""1/4"", ""unit"": ""cup"", ""name"": ""melted margarine or 1/4 cup butter""}]",8.0,251,430.2,31.4,9.5,66.4,785.1,15.9,0.5,1.9,20.6
35369,Classic Bagna Cauda,"[{""quantity"": ""1/2"", ""unit"": ""cup"", ""name"": ""butter""}, {""quantity"": ""1/2"", ""unit"": ""cup"", ""name"": ""olive oil""}, {""quantity"": ""8"", ""name"": ""mashed anchovy fillets""}, {""quantity"": ""2 -3"", ""unit"": ""cloves"", ""name"": ""garlic"", ""description"": ""mashed""}, {""quantity"": ""1/2"", ""unit"": ""teaspoon"", ""name"": ""ground black pepper""}]",,32,307.9,33.9,12.3,45.2,305.2,0.5,0.1,0.0,1.8
35396,Anson County Chicken Stew (Crock Pot),"[{""quantity"": ""2"", ""unit"": ""cups"", ""name"": ""diced cooked chicken (boiled)""}, {""quantity"": ""1"", ""unitQuantity"": ""16"", ""unitUnit"": ""ounce"", ""unit"": ""can"", ""name"": ""whole kernel corn""}, {""quantity"": ""1"", ""unitQuantity"": ""16"", ""unitUnit"": ""ounce"", ""unit"": ""can"", ""name"": ""creamed corn""}, {""quantity"": ""1"", ""unit"": ""small"", ""name"": ""onion"", ""description"": ""finely diced""}, {""quantity"": ""1"", ""unitQuantity"": ""14 1/2"", ""unitUnit"": ""ounce"", ""unit"": ""can"", ""name"": ""chicken broth (not the condensed kind)""}, {""quantity"": ""1"", ""unitQuantity"": ""10 3/4"", ""unitUnit"": ""ounce"", ""unit"": ""can"", ""name"": ""cream of chicken soup"", ""description"": ""so or 1 (10 3/4 ounce) can cream of celery soup""}, {""name"": ""salt and pepper"", ""description"": ""as needed""}, {""quantity"": ""2 -3"", ""name"": ""bay leaves""}, {""quantity"": ""1"", ""unit"": ""pinch"", ""name"": ""basil""}, {""quantity"": ""1/2"", ""unit"": ""teaspoon"", ""name"": ""fresh rosemary"", ""description"": ""snipped""}, {""quantity"": ""3"", ""unit"": ""tablespoons"", ""name"": ""butter""}]",8.0,263,235.4,10.0,4.2,40.8,867.0,25.9,2.1,4.1,13.5
35445,Gluten-Free Bisquick Mix,"[{""quantity"": ""2 1/2"", ""unit"": ""cups"", ""name"": ""rice flour (white"", ""description"": ""brown, or a mixture of both)""}, {""quantity"": ""1 2/3"", ""unit"": ""cups"", ""name"": ""potato starch""}, {""quantity"": ""3"", ""unit"": ""teaspoons"", ""name"": ""baking powder""}, {""quantity"": ""2 1/2"", ""unit"": ""teaspoons"", ""name"": ""salt""}, {""quantity"": ""2"", ""unit"": ""tablespoons"", ""name"": ""sugar""}, {""quantity"": ""1/2"", ""unit"": ""cup"", ""name"": ""dry buttermilk (powder)""}, {""quantity"": ""3"", ""unit"": ""tablespoons"", ""name"": ""egg substitute""}, {""quantity"": ""3/4"", ""unit"": ""cup"", ""name"": ""shortening"", ""description"": ""plus""}, {""quantity"": ""3"", ""unit"": ""tablespoons"", ""name"": ""shortening""}]",,1013,742.8,33.7,8.7,6.9,1241.7,99.6,4.2,10.9,11.2
35552,Devil's Tail,"[{""quantity"": ""1/2"", ""name"": ""fluid ounce finlandia vodka""}, {""quantity"": ""1/2"", ""name"": ""fluid ounce bacardi spiced rum""}, {""quantity"": ""1/2"", ""name"": ""fluid ounce de kuyper apricot brandy""}, {""quantity"": ""1/2"", ""name"": ""fluid ounce grenadine""}, {""quantity"": ""2 1/2"", ""name"": ""fluid ounces prepared sweet-and-sour mix""}]",1.0,48,117.8,0.0,0.0,0.0,5.7,13.4,0.0,9.3,0.0
35668,Lemon Meringue Pie,"[{""quantity"": ""1"", ""unit"": ""cup"", ""name"": ""granulated sugar""}, {""quantity"": ""1/4"", ""unit"": ""cup"", ""name"": ""cornstarch""}, {""quantity"": ""1/4"", ""unit"": ""teaspoon"", ""name"": ""salt""}, {""quantity"": ""1 1/2"", ""unit"": ""cups"", ""name"": ""boiling water""}, {""quantity"": ""2"", ""unit"": ""teaspoons"", ""name"": ""grated fresh lemon rind""}, {""quantity"": ""1/3"", ""unit"": ""cup"", ""name"": ""fresh lemon juice""}, {""quantity"": ""3"", ""unit"": ""large"", ""name"": ""eggs"", ""description"": ""separated""}, {""quantity"": ""2"", ""unit"": ""tablespoons"", ""name"": ""butter""}, {""quantity"": ""6"", ""unit"": ""tablespoons"", ""name"": ""granulated sugar""}, {""quantity"": ""1"", ""name"": ""9-inch pie shell""}]",,138,430.6,16.7,5.8,115.9,323.6,66.5,0.7,46.5,5.2
35680,Honey Baked Ham (Copycat),"[{""quantity"": ""0"", ""name"": "".5 (7 lb) spiral cut smoked ham (about 7 lbs. fully cooked)""}, {""quantity"": ""1/2"", ""unit"": ""cup"", ""name"": ""pear juice""}, {""quantity"": ""1/2"", ""unit"": ""cup"", ""name"": ""orange juice""}, {""quantity"": ""1/2"", ""unit"": ""cup"", ""name"": ""firmly packed brown sugar""}, {""quantity"": ""1/2"", ""unit"": ""cup"", ""name"": ""honey""}]",8.0,299,528.7,23.1,7.7,136.7,3436.6,35.3,0.1,32.0,46.2
35801,Sour Wiener Gravy,"[{""quantity"": ""5 3/4"", ""unit"": ""cups"", ""name"": ""cold water""}, {""quantity"": ""1"", ""name"": ""onion"", ""description"": ""finely chopped (use small to medium size onion)""}, {""name"": ""salt and pepper"", ""description"": ""season according to taste""}, {""quantity"": ""33"", ""name"": ""gingersnap cookies (See *Note)""}, {""quantity"": ""1 1/2"", ""unit"": ""cups"", ""name"": ""5% white distilled vinegar""}, {""quantity"": ""2"", ""unit"": ""lbs"", ""name"": ""thinly sliced all beef wieners""}, {""name"": ""hot-cooked mashed potatoes""}]",,227,338.8,24.3,9.3,40.1,974.4,18.7,0.6,6.8,9.7
35888,Microwave Chocolate Pudding,"[{""quantity"": ""1/4"", ""unit"": ""lb"", ""name"": ""semisweet chocolate"", ""description"": ""chopped""}, {""quantity"": ""1/4"", ""unit"": ""lb"", ""name"": ""bittersweet chocolate"", ""description"": ""chopped""}, {""quantity"": ""1/3"", ""unit"": ""cup"", ""name"": ""sugar""}, {""quantity"": ""4"", ""unit"": ""cups"", ""name"": ""milk"", ""description"": ""plus extra""}, {""quantity"": ""2"", ""unit"": ""tablespoons"", ""name"": ""cornstarch""}, {""quantity"": ""2"", ""name"": ""eggs""}, {""quantity"": ""2"", ""name"": ""egg yolks""}, {""quantity"": ""1/2"", ""unit"": ""teaspoon"", ""name"": ""vanilla extract""}, {""quantity"": ""1"", ""unit"": ""tablespoon"", ""name"": ""unsalted butter""}]",4.0,358,466.2,31.2,18.1,241.9,165.8,40.6,4.7,17.2,16.1
36022,German Liverwurst Dip,"[{""quantity"": ""1"", ""unit"": ""cup"", ""name"": ""liverwurst""}, {""quantity"": ""1/2"", ""unit"": ""cup"", ""name"": ""sour cream or 1/2 cup plain yogurt""}, {""quantity"": ""2"", ""unit"": ""tablespoons"", ""name"": ""dried minced onion flakes or 1/4 cup fresh minced onion (red onion could be nice)""}, {""quantity"": ""2"", ""unit"": ""tablespoons"", ""name"": ""dill pickle relish""}, {""quantity"": ""1"", ""unit"": ""tablespoon"", ""name"": ""prepared Dijon mustard"", ""description"": ""to taste""}, {""quantity"": ""1/4"", ""unit"": ""teaspoon"", ""name"": ""white pepper""}, {""quantity"": ""1/4-1/2"", ""unit"": ""teaspoon"", ""name"": ""garlic powder"", ""description"": ""to taste""}]",,172,177.1,13.4,7.6,34.2,339.2,13.6,1.5,4.5,2.5
36138,Summer Tomato Pasta,"[{""quantity"": ""2 1/4"", ""unit"": ""cups"", ""name"": ""dried penne""}, {""quantity"": ""1"", ""unit"": ""lb"", ""name"": ""plum tomato""}, {""quantity"": ""10"", ""unit"": ""ounces"", ""name"": ""mozzarella cheese"", ""description"": ""drained""}, {""quantity"": ""1/4"", ""unit"": ""cup"", ""name"": ""olive oil""}, {""quantity"": ""1"", ""unit"": ""tablespoon"", ""name"": ""balsamic vinegar""}, {""quantity"": ""1"", ""name"": ""grated lemon"", ""description"": ""juice and zest of""}, {""quantity"": ""15"", ""name"": ""fresh basil leaves"", ""description"": ""shredded""}, {""name"": ""salt \\u0026 freshly ground black pepper""}, {""name"": ""fresh basil leaf (to garnish)""}]",4.0,275,570.2,30.9,11.4,56.1,454.0,54.3,7.9,4.6,21.3
36365,Michael's Mexican Chili,"[{""quantity"": ""1"", ""unit"": ""lb"", ""name"": ""dry pinto beans""}, {""name"": ""water""}, {""quantity"": ""1"", ""unit"": ""small"", ""name"": ""onion"", ""description"": ""chopped""}, {""quantity"": ""2"", ""name"": ""garlic cloves"", ""description"": ""thinly sliced""}, {""quantity"": ""2"", ""unit"": ""lbs"", ""name"": ""chorizo sausages""}, {""quantity"": ""1"", ""unit"": ""large"", ""name"": ""onion"", ""description"": ""chopped""}, {""quantity"": ""4"", ""unit"": ""medium"", ""name"": ""fresh tomatoes"", ""description"": ""chopped""}, {""quantity"": ""2"", ""name"": ""chili peppers"", ""description"": ""finely chopped""}, {""name"": ""salt"", ""description"": ""to taste""}]",,217,1155.4,92.6,34.6,211.2,3055.9,17.5,1.3,3.4,61.9
36400,Jennifer Millar's Chocolate Budini,"[{""quantity"": ""6"", ""unit"": ""ounces"", ""name"": ""bittersweet chocolate"", ""description"": ""finely chopped""}, {""quantity"": ""12"", ""unit"": ""tablespoons"", ""name"": ""unsalted butter"", ""description"": ""cut into bits""}, {""quantity"": ""3/4"", ""unit"": ""cup"", ""name"": ""sugar""}, {""quantity"": ""1"", ""unit"": ""pinch"", ""name"": ""fine sea salt""}, {""quantity"": ""3"", ""unit"": ""large"", ""name"": ""eggs"", ""description"": ""separated, at room temperature""}, {""quantity"": ""1"", ""unit"": ""teaspoon"", ""name"": ""vanilla""}, {""quantity"": ""1/8"", ""unit"": ""teaspoon"", ""name"": ""cream of tartar""}, {""quantity"": ""1"", ""unit"": ""pint"", ""name"": ""coffee ice cream or 1 pint vanilla ice cream""}]",6.0,151,433.4,30.2,18.4,169.0,92.1,37.7,0.5,36.3,5.0
36434,Chili,"[{""quantity"": ""1"", ""unit"": ""lb"", ""name"": ""ground beef""}, {""quantity"": ""1"", ""unit"": ""medium"", ""name"": ""onion (chopped)""}, {""quantity"": ""2"", ""unit"": ""cloves"", ""name"": ""garlic (minced)""}, {""name"": ""salt and pepper""}, {""quantity"": ""1"", ""unit"": ""can"", ""name"": ""tomato sauce""}, {""quantity"": ""4"", ""unit"": ""tablespoons"", ""name"": ""chili powder""}, {""quantity"": ""1"", ""unit"": ""teaspoon"", ""name"": ""red pepper flakes""}, {""quantity"": ""32"", ""unit"": ""ounces"", ""name"": ""water""}, {""quantity"": ""2"", ""unit"": ""cans"", ""name"": ""red beans (drained)""}, {""quantity"": ""1"", ""unit"": ""can"", ""name"": ""stewed tomatoes (sliced)""}]",,243,207.3,12.4,4.6,51.4,264.9,9.6,2.8,4.4,15.6
36456,Croque Monsieur,"[{""quantity"": ""100"", ""unit"": ""g"", ""name"": ""gruyere cheese""}, {""quantity"": ""150"", ""unit"": ""ml"", ""name"": ""double cream or 150 ml strained Greek yogurt""}, {""name"": ""salt and pepper""}, {""quantity"": ""8 -10"", ""unit"": ""slices"", ""name"": ""white bread"", ""description"": ""not too fresh""}, {""quantity"": ""100"", ""unit"": ""g"", ""name"": ""thinly sliced ham""}, {""quantity"": ""75"", ""unit"": ""g"", ""name"": ""butter""}, {""quantity"": ""1"", ""unit"": ""tablespoon"", ""name"": ""cooking oil""}, {""quantity"": ""1"", ""unit"": ""tablespoon"", ""name"": ""butter""}, {""quantity"": ""1"", ""unit"": ""tablespoon"", ""name"": ""flour""}, {""quantity"": ""200"", ""unit"": ""ml"", ""name"": ""milk""}, {""quantity"": ""1"", ""unit"": ""tablespoon"", ""name"": ""smooth Dijon mustard""}]",2.0,437,1269.8,97.3,54.7,294.9,2023.6,61.1,2.8,4.8,39.5
36767,Ranch Dressing and Seasoning Mix,"[{""quantity"": ""1/2"", ""unit"": ""cup"", ""name"": ""dry buttermilk""}, {""quantity"": ""1"", ""unit"": ""tablespoon"", ""name"": ""dried parsley"", ""description"": ""crushed""}, {""quantity"": ""1"", ""unit"": ""teaspoon"", ""name"": ""dried dill weed""}, {""quantity"": ""1"", ""unit"": ""teaspoon"", ""name"": ""onion powder""}, {""quantity"": ""1"", ""unit"": ""teaspoon"", ""name"": ""dried onion flakes""}, {""quantity"": ""1"", ""unit"": ""teaspoon"", ""name"": ""salt""}, {""quantity"": ""1/2"", ""unit"": ""teaspoon"", ""name"": ""garlic powder""}, {""quantity"": ""1/4"", ""unit"": ""teaspoon"", ""name"": ""ground pepper""}]",,75,258.2,3.7,2.2,41.4,2648.0,35.1,1.3,30.1,21.9
37175,Shrimp Bisque,"[{""quantity"": ""2"", ""unit"": ""tablespoons"", ""name"": ""butter""}, {""quantity"": ""2"", ""unit"": ""stalks"", ""name"": ""celery"", ""description"": ""chopped fine""}, {""quantity"": ""1"", ""unit"": ""small"", ""name"": ""onion"", ""description"": ""chopped fine""}, {""quantity"": ""1"", ""name"": ""carrot"", ""description"": ""chopped fine""}, {""quantity"": ""3"", ""unit"": ""tablespoons"", ""name"": ""rice""}, {""quantity"": ""1"", ""unit"": ""lb"", ""name"": ""shrimp"", ""description"": ""uncooked and peeled""}, {""quantity"": ""4"", ""unit"": ""cups"", ""name"": ""chicken broth""}, {""quantity"": ""1"", ""unit"": ""cup"", ""name"": ""white wine""}, {""quantity"": ""1"", ""unit"": ""tablespoon"", ""name"": ""lemon juice""}, {""quantity"": ""2"", ""unit"": ""tablespoons"", ""name"": ""tomato paste""}, {""quantity"": ""1"", ""unit"": ""cup"", ""name"": ""cream""}]",6.0,371,335.4,18.5,10.6,213.7,1321.4,12.3,1.0,2.7,22.4
37386,Chicken Wonton Salad,"[{""quantity"": ""4"", ""name"": ""boneless skinless chicken breasts""}, {""quantity"": ""2"", ""unit"": ""heads"", ""name"": ""iceberg lettuce""}, {""quantity"": ""1"", ""unitQuantity"": ""16"", ""unitUnit"": ""ounce"", ""unit"": ""package"", ""name"": ""wonton wrappers""}, {""quantity"": ""1"", ""unit"": ""bunch"", ""name"": ""green onion""}, {""name"": ""teriyaki sauce""}, {""quantity"": ""4"", ""unit"": ""tablespoons"", ""name"": ""sugar""}, {""quantity"": ""2"", ""unit"": ""teaspoons"", ""name"": ""salt""}, {""quantity"": ""1"", ""unit"": ""teaspoon"", ""name"": ""Accent seasoning""}, {""quantity"": ""1/2"", ""unit"": ""teaspoon"", ""name"": ""pepper""}, {""quantity"": ""4"", ""unit"": ""tablespoons"", ""name"": ""red wine vinegar""}, {""quantity"": ""1/2"", ""unit"": ""cup"", ""name"": ""vegetable oil""}]",,294,537.1,21.6,3.0,57.2,1321.7,59.2,4.1,12.4,26.1
37420,Marinated Broccoli,"[{""quantity"": ""2"", ""unit"": ""lbs"", ""name"": ""fresh broccoli"", ""description"": ""trimmed""}, {""quantity"": ""1"", ""unit"": ""cup"", ""name"": ""cider vinegar""}, {""quantity"": ""1/3"", ""unit"": ""cup"", ""name"": ""vegetable oil""}, {""quantity"": ""1/8"", ""unit"": ""cup"", ""name"": ""water""}, {""quantity"": ""1"", ""unit"": ""tablespoon"", ""name"": ""dill""}, {""quantity"": ""2"", ""unit"": ""cloves"", ""name"": ""garlic"", ""description"": ""minced""}, {""quantity"": ""1"", ""unit"": ""teaspoon"", ""name"": ""salt""}, {""quantity"": ""1/2"", ""unit"": ""teaspoon"", ""name"": ""pepper""}, {""quantity"": ""1"", ""unit"": ""tablespoon"", ""name"": ""sugar""}]",,1455,182.6,7.5,1.1,0.0,335.4,26.1,11.3,5.9,8.2
37470,Peanut Butter Fruit Dip,"[{""quantity"": ""1/2"", ""unit"": ""cup"", ""name"": ""creamy peanut butter""}, {""quantity"": ""1"", ""unit"": ""cup"", ""name"": ""vanilla yogurt""}, {""quantity"": ""1/2"", ""unit"": ""cup"", ""name"": ""whipped cream""}, {""quantity"": ""1/4"", ""unit"": ""teaspoon"", ""name"": ""cinnamon""}, {""name"": ""flavored yogurt (like strawberry"", ""description"": ""and omit the cinnamom, its like peanut butter and jelly dip)""}]",4.0,158,246.6,19.9,5.6,13.7,186.0,10.2,2.0,6.4,10.5
37486,Green Bean Soup,"[{""quantity"": ""1"", ""unit"": ""medium"", ""name"": ""onion (yellow or white)""}, {""quantity"": ""1"", ""unit"": ""lb"", ""name"": ""pole beans or 1 lb greasy back beans""}, {""quantity"": ""1"", ""name"": ""bay leaf""}, {""name"": ""salt and pepper""}, {""quantity"": ""1"", ""unit"": ""tablespoon"", ""name"": ""paprika""}, {""quantity"": ""2"", ""unit"": ""tablespoons"", ""name"": ""flour""}, {""quantity"": ""2"", ""unit"": ""tablespoons"", ""name"": ""shortening or 2 tablespoons bacon grease""}, {""quantity"": ""1"", ""unit"": ""cup"", ""name"": ""sour cream""}, {""quantity"": ""1"", ""unit"": ""tablespoon"", ""name"": ""vinegar""}]",,125,244.1,18.4,8.3,29.9,57.3,18.6,5.2,8.2,4.9
37509,Chinese Chews,"[{""quantity"": ""1 1/2"", ""unit"": ""cups"", ""name"": ""brown sugar""}, {""quantity"": ""1/2"", ""unit"": ""cup"", ""name"": ""butter""}, {""quantity"": ""1"", ""unit"": ""cup"", ""name"": ""flour""}, {""quantity"": ""2"", ""name"": ""eggs""}, {""quantity"": ""1"", ""unit"": ""teaspoon"", ""name"": ""vanilla""}, {""quantity"": ""1/2"", ""unit"": ""teaspoon"", ""name"": ""baking powder""}, {""quantity"": ""1"", ""unit"": ""cup"", ""name"": ""coconut""}, {""quantity"": ""1"", ""unit"": ""cup"", ""name"": ""walnuts""}]",8.0,109,500.0,29.3,14.7,83.4,142.6,56.8,3.1,41.1,6.3
37534,Overnight One-Pot Cheesecake,"[{""name"": ""cooking spray""}, {""quantity"": ""1/2"", ""unit"": ""cup"", ""name"": ""graham crackers or 1/2 cup cookie crumbs""}, {""quantity"": ""2"", ""unit"": ""lbs"", ""name"": ""cream cheese"", ""description"": ""at room temperature""}, {""quantity"": ""1"", ""unit"": ""cup"", ""name"": ""sugar""}, {""quantity"": ""2"", ""unit"": ""tablespoons"", ""name"": ""vanilla extract""}, {""quantity"": ""1/4"", ""unit"": ""cup"", ""name"": ""brandy""}, {""quantity"": ""5"", ""name"": ""eggs""}]",16.0,92,295.3,21.6,13.0,128.5,205.8,16.4,0.1,13.7,6.4
37602,"Sweet Potato, Apple, and Cranberry Bake","[{""quantity"": ""6"", ""unit"": ""medium"", ""name"": ""sweet potatoes""}, {""quantity"": ""1"", ""unit"": ""cup"", ""name"": ""water""}, {""quantity"": ""1"", ""unit"": ""cup"", ""name"": ""sugar""}, {""quantity"": ""6"", ""unit"": ""ounces"", ""name"": ""pecan halves""}, {""quantity"": ""2"", ""unit"": ""cups"", ""name"": ""fresh cranberries (Ocean Spray) or 2 cups frozen cranberries (Ocean Spray)""}, {""quantity"": ""1"", ""unit"": ""large"", ""name"": ""apple"", ""description"": ""thinly sliced""}, {""quantity"": ""1/2"", ""unit"": ""cup"", ""name"": ""light brown sugar"", ""description"": ""firmly packed""}, {""quantity"": ""1/4"", ""unit"": ""teaspoon"", ""name"": ""ground cinnamon""}, {""quantity"": ""1/2"", ""unit"": ""cup"", ""name"": ""water (or orange juice)""}, {""quantity"": ""1/4"", ""unit"": ""cup"", ""name"": ""butter""}]",,299,606.8,28.2,6.7,20.3,135.3,90.1,9.0,62.5,4.9
37911,Citrus Candied Nuts,"[{""quantity"": ""1"", ""name"": ""egg white""}, {""quantity"": ""1 1/2"", ""unit"": ""cups"", ""name"": ""whole almonds""}, {""quantity"": ""1 1/2"", ""unit"": ""cups"", ""name"": ""pecan halves""}, {""quantity"": ""1"", ""unit"": ""cup"", ""name"": ""powdered sugar""}, {""quantity"": ""2"", ""unit"": ""tablespoons"", ""name"": ""lemon juice""}, {""quantity"": ""2"", ""unit"": ""teaspoons"", ""name"": ""orange zest""}, {""quantity"": ""1"", ""unit"": ""teaspoon"", ""name"": ""grated lemon"", ""description"": ""rind of""}, {""quantity"": ""1/8"", ""unit"": ""teaspoon"", ""name"": ""ground nutmeg""}]",,551,921.3,71.9,5.9,0.0,19.6,62.3,13.5,44.9,21.0
37963,Super Easy Supper,"[{""quantity"": ""4"", ""name"": ""boneless skinless chicken breast halves""}, {""quantity"": ""1"", ""unit"": ""can"", ""name"": ""cream of mushroom soup""}, {""quantity"": ""1/3"", ""unit"": ""cup"", ""name"": ""milk""}, {""quantity"": ""1"", ""unit"": ""package"", ""name"": ""seasoned stuffing mix"", ""description"": ""with seasoning packet (Stove Top is our favorite)""}, {""quantity"": ""1 2/3"", ""unit"": ""cups"", ""name"": ""water""}, {""quantity"": ""1"", ""unit"": ""dash"", ""name"": ""salt and pepper""}]",4.0,355,376.0,9.7,2.5,78.8,1278.7,38.4,1.4,4.6,31.6
38161,Hearty Baked Potato Salad,"[{""quantity"": ""8"", ""name"": ""peeled red potatoes""}, {""quantity"": ""1/2"", ""unit"": ""cup"", ""name"": ""chopped onion""}, {""quantity"": ""2"", ""unit"": ""tablespoons"", ""name"": ""chopped fresh parsley""}, {""quantity"": ""1"", ""unitQuantity"": ""11"", ""unitUnit"": ""ounce"", ""unit"": ""can"", ""name"": ""condensed cheddar cheese soup (undiluted)""}, {""quantity"": ""1/2"", ""unit"": ""cup"", ""name"": ""mayonnaise""}, {""quantity"": ""1/2"", ""unit"": ""cup"", ""name"": ""plain yogurt""}, {""quantity"": ""4"", ""unit"": ""ounces"", ""name"": ""bacon"", ""description"": ""cooked and crumbled""}, {""name"": ""paprika""}]",,194,269.3,12.2,4.2,19.5,427.6,34.0,3.3,3.6,6.5
38551,Stuffed Bell Peppers With an Italian Flair,"[{""quantity"": ""1"", ""unit"": ""cup"", ""name"": ""uncooked rice""}, {""quantity"": ""1 3/4"", ""unit"": ""lbs"", ""name"": ""ground beef""}, {""quantity"": ""1"", ""unit"": ""large"", ""name"": ""onion"", ""description"": ""diced""}, {""quantity"": ""8"", ""name"": ""green peppers""}, {""quantity"": ""1/2"", ""unit"": ""teaspoon"", ""name"": ""salt""}, {""quantity"": ""1"", ""unit"": ""teaspoon"", ""name"": ""oregano""}, {""quantity"": ""1/4"", ""unit"": ""teaspoon"", ""name"": ""pepper""}, {""quantity"": ""1"", ""unitQuantity"": ""32"", ""unitUnit"": ""ounce"", ""unit"": ""jar"", ""name"": ""spaghetti sauce""}, {""quantity"": ""2"", ""unit"": ""cups"", ""name"": ""water""}, {""quantity"": ""8"", ""unit"": ""ounces"", ""name"": ""shredded mozzarella cheese""}, {""name"": ""grated parmesan cheese""}]",,3293,506.9,24.4,10.1,89.9,971.4,41.0,3.1,14.6,29.9
38552,My Own Mexican Rice,"[{""quantity"": ""2"", ""unit"": ""small"", ""name"": ""green bell peppers"", ""description"": ""chopped""}, {""quantity"": ""1"", ""unit"": ""medium"", ""name"": ""onion"", ""description"": ""chopped""}, {""quantity"": ""1"", ""name"": ""garlic clove"", ""description"": ""minced""}, {""quantity"": ""1"", ""unit"": ""teaspoon"", ""name"": ""rosemary""}, {""quantity"": ""1/2"", ""unit"": ""teaspoon"", ""name"": ""basil""}, {""quantity"": ""2"", ""unit"": ""tablespoons"", ""name"": ""oil""}, {""quantity"": ""1"", ""unit"": ""cup"", ""name"": ""uncooked rice""}, {""quantity"": ""2"", ""unit"": ""large"", ""name"": ""tomatoes"", ""description"": ""chopped""}, {""quantity"": ""1"", ""unit"": ""teaspoon"", ""name"": ""salt""}, {""quantity"": ""1/4"", ""unit"": ""teaspoon"", ""name"": ""pepper""}, {""quantity"": ""2"", ""unit"": ""cups"", ""name"": ""water""}, {""name"": ""picante sauce""}]",,265,363.5,9.8,1.4,0.0,787.9,62.8,3.8,6.0,6.2
38658,Slow Cooker Southwestern Chicken And Beans,"[{""quantity"": ""1 1/2"", ""unit"": ""cups"", ""name"": ""dried pinto beans"", ""description"": ""rinsed and soaked""}, {""quantity"": ""1"", ""unit"": ""lb"", ""name"": ""boneless chicken breast"", ""description"": ""cubed""}, {""quantity"": ""1"", ""unitQuantity"": ""14 1/2"", ""unitUnit"": ""ounce"", ""unit"": ""can"", ""name"": ""low sodium chicken broth""}, {""quantity"": ""1"", ""unitQuantity"": ""15 1/4"", ""unitUnit"": ""ounce"", ""unit"": ""can"", ""name"": ""sweet corn"", ""description"": ""drained and rinsed""}, {""quantity"": ""1"", ""unitQuantity"": ""10"", ""unitUnit"": ""ounce"", ""unit"": ""can"", ""name"": ""diced tomatoes with green chilies""}, {""quantity"": ""1"", ""unitQuantity"": ""4 1/2"", ""unitUnit"": ""ounce"", ""unit"": ""can"", ""name"": ""green chilies"", ""description"": ""chopped""}, {""quantity"": ""1"", ""unit"": ""teaspoon"", ""name"": ""cumin""}, {""quantity"": ""1"", ""unit"": ""cup"", ""name"": ""salsa""}, {""quantity"": ""2"", ""unit"": ""tablespoons"", ""name"": ""cilantro""}]",8.0,282,299.4,6.8,1.8,36.3,401.7,38.5,7.9,4.4,23.5
38764,Stained Glass Window Cookies,"[{""quantity"": ""1"", ""unitQuantity"": ""1"", ""unitUnit"": ""lb"", ""unit"": ""bag"", ""name"": ""chocolate chips""}, {""quantity"": ""1/2"", ""unit"": ""cup"", ""name"": ""margarine""}, {""quantity"": ""1"", ""unit"": ""bag"", ""name"": ""mini marshmallows"", ""description"": ""colored""}, {""quantity"": ""1"", ""unit"": ""cup"", ""name"": ""chopped nuts""}]",,1159,184.7,9.5,4.0,0.0,61.6,27.4,1.1,21.2,1.2
38782,Beer Meatballs,"[{""quantity"": ""1"", ""unitQuantity"": ""12"", ""unitUnit"": ""ounce"", ""unit"": ""can"", ""name"": ""of your favorite beer""}, {""quantity"": ""1"", ""unitQuantity"": ""6"", ""unitUnit"": ""ounce"", ""unit"": ""can"", ""name"": ""spicy hot V8""}, {""quantity"": ""1"", ""unit"": ""teaspoon"", ""name"": ""fresh lemon juice""}, {""quantity"": ""1"", ""unit"": ""teaspoon"", ""name"": ""hot sauce""}, {""quantity"": ""1/2"", ""unit"": ""cup"", ""name"": ""Italian breadcrumbs""}, {""quantity"": ""1"", ""unit"": ""cup"", ""name"": ""chopped onion""}, {""name"": ""salt and pepper""}, {""quantity"": ""1"", ""unitQuantity"": ""28"", ""unitUnit"": ""ounce"", ""unit"": ""bottle"", ""name"": ""ketchup""}, {""quantity"": ""1"", ""unit"": ""teaspoon"", ""name"": ""prepared horseradish""}, {""quantity"": ""1"", ""unit"": ""teaspoon"", ""name"": ""Worcestershire sauce""}, {""quantity"": ""2"", ""unit"": ""lbs"", ""name"": ""lean ground beef""}, {""quantity"": ""2"", ""name"": ""eggs""}]",12.0,214,250.8,8.9,3.4,84.4,948.3,23.4,0.8,16.7,18.4
38877,Sausage Corn Casserole,"[{""quantity"": ""1"", ""unit"": ""lb"", ""name"": ""sausage"", ""description"": ""bulk""}, {""quantity"": ""1/2"", ""name"": ""onion"", ""description"": ""chopped""}, {""quantity"": ""2"", ""unit"": ""tablespoons"", ""name"": ""bell peppers"", ""description"": ""chopped""}, {""name"": ""salt""}, {""quantity"": ""1"", ""unit"": ""can"", ""name"": ""cream of mushroom soup""}, {""quantity"": ""1"", ""unit"": ""can"", ""name"": ""cream of chicken soup""}, {""quantity"": ""2"", ""unit"": ""cans"", ""name"": ""whole kernel corn"", ""description"": ""drained""}, {""name"": ""cheddar cheese"", ""description"": ""shredded,enough to top casserole""}]",,288,623.4,43.0,13.7,71.9,2583.0,42.5,3.3,5.8,20.8
39137,Low-Fat Crock Pot Pepper Steak,"[{""quantity"": ""2"", ""unit"": ""lbs"", ""name"": ""round steaks"", ""description"": ""cut into strips""}, {""quantity"": ""2"", ""unit"": ""small"", ""name"": ""onions"", ""description"": ""sliced""}, {""quantity"": ""2"", ""unit"": ""tablespoons"", ""name"": ""Worcestershire sauce""}, {""quantity"": ""3"", ""unit"": ""tablespoons"", ""name"": ""cornstarch""}, {""quantity"": ""1"", ""unitQuantity"": ""14"", ""unitUnit"": ""ounce"", ""unit"": ""can"", ""name"": ""nonfat beef broth""}, {""quantity"": ""3"", ""name"": ""bell peppers"", ""description"": ""sliced lengthwise""}, {""name"": ""salt and pepper""}, {""quantity"": ""1"", ""unit"": ""teaspoon"", ""name"": ""garlic powder""}, {""quantity"": ""1"", ""unit"": ""teaspoon"", ""name"": ""olive oil or 1 teaspoon canola oil""}, {""quantity"": ""1/2"", ""unit"": ""cup"", ""name"": ""skim evaporated milk""}]",8.0,199,198.9,5.1,1.6,65.3,121.2,9.5,1.1,4.2,27.7
39203,Jelly Thumbprint Cookies,"[{""quantity"": ""1"", ""unit"": ""cup"", ""name"": ""butter""}, {""quantity"": ""2"", ""name"": ""eggs"", ""description"": ""separated""}, {""quantity"": ""1/2"", ""unit"": ""teaspoon"", ""name"": ""vanilla""}, {""quantity"": ""1/2"", ""unit"": ""cup"", ""name"": ""brown sugar""}, {""quantity"": ""2"", ""unit"": ""cups"", ""name"": ""flour""}, {""quantity"": ""1"", ""unit"": ""teaspoon"", ""name"": ""baking soda""}, {""quantity"": ""1/2"", ""unit"": ""teaspoon"", ""name"": ""salt""}, {""quantity"": ""2"", ""unit"": ""cups"", ""name"": ""chopped walnuts""}, {""name"": ""jelly""}]",,952,1545.0,116.2,44.8,286.7,1408.2,110.6,7.5,38.1,25.4
39360,Roast Pork Loin and Potatoes,"[{""quantity"": ""1/2"", ""unit"": ""cup"", ""name"": ""extra virgin olive oil""}, {""quantity"": ""6"", ""name"": ""garlic cloves"", ""description"": ""minced""}, {""quantity"": ""1"", ""unit"": ""tablespoon"", ""name"": ""butter"", ""description"": ""melted""}, {""quantity"": ""1"", ""unit"": ""tablespoon"", ""name"": ""fresh minced sage"", ""description"": ""can use ground use less""}, {""quantity"": ""2"", ""unit"": ""teaspoons"", ""name"": ""fresh rosemary""}, {""quantity"": ""4"", ""unit"": ""lbs"", ""name"": ""center-cut bone-in pork loin roast (rib)""}, {""quantity"": ""4"", ""unit"": ""large"", ""name"": ""russet potatoes"", ""description"": ""peeled, cut into 1 inch pieces""}]",6.0,572,1003.9,49.4,14.4,250.2,208.2,44.2,5.6,2.0,91.8
39420,Shrimp Victoria,"[{""quantity"": ""1/2"", ""unit"": ""cup"", ""name"": ""butter""}, {""quantity"": ""1 1/2"", ""unit"": ""lbs"", ""name"": ""uncooked shrimp"", ""description"": ""peeled \\u0026 deveined""}, {""quantity"": ""1/2"", ""unit"": ""cup"", ""name"": ""chopped onion""}, {""quantity"": ""4"", ""unit"": ""cloves"", ""name"": ""garlic"", ""description"": ""minced""}, {""quantity"": ""1"", ""unitQuantity"": ""8"", ""unitUnit"": ""ounce"", ""unit"": ""package"", ""name"": ""mushrooms"", ""description"": ""chopped""}, {""quantity"": ""2"", ""unit"": ""tablespoons"", ""name"": ""fresh lemon juice""}, {""quantity"": ""1"", ""unit"": ""tablespoon"", ""name"": ""Worcestershire sauce""}, {""quantity"": ""2"", ""unit"": ""tablespoons"", ""name"": ""all-purpose flour""}, {""quantity"": ""1 1/2"", ""unit"": ""teaspoons"", ""name"": ""seasoning salt""}, {""quantity"": ""1/2"", ""unit"": ""teaspoon"", ""name"": ""fresh ground pepper""}, {""quantity"": ""1 1/2"", ""unit"": ""cups"", ""name"": ""sour cream""}, {""quantity"": ""1"", ""unit"": ""tablespoon"", ""name"": ""chopped fresh parsley""}]",6.0,254,356.9,28.0,16.5,213.4,853.9,8.8,0.8,3.8,18.5
39497,Baked Green Beans With Mushrooms &amp; Pine Nuts,"[{""quantity"": ""1"", ""unit"": ""lb"", ""name"": ""green beans"", ""description"": ""snipped but left whole""}, {""quantity"": ""1/2"", ""unit"": ""lb"", ""name"": ""mushroom"", ""description"": ""cleaned and thinly sliced""}, {""quantity"": ""1/2"", ""unit"": ""cup"", ""name"": ""pine nuts"", ""description"": ""toasted""}, {""quantity"": ""1"", ""unit"": ""tablespoon"", ""name"": ""margarine or 1 tablespoon lite olive oil""}, {""quantity"": ""3"", ""unit"": ""tablespoons"", ""name"": ""shallots"", ""description"": ""finely chopped""}, {""quantity"": ""1/2"", ""unit"": ""teaspoon"", ""name"": ""dried thyme""}, {""quantity"": ""6"", ""unit"": ""tablespoons"", ""name"": ""madeira wine (substitute with medium sherry or apple juice)""}, {""name"": ""salt \\u0026 pepper""}]",4.0,220,211.3,14.8,2.7,7.6,32.6,14.2,5.1,3.3,6.4
39614,Chicken Breasts and Balsamic Vinegar,"[{""quantity"": ""4"", ""unit"": ""tablespoons"", ""name"": ""all-purpose flour""}, {""quantity"": ""1/4"", ""unit"": ""teaspoon"", ""name"": ""salt""}, {""quantity"": ""1/4"", ""unit"": ""teaspoon"", ""name"": ""pepper""}, {""quantity"": ""4"", ""name"": ""boneless skinless chicken breasts"", ""description"": ""either pound it out thinly, or fillet the chicken""}, {""quantity"": ""2"", ""unit"": ""tablespoons"", ""name"": ""olive oil""}, {""quantity"": ""6"", ""unit"": ""cloves"", ""name"": ""garlic"", ""description"": ""minced""}, {""quantity"": ""3/4"", ""unit"": ""cup"", ""name"": ""chicken broth""}, {""quantity"": ""1/4"", ""unit"": ""cup"", ""name"": ""balsamic vinegar""}, {""quantity"": ""2"", ""name"": ""bay leaves""}, {""quantity"": ""1/4"", ""unit"": ""teaspoon"", ""name"": ""herbes de provence (recipes for this spice mix are available on Recipezaar)""}, {""quantity"": ""1"", ""unit"": ""tablespoon"", ""name"": ""butter or 1 tablespoon margarine""}]",4.0,202,275.4,13.1,3.5,83.2,452.3,10.2,0.3,2.6,27.2
39681,"Chicken, Broccoli and Wild Rice","[{""quantity"": ""2"", ""unit"": ""lbs"", ""name"": ""boneless skinless chicken breasts"", ""description"": ""cut into 1 inch cubes""}, {""quantity"": ""2"", ""unitQuantity"": ""6"", ""unitUnit"": ""ounce"", ""unit"": ""packages"", ""name"": ""long grain and wild rice blend (converted rice with seasoning packets)""}, {""quantity"": ""2 1/2"", ""unit"": ""cups"", ""name"": ""water""}, {""quantity"": ""1"", ""unitQuantity"": ""10 3/4"", ""unitUnit"": ""ounce"", ""unit"": ""can"", ""name"": ""condensed broccoli cheese soup""}, {""quantity"": ""1/2"", ""unit"": ""cup"", ""name"": ""butter"", ""description"": ""melted""}, {""quantity"": ""2"", ""unit"": ""medium"", ""name"": ""onions"", ""description"": ""finely chopped""}, {""quantity"": ""1"", ""unit"": ""cup"", ""name"": ""broccoli floret""}, {""quantity"": ""1/2"", ""unit"": ""lb"", ""name"": ""cheese spread"", ""description"": ""cuti into 1/2 inch cubes""}]",,406,711.9,42.0,24.1,226.9,1761.6,17.3,2.1,4.0,64.6
39691,Spicy Salsa,"[{""quantity"": ""12"", ""unit"": ""medium"", ""name"": ""ripe tomatoes""}, {""quantity"": ""15"", ""name"": ""jalapenos""}, {""quantity"": ""4 -6"", ""name"": ""serrano peppers""}, {""quantity"": ""1"", ""name"": ""yellow onion""}, {""quantity"": ""1"", ""unit"": ""bunch"", ""name"": ""green onion"", ""description"": ""chopped""}, {""quantity"": ""4 -6"", ""unit"": ""cloves"", ""name"": ""garlic""}, {""quantity"": ""4"", ""unit"": ""tablespoons"", ""name"": ""chopped fresh cilantro""}, {""quantity"": ""5"", ""unit"": ""tablespoons"", ""name"": ""white vinegar""}, {""quantity"": ""1"", ""unit"": ""tablespoon"", ""name"": ""kosher salt""}, {""quantity"": ""4"", ""unit"": ""teaspoons"", ""name"": ""mesquite-flavored liquid smoke""}]",,2068,91.1,0.9,0.2,0.0,1417.0,19.3,5.9,11.0,4.1
39799,Backcountry Fudge,"[{""quantity"": ""1"", ""unit"": ""tablespoon"", ""name"": ""walnuts""}, {""quantity"": ""1"", ""unit"": ""tablespoon"", ""name"": ""powdered sugar""}, {""quantity"": ""1/2"", ""unit"": ""cup"", ""name"": ""semi-sweet chocolate chips""}, {""quantity"": ""1"", ""unit"": ""tablespoon"", ""name"": ""peanut butter""}]",2.0,57,287.3,19.0,8.5,0.0,41.5,32.5,3.2,27.6,4.3
39830,Honey Mustard Pork Tenderloin,"[{""quantity"": ""3/4"", ""unit"": ""cup"", ""name"": ""honey""}, {""quantity"": ""6"", ""unit"": ""tablespoons"", ""name"": ""light brown sugar""}, {""quantity"": ""6"", ""unit"": ""tablespoons"", ""name"": ""cider vinegar""}, {""quantity"": ""3"", ""unit"": ""tablespoons"", ""name"": ""Dijon mustard""}, {""quantity"": ""1 1/2"", ""unit"": ""teaspoons"", ""name"": ""paprika""}, {""quantity"": ""4"", ""unitQuantity"": ""3/4"", ""unitUnit"": ""lb"", ""name"": ""pork tenderloin""}, {""quantity"": ""1"", ""unit"": ""teaspoon"", ""name"": ""salt""}, {""quantity"": ""1"", ""unit"": ""teaspoon"", ""name"": ""pepper""}]",,307,557.3,10.1,3.3,177.1,717.0,59.5,0.8,58.0,57.0
