case,age_group,goal,method,valid,safe,score_before,score_after,norm_l1,norm_l2,n_changed,n_unavailable,n_hard_violations,evaluations,runtime_s,note,soft_score_after,surrogate_after,hard_rule_ids,hard_sodium_ceiling_mg,planned_sodium_mg,final_sodium_mg,planned_breached_hard_sodium
1,toddler,glycemic_control,dice_genetic,0,0,0.0378,0.0378,0.0,0.0,0,0,1,6001,13.461,evaluation_budget_exhausted,0.3776,0.3761,flag.strict_no_added_sugar.added_sugars_g,,39.5,39.5,0
2,toddler,weight_management,dice_genetic,0,0,0.0332,0.0332,0.0,0.0,0,0,1,6001,12.87,evaluation_budget_exhausted,0.3319,0.2265,flag.strict_no_added_sugar.added_sugars_g,,4.7,4.7,0
3,toddler,glycemic_control,dice_genetic,0,0,0.0267,0.0267,0.0,0.0,0,0,1,6001,14.152,evaluation_budget_exhausted,0.2667,0.2501,flag.strict_no_added_sugar.added_sugars_g,,335.9,335.9,0
4,toddler,glycemic_control,dice_genetic,0,0,0.0043,0.0043,0.0,0.0,0,0,2,6001,15.297,evaluation_budget_exhausted,0.4295,0.4635,flag.strict_no_added_sugar.added_sugars_g;toddler.choking.hard_raw_vegetable,,285.6,285.6,0
5,toddler,glycemic_control,dice_genetic,0,1,0.2332,0.2332,0.0,0.0,0,0,0,6001,14.826,evaluation_budget_exhausted,0.2332,0.228,,,78.5,78.5,0
6,toddler,weight_management,dice_genetic,0,0,0.0625,0.0625,0.0,0.0,0,0,1,6001,14.078,evaluation_budget_exhausted,0.6252,0.6153,toddler.choking.hard_raw_vegetable,,418.1,418.1,0
7,toddler,balanced_nutrition,dice_genetic,0,1,0.6095,0.6095,0.0,0.0,0,0,0,6001,13.993,evaluation_budget_exhausted,0.6095,0.5814,,,247.3,247.3,0
8,toddler,balanced_nutrition,dice_genetic,0,1,0.6866,0.6866,0.0,0.0,0,0,0,6001,13.572,evaluation_budget_exhausted,0.6866,0.6718,,,757.7,757.7,0
9,toddler,weight_management,dice_genetic,0,1,0.3229,0.3229,0.0,0.0,0,0,0,6001,13.522,evaluation_budget_exhausted,0.3229,0.3544,,,48.1,48.1,0
10,toddler,glycemic_control,dice_genetic,0,0,0.0381,0.0381,0.0,0.0,0,0,1,6001,14.017,evaluation_budget_exhausted,0.3814,0.3687,flag.strict_no_added_sugar.added_sugars_g,,1711.5,1711.5,0
11,toddler,weight_management,dice_genetic,0,0,0.0032,0.0032,0.0,0.0,0,0,2,6001,14.487,evaluation_budget_exhausted,0.3246,0.3026,flag.strict_no_added_sugar.added_sugars_g;toddler.choking.nut,,95.5,95.5,0
12,toddler,weight_management,dice_genetic,0,0,0.0066,0.0066,0.0,0.0,0,0,2,6001,17.545,evaluation_budget_exhausted,0.6592,0.6178,toddler.choking.hard_raw_vegetable,,1602.9,1602.9,0
13,toddler,weight_management,dice_genetic,0,1,0.4788,0.4788,0.0,0.0,0,0,0,6001,12.12,evaluation_budget_exhausted,0.4788,0.4672,,,2309.6,2309.6,0
14,toddler,weight_management,dice_genetic,0,1,0.4641,0.4641,0.0,0.0,0,0,0,6001,13.367,evaluation_budget_exhausted,0.4641,0.5366,,,387.9,387.9,0
15,toddler,weight_management,dice_genetic,0,1,0.4222,0.4222,0.0,0.0,0,0,0,6001,12.241,evaluation_budget_exhausted,0.4222,0.4066,,,668.4,668.4,0
16,toddler,weight_management,dice_genetic,0,1,0.3632,0.3632,0.0,0.0,0,0,0,6001,12.475,evaluation_budget_exhausted,0.3632,0.3972,,,51.6,51.6,0
17,toddler,weight_management,dice_genetic,0,0,0.0029,0.0029,0.0,0.0,0,0,2,6001,12.874,evaluation_budget_exhausted,0.2903,0.2933,flag.strict_no_added_sugar.added_sugars_g;toddler.choking.nut,,28.5,28.5,0
18,toddler,weight_management,dice_genetic,0,1,0.5224,0.5224,0.0,0.0,0,0,0,6001,11.73,evaluation_budget_exhausted,0.5224,0.5118,,,2120.8,2120.8,0
19,toddler,weight_management,dice_genetic,0,0,0.0041,0.0041,0.0,0.0,0,0,2,6001,14.113,evaluation_budget_exhausted,0.4105,0.4046,toddler.choking.hard_raw_vegetable;toddler.choking.meat_chunk,,678.7,678.7,0
20,toddler,balanced_nutrition,dice_genetic,0,0,0.0428,0.0428,0.0,0.0,0,0,1,6001,13.273,evaluation_budget_exhausted,0.4281,0.3947,toddler.choking.nut,,159.2,159.2,0
21,toddler,weight_management,dice_genetic,0,1,0.6821,0.6821,0.0,0.0,0,0,0,6001,12.717,evaluation_budget_exhausted,0.6821,0.6493,,,1228.4,1228.4,0
22,toddler,glycemic_control,dice_genetic,0,1,0.517,0.517,0.0,0.0,0,0,0,6001,13.901,evaluation_budget_exhausted,0.517,0.5197,,,1.4,1.4,0
23,toddler,balanced_nutrition,dice_genetic,0,1,0.495,0.495,0.0,0.0,0,0,0,6001,13.338,evaluation_budget_exhausted,0.495,0.4569,,,959.0,959.0,0
24,toddler,balanced_nutrition,dice_genetic,0,0,0.0542,0.0542,0.0,0.0,0,0,1,6001,13.481,evaluation_budget_exhausted,0.5424,0.5133,toddler.choking.hard_raw_vegetable,,123.1,123.1,0
25,toddler,weight_management,dice_genetic,0,1,0.5081,0.5081,0.0,0.0,0,0,0,6001,12.92,evaluation_budget_exhausted,0.5081,0.466,,,190.5,190.5,0
26,toddler,balanced_nutrition,dice_genetic,0,0,0.036,0.036,0.0,0.0,0,0,1,6001,12.008,evaluation_budget_exhausted,0.3596,0.3517,toddler.choking.hard_raw_vegetable,,47.2,47.2,0
27,toddler,balanced_nutrition,dice_genetic,0,1,0.5872,0.5872,0.0,0.0,0,0,0,6001,12.274,evaluation_budget_exhausted,0.5872,0.5735,,,116.8,116.8,0
28,toddler,weight_management,dice_genetic,0,0,0.0291,0.0291,0.0,0.0,0,0,1,6001,12.408,evaluation_budget_exhausted,0.2906,0.2907,flag.strict_no_added_sugar.added_sugars_g,,21.4,21.4,0
29,toddler,weight_management,dice_genetic,0,1,0.3552,0.3552,0.0,0.0,0,0,0,6001,12.11,evaluation_budget_exhausted,0.3552,0.3539,,,9.6,9.6,0
30,toddler,glycemic_control,dice_genetic,0,0,0.0214,0.0214,0.0,0.0,0,0,1,6001,12.653,evaluation_budget_exhausted,0.214,0.2431,flag.strict_no_added_sugar.added_sugars_g,,123.4,123.4,0
31,toddler,balanced_nutrition,dice_genetic,0,1,0.3685,0.3685,0.0,0.0,0,0,0,6035,13.725,evaluation_budget_exhausted,0.3685,0.3916,,,1080.7,1080.7,0
32,toddler,balanced_nutrition,dice_genetic,0,0,0.0392,0.0392,0.0,0.0,0,0,1,6001,13.821,evaluation_budget_exhausted,0.3922,0.3633,flag.strict_no_added_sugar.added_sugars_g,,154.5,154.5,0
33,toddler,weight_management,dice_genetic,0,0,0.0507,0.0507,0.0,0.0,0,0,1,6001,13.073,evaluation_budget_exhausted,0.5072,0.4691,flag.strict_no_added_sugar.added_sugars_g,,97.2,97.2,0
34,toddler,balanced_nutrition,dice_genetic,0,1,0.5493,0.5493,0.0,0.0,0,0,0,6001,12.183,evaluation_budget_exhausted,0.5493,0.6185,,,491.7,491.7,0
35,toddler,glycemic_control,dice_genetic,0,1,0.2903,0.2903,0.0,0.0,0,0,0,6001,14.365,evaluation_budget_exhausted,0.2903,0.3125,,,312.0,312.0,0
36,toddler,glycemic_control,dice_genetic,0,0,0.0054,0.0054,0.0,0.0,0,0,2,6001,13.051,evaluation_budget_exhausted,0.5362,0.4917,toddler.choking.nut,,63.7,63.7,0
37,toddler,glycemic_control,dice_genetic,0,1,0.6732,0.6732,0.0,0.0,0,0,0,6001,15.319,evaluation_budget_exhausted,0.6732,0.6475,,,166.8,166.8,0
38,toddler,balanced_nutrition,dice_genetic,0,1,0.4899,0.4899,0.0,0.0,0,0,0,6001,14.415,evaluation_budget_exhausted,0.4899,0.5329,,,1228.1,1228.1,0
39,toddler,balanced_nutrition,dice_genetic,0,1,0.6844,0.6844,0.0,0.0,0,0,0,6001,13.937,evaluation_budget_exhausted,0.6844,0.6614,,,65.7,65.7,0
40,toddler,weight_management,dice_genetic,0,1,0.3189,0.3189,0.0,0.0,0,0,0,6001,11.521,evaluation_budget_exhausted,0.3189,0.3528,,,5.4,5.4,0
41,toddler,glycemic_control,dice_genetic,0,0,0.0668,0.0668,0.0,0.0,0,0,1,6001,12.979,evaluation_budget_exhausted,0.6675,0.6811,toddler.choking.hard_raw_vegetable,,594.6,594.6,0
42,toddler,glycemic_control,dice_genetic,0,0,0.0564,0.0564,0.0,0.0,0,0,1,6001,12.297,evaluation_budget_exhausted,0.5636,0.5767,flag.strict_no_added_sugar.added_sugars_g,,741.0,741.0,0
43,toddler,balanced_nutrition,dice_genetic,0,1,0.403,0.403,0.0,0.0,0,0,0,6001,12.4,evaluation_budget_exhausted,0.403,0.441,,,92.9,92.9,0
44,toddler,glycemic_control,dice_genetic,0,1,0.5421,0.5421,0.0,0.0,0,0,0,6001,12.44,evaluation_budget_exhausted,0.5421,0.5412,,,240.0,240.0,0
45,toddler,glycemic_control,dice_genetic,0,0,0.0029,0.0029,0.0,0.0,0,0,2,6001,12.995,evaluation_budget_exhausted,0.2895,0.2815,flag.strict_no_added_sugar.added_sugars_g;toddler.choking.nut,,68.9,68.9,0
46,toddler,weight_management,dice_genetic,0,0,0.0207,0.0207,0.0,0.0,0,0,1,6001,13.829,evaluation_budget_exhausted,0.2068,0.2271,flag.strict_no_added_sugar.added_sugars_g,,792.7,792.7,0
47,toddler,balanced_nutrition,dice_genetic,0,0,0.0532,0.0532,0.0,0.0,0,0,1,6001,12.487,evaluation_budget_exhausted,0.5322,0.5634,flag.strict_no_added_sugar.added_sugars_g,,15.2,15.2,0
48,toddler,glycemic_control,dice_genetic,0,1,0.6339,0.6339,0.0,0.0,0,0,0,6001,12.15,evaluation_budget_exhausted,0.6339,0.6312,,,2071.5,2071.5,0
49,toddler,weight_management,dice_genetic,0,1,0.2615,0.2615,0.0,0.0,0,0,0,6001,12.819,evaluation_budget_exhausted,0.2615,0.2974,,,1202.4,1202.4,0
50,toddler,weight_management,dice_genetic,0,1,0.6832,0.6832,0.0,0.0,0,0,0,6001,12.856,evaluation_budget_exhausted,0.6832,0.6785,,,465.5,465.5,0
51,toddler,weight_management,dice_genetic,0,0,0.0466,0.0466,0.0,0.0,0,0,1,6001,14.238,evaluation_budget_exhausted,0.4659,0.4509,toddler.choking.nut,,342.3,342.3,0
52,toddler,glycemic_control,dice_genetic,1,1,0.7143,0.7143,0.0,0.0,0,0,0,6001,14.302,evaluation_budget_exhausted,0.7143,0.6807,,,308.9,308.9,0
53,toddler,glycemic_control,dice_genetic,0,0,0.0608,0.0608,0.0,0.0,0,0,1,6001,13.462,evaluation_budget_exhausted,0.6082,0.6274,flag.strict_no_added_sugar.added_sugars_g,,42.2,42.2,0
54,toddler,glycemic_control,dice_genetic,0,0,0.0525,0.0525,0.0,0.0,0,0,1,6001,13.693,evaluation_budget_exhausted,0.5245,0.4835,toddler.choking.nut_butter,,79.5,79.5,0
55,toddler,glycemic_control,dice_genetic,0,1,0.5459,0.5459,0.0,0.0,0,0,0,6001,12.751,evaluation_budget_exhausted,0.5459,0.5534,,,828.3,828.3,0
56,toddler,glycemic_control,dice_genetic,0,0,0.0373,0.0373,0.0,0.0,0,0,1,6001,12.635,evaluation_budget_exhausted,0.3728,0.3761,toddler.choking.grape,,9.2,9.2,0
57,toddler,weight_management,dice_genetic,0,1,0.5179,0.5179,0.0,0.0,0,0,0,6001,14.076,evaluation_budget_exhausted,0.5179,0.5184,,,65.6,65.6,0
58,toddler,glycemic_control,dice_genetic,0,0,0.0314,0.0314,0.0,0.0,0,0,1,6001,14.335,evaluation_budget_exhausted,0.3145,0.304,flag.strict_no_added_sugar.added_sugars_g,,135.9,135.9,0
59,toddler,balanced_nutrition,dice_genetic,0,0,0.045,0.045,0.0,0.0,0,0,1,6001,13.266,evaluation_budget_exhausted,0.4501,0.432,flag.strict_no_added_sugar.added_sugars_g,,171.6,171.6,0
60,toddler,weight_management,dice_genetic,0,0,0.0384,0.0384,0.0,0.0,0,0,1,6001,12.146,evaluation_budget_exhausted,0.3844,0.3964,flag.strict_no_added_sugar.added_sugars_g,,44.0,44.0,0
61,toddler,balanced_nutrition,dice_genetic,0,0,0.0301,0.0301,0.0,0.0,0,0,1,6001,14.284,evaluation_budget_exhausted,0.3007,0.3168,flag.strict_no_added_sugar.added_sugars_g,,42.4,42.4,0
62,toddler,balanced_nutrition,dice_genetic,0,1,0.3789,0.3789,0.0,0.0,0,0,0,6001,12.963,evaluation_budget_exhausted,0.3789,0.3726,,,18.2,18.2,0
63,toddler,glycemic_control,dice_genetic,0,1,0.4358,0.4358,0.0,0.0,0,0,0,6001,13.271,evaluation_budget_exhausted,0.4358,0.4551,,,612.7,612.7,0
64,toddler,weight_management,dice_genetic,0,0,0.0363,0.0363,0.0,0.0,0,0,1,6001,11.547,evaluation_budget_exhausted,0.3625,0.3741,flag.strict_no_added_sugar.added_sugars_g,,198.9,198.9,0
65,toddler,balanced_nutrition,dice_genetic,0,0,0.0201,0.0201,0.0,0.0,0,0,1,6001,11.798,evaluation_budget_exhausted,0.2009,0.1381,flag.strict_no_added_sugar.added_sugars_g,,29.7,29.7,0
66,toddler,weight_management,dice_genetic,0,1,0.4486,0.4486,0.0,0.0,0,0,0,6001,12.954,evaluation_budget_exhausted,0.4486,0.4644,,,525.4,525.4,0
67,toddler,weight_management,dice_genetic,1,1,0.7544,0.7544,0.0,0.0,0,0,0,6001,13.838,evaluation_budget_exhausted,0.7544,0.7344,,,129.0,129.0,0
68,toddler,glycemic_control,dice_genetic,0,1,0.4264,0.4264,0.0,0.0,0,0,0,6001,13.42,evaluation_budget_exhausted,0.4264,0.4966,,,432.5,432.5,0
69,toddler,balanced_nutrition,dice_genetic,0,0,0.0539,0.0539,0.0,0.0,0,0,1,6001,13.789,evaluation_budget_exhausted,0.5393,0.5031,toddler.choking.hard_raw_vegetable,,515.1,515.1,0
70,toddler,weight_management,dice_genetic,0,1,0.4315,0.4315,0.0,0.0,0,0,0,6001,13.378,evaluation_budget_exhausted,0.4315,0.4101,,,251.2,251.2,0
71,toddler,weight_management,dice_genetic,0,1,0.5855,0.5855,0.0,0.0,0,0,0,6001,15.725,evaluation_budget_exhausted,0.5855,0.5409,,,1643.7,1643.7,0
72,toddler,balanced_nutrition,dice_genetic,0,0,0.0628,0.0628,0.0,0.0,0,0,1,6001,23.628,evaluation_budget_exhausted,0.6281,0.6113,toddler.choking.nut,,330.4,330.4,0
73,toddler,glycemic_control,dice_genetic,0,0,0.0428,0.0428,0.0,0.0,0,0,1,6001,14.067,evaluation_budget_exhausted,0.428,0.4306,flag.strict_no_added_sugar.added_sugars_g,,54.9,54.9,0
74,toddler,weight_management,dice_genetic,0,1,0.4873,0.4873,0.0,0.0,0,0,0,6001,15.08,evaluation_budget_exhausted,0.4873,0.4692,,,1427.0,1427.0,0
75,toddler,balanced_nutrition,dice_genetic,0,1,0.6001,0.6001,0.0,0.0,0,0,0,6001,15.312,evaluation_budget_exhausted,0.6001,0.614,,,14.1,14.1,0
76,toddler,balanced_nutrition,dice_genetic,0,0,0.0043,0.0043,0.0,0.0,0,0,2,6001,15.474,evaluation_budget_exhausted,0.4264,0.5216,flag.strict_no_added_sugar.added_sugars_g;toddler.choking.hard_raw_vegetable,,323.6,323.6,0
77,toddler,weight_management,dice_genetic,0,0,0.0336,0.0336,0.0,0.0,0,0,1,6001,14.211,evaluation_budget_exhausted,0.336,0.3838,toddler.choking.hard_raw_vegetable,,448.3,448.3,0
78,toddler,balanced_nutrition,dice_genetic,0,0,0.0047,0.0047,0.0,0.0,0,0,2,6001,12.997,evaluation_budget_exhausted,0.466,0.4363,flag.strict_no_added_sugar.added_sugars_g;toddler.choking.nut,,355.7,355.7,0
79,toddler,glycemic_control,dice_genetic,0,0,0.0538,0.0538,0.0,0.0,0,0,1,6001,12.835,evaluation_budget_exhausted,0.5377,0.505,flag.strict_no_added_sugar.added_sugars_g,,687.5,687.5,0
80,toddler,glycemic_control,dice_genetic,0,1,0.4708,0.4708,0.0,0.0,0,0,0,6001,13.096,evaluation_budget_exhausted,0.4708,0.4877,,,73.9,73.9,0
81,toddler,glycemic_control,dice_genetic,0,0,0.0585,0.0585,0.0,0.0,0,0,1,6001,14.167,evaluation_budget_exhausted,0.5853,0.5528,toddler.choking.seed,,277.8,277.8,0
82,toddler,glycemic_control,dice_genetic,0,1,0.6232,0.6232,0.0,0.0,0,0,0,6001,13.769,evaluation_budget_exhausted,0.6232,0.5955,,,448.3,448.3,0
83,toddler,glycemic_control,dice_genetic,0,1,0.4773,0.4773,0.0,0.0,0,0,0,6001,12.534,evaluation_budget_exhausted,0.4773,0.5292,,,43.7,43.7,0
84,toddler,glycemic_control,dice_genetic,0,1,0.4621,0.4621,0.0,0.0,0,0,0,6001,12.875,evaluation_budget_exhausted,0.4621,0.4498,,,322.9,322.9,0
85,toddler,glycemic_control,dice_genetic,0,0,0.0432,0.0432,0.0,0.0,0,0,1,6001,13.285,evaluation_budget_exhausted,0.4316,0.4875,toddler.choking.nut,,412.4,412.4,0
86,toddler,weight_management,dice_genetic,0,1,0.4281,0.4281,0.0,0.0,0,0,0,6001,11.666,evaluation_budget_exhausted,0.4281,0.4689,,,2.9,2.9,0
87,toddler,weight_management,dice_genetic,0,0,0.052,0.052,0.0,0.0,0,0,1,6001,14.196,evaluation_budget_exhausted,0.5202,0.5633,flag.strict_no_added_sugar.added_sugars_g,,1127.0,1127.0,0
88,toddler,balanced_nutrition,dice_genetic,0,1,0.6852,0.6852,0.0,0.0,0,0,0,6001,13.365,evaluation_budget_exhausted,0.6852,0.6204,,,323.1,323.1,0
89,toddler,glycemic_control,dice_genetic,0,1,0.6293,0.6293,0.0,0.0,0,0,0,6001,11.338,evaluation_budget_exhausted,0.6293,0.6385,,,499.9,499.9,0
90,toddler,glycemic_control,dice_genetic,0,0,0.0447,0.0447,0.0,0.0,0,0,1,6001,12.937,evaluation_budget_exhausted,0.4469,0.4734,toddler.choking.hard_raw_vegetable,,849.1,849.1,0
91,toddler,weight_management,dice_genetic,0,0,0.0471,0.0471,0.0,0.0,0,0,1,6001,12.376,evaluation_budget_exhausted,0.4712,0.489,toddler.choking.hard_raw_vegetable,,3392.3,3392.3,0
92,toddler,balanced_nutrition,dice_genetic,0,0,0.0004,0.0004,0.0,0.0,0,0,3,6001,14.284,evaluation_budget_exhausted,0.4282,0.4344,toddler.choking.hard_raw_vegetable,,631.9,631.9,0
93,toddler,balanced_nutrition,dice_genetic,0,0,0.0417,0.0417,0.0,0.0,0,0,1,6001,12.965,evaluation_budget_exhausted,0.4169,0.4086,toddler.choking.meat_chunk,,394.9,394.9,0
94,toddler,balanced_nutrition,dice_genetic,0,1,0.398,0.398,0.0,0.0,0,0,0,6001,13.062,evaluation_budget_exhausted,0.398,0.3322,,,21.3,21.3,0
95,toddler,glycemic_control,dice_genetic,0,1,0.69,0.69,0.0,0.0,0,0,0,6001,13.459,evaluation_budget_exhausted,0.69,0.6729,,,61.4,61.4,0
96,toddler,weight_management,dice_genetic,0,1,0.4329,0.4329,0.0,0.0,0,0,0,6001,12.709,evaluation_budget_exhausted,0.4329,0.3767,,,148.6,148.6,0
97,toddler,weight_management,dice_genetic,0,0,0.0027,0.0027,0.0,0.0,0,0,2,6001,16.204,evaluation_budget_exhausted,0.2697,0.2626,toddler.choking.nut;toddler.choking.nut_butter,,105.4,105.4,0
98,toddler,balanced_nutrition,dice_genetic,0,0,0.0496,0.0496,0.0,0.0,0,0,1,6001,12.883,evaluation_budget_exhausted,0.4959,0.4911,toddler.choking.nut,,245.7,245.7,0
99,toddler,balanced_nutrition,dice_genetic,0,0,0.0006,0.0006,0.0,0.0,0,0,3,6001,15.218,evaluation_budget_exhausted,0.6088,0.6312,flag.strict_no_added_sugar.added_sugars_g;toddler.choking.hard_raw_vegetable,,544.2,544.2,0
100,toddler,balanced_nutrition,dice_genetic,0,1,0.5785,0.5785,0.0,0.0,0,0,0,6001,12.601,evaluation_budget_exhausted,0.5785,0.574,,,3379.0,3379.0,0
101,adult,glycemic_control,dice_genetic,0,1,0.2883,0.2883,0.0,0.0,0,0,0,6001,12.137,evaluation_budget_exhausted,0.2883,0.2693,,,39.5,39.5,0
102,adult,balanced_nutrition,dice_genetic,0,1,0.1794,0.1794,0.0,0.0,0,0,0,6001,11.906,evaluation_budget_exhausted,0.1794,0.1171,,500,4.7,4.7,0
103,adult,weight_management,dice_genetic,0,1,0.4468,0.4468,0.0,0.0,0,0,0,6001,13.693,evaluation_budget_exhausted,0.4468,0.4247,,,335.9,335.9,0
104,adult,weight_management,dice_genetic,0,1,0.4045,0.4045,0.0,0.0,0,0,0,6001,14.26,evaluation_budget_exhausted,0.4045,0.3664,,,285.6,285.6,0
105,adult,glycemic_control,dice_genetic,0,1,0.1901,0.1901,0.0,0.0,0,0,0,6001,12.228,evaluation_budget_exhausted,0.1901,0.1818,,,78.5,78.5,0
106,adult,weight_management,dice_genetic,0,1,0.6663,0.6663,0.0,0.0,0,0,0,6001,13.189,evaluation_budget_exhausted,0.6663,0.6324,,,418.1,418.1,0
107,adult,balanced_nutrition,dice_genetic,0,1,0.5235,0.5235,0.0,0.0,0,0,0,6001,12.976,evaluation_budget_exhausted,0.5235,0.5197,,,247.3,247.3,0
108,adult,balanced_nutrition,dice_genetic,0,0,0.0804,0.0804,0.0,0.0,0,0,1,6001,12.384,evaluation_budget_exhausted,0.804,0.7259,flag.hypertension.sodium_mg,500,757.7,757.7,1
109,adult,weight_management,dice_genetic,0,1,0.2661,0.2661,0.0,0.0,0,0,0,6001,12.65,evaluation_budget_exhausted,0.2661,0.2902,,,48.1,48.1,0
110,adult,weight_management,dice_genetic,0,1,0.2605,0.2605,0.0,0.0,0,0,0,6001,12.969,evaluation_budget_exhausted,0.2605,0.3039,,,1711.5,1711.5,0
111,adult,weight_management,dice_genetic,0,1,0.1407,0.1407,0.0,0.0,0,0,0,6001,13.611,evaluation_budget_exhausted,0.1407,0.1737,,,95.5,95.5,0
112,adult,balanced_nutrition,dice_genetic,0,1,0.4006,0.4006,0.0,0.0,0,0,0,6001,14.38,evaluation_budget_exhausted,0.4006,0.4048,,,1602.9,1602.9,0
113,adult,weight_management,dice_genetic,0,1,0.6033,0.6033,0.0,0.0,0,0,0,6001,11.898,evaluation_budget_exhausted,0.6033,0.575,,,2309.6,2309.6,0
114,adult,balanced_nutrition,dice_genetic,0,1,0.3386,0.3386,0.0,0.0,0,0,0,6001,13.095,evaluation_budget_exhausted,0.3386,0.3881,,500,387.9,387.9,0
115,adult,balanced_nutrition,dice_genetic,0,1,0.3628,0.3628,0.0,0.0,0,0,0,6001,12.191,evaluation_budget_exhausted,0.3628,0.3554,,,668.4,668.4,0
116,adult,weight_management,dice_genetic,0,1,0.2975,0.2975,0.0,0.0,0,0,0,6001,12.386,evaluation_budget_exhausted,0.2975,0.3301,,500,51.6,51.6,0
117,adult,weight_management,dice_genetic,0,1,0.2629,0.2629,0.0,0.0,0,0,0,6001,13.184,evaluation_budget_exhausted,0.2629,0.2801,,,28.5,28.5,0
118,adult,weight_management,dice_genetic,0,1,0.452,0.452,0.0,0.0,0,0,0,6001,11.996,evaluation_budget_exhausted,0.452,0.4402,,,2120.8,2120.8,0
119,adult,weight_management,dice_genetic,0,1,0.3669,0.3669,0.0,0.0,0,0,0,6001,13.336,evaluation_budget_exhausted,0.3669,0.4051,,,678.7,678.7,0
120,adult,balanced_nutrition,dice_genetic,0,1,0.3293,0.3293,0.0,0.0,0,0,0,6001,12.734,evaluation_budget_exhausted,0.3293,0.3204,,,159.2,159.2,0
121,adult,weight_management,dice_genetic,0,1,0.6579,0.6579,0.0,0.0,0,0,0,6001,12.448,evaluation_budget_exhausted,0.6579,0.6318,,,1228.4,1228.4,0
122,adult,weight_management,dice_genetic,0,1,0.4728,0.4728,0.0,0.0,0,0,0,6001,12.998,evaluation_budget_exhausted,0.4728,0.5136,,,1.4,1.4,0
123,adult,weight_management,dice_genetic,0,1,0.5911,0.5911,0.0,0.0,0,0,0,6001,13.052,evaluation_budget_exhausted,0.5911,0.5819,,,959.0,959.0,0
124,adult,weight_management,dice_genetic,0,1,0.4899,0.4899,0.0,0.0,0,0,0,6001,13.469,evaluation_budget_exhausted,0.4899,0.4861,,,123.1,123.1,0
125,adult,balanced_nutrition,dice_genetic,0,1,0.3081,0.3081,0.0,0.0,0,0,0,6001,12.773,evaluation_budget_exhausted,0.3081,0.3055,,500,190.5,190.5,0
126,adult,balanced_nutrition,dice_genetic,0,1,0.1973,0.1973,0.0,0.0,0,0,0,6001,12.338,evaluation_budget_exhausted,0.1973,0.2296,,500,47.2,47.2,0
127,adult,balanced_nutrition,dice_genetic,0,1,0.4346,0.4346,0.0,0.0,0,0,0,6001,12.362,evaluation_budget_exhausted,0.4346,0.4436,,,116.8,116.8,0
128,adult,balanced_nutrition,dice_genetic,0,1,0.2789,0.2789,0.0,0.0,0,0,0,6001,12.456,evaluation_budget_exhausted,0.2789,0.2647,,,21.4,21.4,0
129,adult,glycemic_control,dice_genetic,0,1,0.1859,0.1859,0.0,0.0,0,0,0,6001,12.287,evaluation_budget_exhausted,0.1859,0.2029,,,9.6,9.6,0
130,adult,glycemic_control,dice_genetic,0,1,0.1566,0.1566,0.0,0.0,0,0,0,6001,12.865,evaluation_budget_exhausted,0.1566,0.1692,,,123.4,123.4,0
131,adult,balanced_nutrition,dice_genetic,0,0,0.0198,0.0198,0.0,0.0,0,0,1,6001,14.498,evaluation_budget_exhausted,0.1984,0.2444,flag.hypertension.sodium_mg,500,1080.7,1080.7,1
132,adult,glycemic_control,dice_genetic,0,1,0.3411,0.3411,0.0,0.0,0,0,0,6001,13.191,evaluation_budget_exhausted,0.3411,0.3704,,,154.5,154.5,0
133,adult,glycemic_control,dice_genetic,0,1,0.24,0.24,0.0,0.0,0,0,0,6001,13.009,evaluation_budget_exhausted,0.24,0.2325,,,97.2,97.2,0
134,adult,balanced_nutrition,dice_genetic,1,1,0.7163,0.7163,0.0,0.0,0,0,0,6001,13.583,evaluation_budget_exhausted,0.7163,0.6469,,,491.7,491.7,0
135,adult,glycemic_control,dice_genetic,0,1,0.2495,0.2495,0.0,0.0,0,0,0,6001,14.598,evaluation_budget_exhausted,0.2495,0.2209,,,312.0,312.0,0
136,adult,balanced_nutrition,dice_genetic,0,1,0.3638,0.3638,0.0,0.0,0,0,0,6001,13.008,evaluation_budget_exhausted,0.3638,0.3278,,,63.7,63.7,0
137,adult,glycemic_control,dice_genetic,0,1,0.5957,0.5957,0.0,0.0,0,0,0,6001,14.937,evaluation_budget_exhausted,0.5957,0.5947,,,166.8,166.8,0
138,adult,weight_management,dice_genetic,0,0,0.067,0.067,0.0,0.0,0,0,1,6001,14.53,evaluation_budget_exhausted,0.6701,0.6181,flag.hypertension.sodium_mg,500,1228.1,1228.1,1
139,adult,balanced_nutrition,dice_genetic,0,1,0.5201,0.5201,0.0,0.0,0,0,0,6001,13.493,evaluation_budget_exhausted,0.5201,0.5494,,,65.7,65.7,0
140,adult,glycemic_control,dice_genetic,0,1,0.1846,0.1846,0.0,0.0,0,0,0,6001,12.698,evaluation_budget_exhausted,0.1846,0.2217,,,5.4,5.4,0
141,adult,balanced_nutrition,dice_genetic,0,0,0.0406,0.0406,0.0,0.0,0,0,1,6001,13.832,evaluation_budget_exhausted,0.4057,0.4062,flag.hypertension.sodium_mg,500,594.6,594.6,1
142,adult,balanced_nutrition,dice_genetic,0,1,0.4248,0.4248,0.0,0.0,0,0,0,6001,13.171,evaluation_budget_exhausted,0.4248,0.3618,,,741.0,741.0,0
143,adult,balanced_nutrition,dice_genetic,0,1,0.3046,0.3046,0.0,0.0,0,0,0,6001,13.126,evaluation_budget_exhausted,0.3046,0.28,,,92.9,92.9,0
144,adult,weight_management,dice_genetic,0,1,0.448,0.448,0.0,0.0,0,0,0,6001,13.174,evaluation_budget_exhausted,0.448,0.4763,,500,240.0,240.0,0
145,adult,glycemic_control,dice_genetic,0,1,0.2387,0.2387,0.0,0.0,0,0,0,6001,13.854,evaluation_budget_exhausted,0.2387,0.208,,,68.9,68.9,0
146,adult,weight_management,dice_genetic,0,0,0.005,0.005,0.0,0.0,0,0,1,6001,14.791,evaluation_budget_exhausted,0.0505,0.0722,flag.hypertension.sodium_mg,500,792.7,792.7,1
147,adult,balanced_nutrition,dice_genetic,0,1,0.415,0.415,0.0,0.0,0,0,0,6001,13.506,evaluation_budget_exhausted,0.415,0.4277,,,15.2,15.2,0
148,adult,glycemic_control,dice_genetic,0,0,0.0752,0.0752,0.0,0.0,0,0,1,6001,12.972,evaluation_budget_exhausted,0.752,0.6757,flag.hypertension.sodium_mg,500,2071.5,2071.5,1
149,adult,weight_management,dice_genetic,0,1,0.4165,0.4165,0.0,0.0,0,0,0,6001,13.077,evaluation_budget_exhausted,0.4165,0.4079,,,1202.4,1202.4,0
150,adult,weight_management,dice_genetic,1,1,0.7064,0.7064,0.0,0.0,0,0,0,6001,13.036,evaluation_budget_exhausted,0.7064,0.6855,,500,465.5,465.5,0
151,adult,balanced_nutrition,dice_genetic,0,1,0.4887,0.4887,0.0,0.0,0,0,0,6001,14.697,evaluation_budget_exhausted,0.4887,0.4834,,,342.3,342.3,0
152,adult,glycemic_control,dice_genetic,0,1,0.6099,0.6099,0.0,0.0,0,0,0,6001,14.114,evaluation_budget_exhausted,0.6099,0.6318,,,308.9,308.9,0
153,adult,balanced_nutrition,dice_genetic,0,1,0.5464,0.5464,0.0,0.0,0,0,0,6001,13.334,evaluation_budget_exhausted,0.5464,0.5424,,,42.2,42.2,0
154,adult,glycemic_control,dice_genetic,0,1,0.4253,0.4253,0.0,0.0,0,0,0,6001,13.458,evaluation_budget_exhausted,0.4253,0.4136,,,79.5,79.5,0
155,adult,weight_management,dice_genetic,0,1,0.4831,0.4831,0.0,0.0,0,0,0,6001,12.965,evaluation_budget_exhausted,0.4831,0.5281,,,828.3,828.3,0
156,adult,balanced_nutrition,dice_genetic,0,1,0.1185,0.1185,0.0,0.0,0,0,0,6001,13.223,evaluation_budget_exhausted,0.1185,0.1489,,500,9.2,9.2,0
157,adult,weight_management,dice_genetic,0,1,0.4662,0.4662,0.0,0.0,0,0,0,6001,13.707,evaluation_budget_exhausted,0.4662,0.4525,,,65.6,65.6,0
158,adult,glycemic_control,dice_genetic,0,1,0.195,0.195,0.0,0.0,0,0,0,6001,14.564,evaluation_budget_exhausted,0.195,0.2165,,,135.9,135.9,0
159,adult,weight_management,dice_genetic,0,1,0.1926,0.1926,0.0,0.0,0,0,0,6001,14.201,evaluation_budget_exhausted,0.1926,0.2317,,500,171.6,171.6,0
160,adult,balanced_nutrition,dice_genetic,0,1,0.4415,0.4415,0.0,0.0,0,0,0,6001,12.682,evaluation_budget_exhausted,0.4415,0.4203,,,44.0,44.0,0
161,adult,balanced_nutrition,dice_genetic,0,1,0.1232,0.1232,0.0,0.0,0,0,0,6001,14.33,evaluation_budget_exhausted,0.1232,0.1235,,500,42.4,42.4,0
162,adult,balanced_nutrition,dice_genetic,0,1,0.2896,0.2896,0.0,0.0,0,0,0,6001,13.528,evaluation_budget_exhausted,0.2896,0.3078,,,18.2,18.2,0
163,adult,glycemic_control,dice_genetic,0,1,0.5053,0.5053,0.0,0.0,0,0,0,6001,13.908,evaluation_budget_exhausted,0.5053,0.4725,,,612.7,612.7,0
164,adult,balanced_nutrition,dice_genetic,0,1,0.2053,0.2053,0.0,0.0,0,0,0,6001,11.971,evaluation_budget_exhausted,0.2053,0.254,,,198.9,198.9,0
165,adult,glycemic_control,dice_genetic,0,1,0.2225,0.2225,0.0,0.0,0,0,0,6001,12.192,evaluation_budget_exhausted,0.2225,0.1955,,,29.7,29.7,0
166,adult,weight_management,dice_genetic,0,1,0.4263,0.4263,0.0,0.0,0,0,0,6001,13.395,evaluation_budget_exhausted,0.4263,0.4716,,,525.4,525.4,0
167,adult,weight_management,dice_genetic,0,1,0.6361,0.6361,0.0,0.0,0,0,0,6001,13.244,evaluation_budget_exhausted,0.6361,0.6259,,500,129.0,129.0,0
168,adult,weight_management,dice_genetic,0,1,0.5549,0.5549,0.0,0.0,0,0,0,6001,13.348,evaluation_budget_exhausted,0.5549,0.5935,,,432.5,432.5,0
169,adult,balanced_nutrition,dice_genetic,0,1,0.5065,0.5065,0.0,0.0,0,0,0,6001,12.958,evaluation_budget_exhausted,0.5065,0.4444,,,515.1,515.1,0
170,adult,weight_management,dice_genetic,0,1,0.4187,0.4187,0.0,0.0,0,0,0,6001,13.403,evaluation_budget_exhausted,0.4187,0.4049,,,251.2,251.2,0
171,adult,balanced_nutrition,dice_genetic,0,1,0.3859,0.3859,0.0,0.0,0,0,0,6001,12.42,evaluation_budget_exhausted,0.3859,0.39,,,1643.7,1643.7,0
172,adult,weight_management,dice_genetic,1,1,0.7357,0.7357,0.0,0.0,0,0,0,6001,14.763,evaluation_budget_exhausted,0.7357,0.6734,,500,330.4,330.4,0
173,adult,glycemic_control,dice_genetic,0,1,0.4973,0.4973,0.0,0.0,0,0,0,6001,13.578,evaluation_budget_exhausted,0.4973,0.4994,,,54.9,54.9,0
174,adult,balanced_nutrition,dice_genetic,0,1,0.4568,0.4568,0.0,0.0,0,0,0,6001,13.831,evaluation_budget_exhausted,0.4568,0.4446,,,1427.0,1427.0,0
175,adult,glycemic_control,dice_genetic,0,1,0.3902,0.3902,0.0,0.0,0,0,0,6001,13.331,evaluation_budget_exhausted,0.3902,0.4255,,,14.1,14.1,0
176,adult,balanced_nutrition,dice_genetic,0,1,0.5225,0.5225,0.0,0.0,0,0,0,6001,14.52,evaluation_budget_exhausted,0.5225,0.5971,,,323.6,323.6,0
177,adult,glycemic_control,dice_genetic,0,1,0.4633,0.4633,0.0,0.0,0,0,0,6001,13.858,evaluation_budget_exhausted,0.4633,0.4878,,,448.3,448.3,0
178,adult,balanced_nutrition,dice_genetic,0,1,0.2832,0.2832,0.0,0.0,0,0,0,6001,13.078,evaluation_budget_exhausted,0.2832,0.2626,,,355.7,355.7,0
179,adult,glycemic_control,dice_genetic,0,1,0.5047,0.5047,0.0,0.0,0,0,0,6001,14.205,evaluation_budget_exhausted,0.5047,0.4785,,,687.5,687.5,0
180,adult,balanced_nutrition,dice_genetic,0,1,0.3163,0.3163,0.0,0.0,0,0,0,6001,12.97,evaluation_budget_exhausted,0.3163,0.3188,,500,73.9,73.9,0
181,adult,glycemic_control,dice_genetic,0,1,0.4838,0.4838,0.0,0.0,0,0,0,6001,15.012,evaluation_budget_exhausted,0.4838,0.5097,,,277.8,277.8,0
182,adult,glycemic_control,dice_genetic,0,1,0.5142,0.5142,0.0,0.0,0,0,0,6001,15.083,evaluation_budget_exhausted,0.5142,0.4886,,500,448.3,448.3,0
183,adult,weight_management,dice_genetic,0,1,0.4746,0.4746,0.0,0.0,0,0,0,6001,14.349,evaluation_budget_exhausted,0.4746,0.5306,,,43.7,43.7,0
184,adult,glycemic_control,dice_genetic,0,1,0.4829,0.4829,0.0,0.0,0,0,0,6001,13.595,evaluation_budget_exhausted,0.4829,0.4764,,,322.9,322.9,0
185,adult,weight_management,dice_genetic,0,1,0.4716,0.4716,0.0,0.0,0,0,0,6001,13.339,evaluation_budget_exhausted,0.4716,0.461,,,412.4,412.4,0
186,adult,weight_management,dice_genetic,0,1,0.4121,0.4121,0.0,0.0,0,0,0,6001,12.1,evaluation_budget_exhausted,0.4121,0.4326,,500,2.9,2.9,0
187,adult,glycemic_control,dice_genetic,0,1,0.5464,0.5464,0.0,0.0,0,0,0,6001,15.136,evaluation_budget_exhausted,0.5464,0.5242,,,1127.0,1127.0,0
188,adult,weight_management,dice_genetic,0,1,0.6262,0.6262,0.0,0.0,0,0,0,6001,13.915,evaluation_budget_exhausted,0.6262,0.6374,,,323.1,323.1,0
189,adult,glycemic_control,dice_genetic,0,1,0.5936,0.5936,0.0,0.0,0,0,0,6001,12.179,evaluation_budget_exhausted,0.5936,0.6297,,,499.9,499.9,0
190,adult,glycemic_control,dice_genetic,0,1,0.3913,0.3913,0.0,0.0,0,0,0,6001,13.739,evaluation_budget_exhausted,0.3913,0.4584,,,849.1,849.1,0
191,adult,balanced_nutrition,dice_genetic,0,1,0.3504,0.3504,0.0,0.0,0,0,0,6001,12.937,evaluation_budget_exhausted,0.3504,0.3574,,,3392.3,3392.3,0
192,adult,balanced_nutrition,dice_genetic,0,1,0.2871,0.2871,0.0,0.0,0,0,0,6001,15.05,evaluation_budget_exhausted,0.2871,0.3208,,,631.9,631.9,0
193,adult,weight_management,dice_genetic,0,1,0.4355,0.4355,0.0,0.0,0,0,0,6001,13.601,evaluation_budget_exhausted,0.4355,0.4497,,,394.9,394.9,0
194,adult,balanced_nutrition,dice_genetic,0,1,0.3111,0.3111,0.0,0.0,0,0,0,6001,13.244,evaluation_budget_exhausted,0.3111,0.2826,,,21.3,21.3,0
195,adult,glycemic_control,dice_genetic,0,1,0.6301,0.6301,0.0,0.0,0,0,0,6001,12.885,evaluation_budget_exhausted,0.6301,0.6174,,,61.4,61.4,0
196,adult,glycemic_control,dice_genetic,0,1,0.5041,0.5041,0.0,0.0,0,0,0,6001,12.021,evaluation_budget_exhausted,0.5041,0.48,,500,148.6,148.6,0
197,adult,weight_management,dice_genetic,0,1,0.0754,0.0754,0.0,0.0,0,0,0,6001,14.377,evaluation_budget_exhausted,0.0754,0.0943,,500,105.4,105.4,0
198,adult,balanced_nutrition,dice_genetic,0,1,0.3682,0.3682,0.0,0.0,0,0,0,6001,12.841,evaluation_budget_exhausted,0.3682,0.4209,,500,245.7,245.7,0
199,adult,balanced_nutrition,dice_genetic,0,1,0.5675,0.5675,0.0,0.0,0,0,0,6001,14.009,evaluation_budget_exhausted,0.5675,0.5824,,,544.2,544.2,0
200,adult,weight_management,dice_genetic,1,1,0.7426,0.7426,0.0,0.0,0,0,0,6001,12.96,evaluation_budget_exhausted,0.7426,0.7449,,,3379.0,3379.0,0
201,older_adult,glycemic_control,dice_genetic,0,0,0.0,0.0,0.0,0.0,0,0,4,6001,12.476,evaluation_budget_exhausted,0.224,0.2467,flag.dysphagia.texture,,39.5,39.5,0
202,older_adult,balanced_nutrition,dice_genetic,0,1,0.1571,0.1571,0.0,0.0,0,0,0,6001,12.349,evaluation_budget_exhausted,0.1571,0.0856,,500,4.7,4.7,0
203,older_adult,balanced_nutrition,dice_genetic,0,0,0.0,0.0,0.0,0.0,0,0,8,6001,14.095,evaluation_budget_exhausted,0.4336,0.4285,flag.dysphagia.texture,,335.9,335.9,0
204,older_adult,balanced_nutrition,dice_genetic,0,1,0.1591,0.1591,0.0,0.0,0,0,0,6001,14.882,evaluation_budget_exhausted,0.1591,0.1636,,500,285.6,285.6,0
205,older_adult,weight_management,dice_genetic,0,1,0.3426,0.3426,0.0,0.0,0,0,0,6001,13.583,evaluation_budget_exhausted,0.3426,0.36,,,78.5,78.5,0
206,older_adult,glycemic_control,dice_genetic,0,1,0.6694,0.6694,0.0,0.0,0,0,0,6001,16.076,evaluation_budget_exhausted,0.6694,0.6271,,,418.1,418.1,0
207,older_adult,glycemic_control,dice_genetic,0,1,0.5066,0.5066,0.0,0.0,0,0,0,6001,18.504,evaluation_budget_exhausted,0.5066,0.5264,,,247.3,247.3,0
208,older_adult,glycemic_control,dice_genetic,0,0,0.0081,0.0081,0.0,0.0,0,0,2,6001,14.07,evaluation_budget_exhausted,0.8056,0.7941,flag.hypertension.sodium_mg;flag.warfarin.vitamin_k_ug,500,757.7,757.7,1
209,older_adult,glycemic_control,dice_genetic,0,1,0.1882,0.1882,0.0,0.0,0,0,0,6001,12.817,evaluation_budget_exhausted,0.1882,0.1933,,,48.1,48.1,0
210,older_adult,balanced_nutrition,dice_genetic,0,0,0.0334,0.0334,0.0,0.0,0,0,1,6001,13.071,evaluation_budget_exhausted,0.334,0.3589,flag.hypertension.sodium_mg,500,1711.5,1711.5,1
211,older_adult,weight_management,dice_genetic,0,1,0.1571,0.1571,0.0,0.0,0,0,0,6001,13.586,evaluation_budget_exhausted,0.1571,0.1785,,,95.5,95.5,0
212,older_adult,weight_management,dice_genetic,0,1,0.4974,0.4974,0.0,0.0,0,0,0,6001,15.114,evaluation_budget_exhausted,0.4974,0.4949,,,1602.9,1602.9,0
213,older_adult,glycemic_control,dice_genetic,0,1,0.5338,0.5338,0.0,0.0,0,0,0,6001,11.513,evaluation_budget_exhausted,0.5338,0.5089,,,2309.6,2309.6,0
214,older_adult,weight_management,dice_genetic,0,1,0.4628,0.4628,0.0,0.0,0,0,0,6001,12.501,evaluation_budget_exhausted,0.4628,0.4727,,500,387.9,387.9,0
215,older_adult,weight_management,dice_genetic,0,1,0.4318,0.4318,0.0,0.0,0,0,0,6001,11.948,evaluation_budget_exhausted,0.4318,0.4228,,,668.4,668.4,0
216,older_adult,balanced_nutrition,dice_genetic,0,1,0.1119,0.1119,0.0,0.0,0,0,0,6001,12.123,evaluation_budget_exhausted,0.1119,0.0886,,500,51.6,51.6,0
217,older_adult,balanced_nutrition,dice_genetic,0,0,0.0201,0.0201,0.0,0.0,0,0,1,6001,12.973,evaluation_budget_exhausted,0.2013,0.2355,flag.metformin.excluded_food,,28.5,28.5,0
218,older_adult,balanced_nutrition,dice_genetic,0,0,0.0004,0.0004,0.0,0.0,0,0,3,6001,11.137,evaluation_budget_exhausted,0.3879,0.4093,flag.dysphagia.texture;flag.hypertension.sodium_mg,500,2120.8,2120.8,1
219,older_adult,glycemic_control,dice_genetic,0,0,0.0543,0.0543,0.0,0.0,0,0,1,6001,12.802,evaluation_budget_exhausted,0.5428,0.537,flag.hypertension.sodium_mg,500,678.7,678.7,1
220,older_adult,glycemic_control,dice_genetic,0,1,0.4374,0.4374,0.0,0.0,0,0,0,6001,12.157,evaluation_budget_exhausted,0.4374,0.4479,,,159.2,159.2,0
221,older_adult,weight_management,dice_genetic,0,1,0.6824,0.6824,0.0,0.0,0,0,0,6001,11.653,evaluation_budget_exhausted,0.6824,0.6408,,,1228.4,1228.4,0
222,older_adult,weight_management,dice_genetic,0,0,0.0391,0.0391,0.0,0.0,0,0,1,6001,12.305,evaluation_budget_exhausted,0.3909,0.3962,flag.metformin.excluded_food,,1.4,1.4,0
223,older_adult,balanced_nutrition,dice_genetic,0,1,0.4625,0.4625,0.0,0.0,0,0,0,6001,13.051,evaluation_budget_exhausted,0.4625,0.3974,,,959.0,959.0,0
224,older_adult,balanced_nutrition,dice_genetic,0,1,0.2881,0.2881,0.0,0.0,0,0,0,6001,12.532,evaluation_budget_exhausted,0.2881,0.296,,,123.1,123.1,0
225,older_adult,balanced_nutrition,dice_genetic,0,1,0.2608,0.2608,0.0,0.0,0,0,0,6001,12.181,evaluation_budget_exhausted,0.2608,0.2262,,500,190.5,190.5,0
226,older_adult,balanced_nutrition,dice_genetic,0,1,0.0924,0.0924,0.0,0.0,0,0,0,6001,10.753,evaluation_budget_exhausted,0.0924,0.1119,,500,47.2,47.2,0
227,older_adult,balanced_nutrition,dice_genetic,0,1,0.392,0.392,0.0,0.0,0,0,0,6001,11.423,evaluation_budget_exhausted,0.392,0.3718,,,116.8,116.8,0
228,older_adult,weight_management,dice_genetic,0,1,0.3196,0.3196,0.0,0.0,0,0,0,6001,11.952,evaluation_budget_exhausted,0.3196,0.3216,,,21.4,21.4,0
229,older_adult,glycemic_control,dice_genetic,0,1,0.1808,0.1808,0.0,0.0,0,0,0,6001,11.266,evaluation_budget_exhausted,0.1808,0.18,,,9.6,9.6,0
230,older_adult,balanced_nutrition,dice_genetic,0,1,0.1669,0.1669,0.0,0.0,0,0,0,6001,11.992,evaluation_budget_exhausted,0.1669,0.1425,,500,123.4,123.4,0
231,older_adult,balanced_nutrition,dice_genetic,0,0,0.0182,0.0182,0.0,0.0,0,0,1,6001,13.689,evaluation_budget_exhausted,0.1822,0.2273,flag.hypertension.sodium_mg,500,1080.7,1080.7,1
232,older_adult,weight_management,dice_genetic,0,1,0.3053,0.3053,0.0,0.0,0,0,0,6001,12.461,evaluation_budget_exhausted,0.3053,0.3056,,500,154.5,154.5,0
233,older_adult,balanced_nutrition,dice_genetic,0,1,0.3009,0.3009,0.0,0.0,0,0,0,6001,12.458,evaluation_budget_exhausted,0.3009,0.3271,,,97.2,97.2,0
234,older_adult,balanced_nutrition,dice_genetic,0,1,0.5195,0.5195,0.0,0.0,0,0,0,6001,11.253,evaluation_budget_exhausted,0.5195,0.5547,,,491.7,491.7,0
235,older_adult,weight_management,dice_genetic,0,1,0.1805,0.1805,0.0,0.0,0,0,0,6001,13.221,evaluation_budget_exhausted,0.1805,0.19,,,312.0,312.0,0
236,older_adult,balanced_nutrition,dice_genetic,0,1,0.305,0.305,0.0,0.0,0,0,0,6001,11.544,evaluation_budget_exhausted,0.305,0.318,,,63.7,63.7,0
237,older_adult,glycemic_control,dice_genetic,0,1,0.5812,0.5812,0.0,0.0,0,0,0,6001,13.686,evaluation_budget_exhausted,0.5812,0.5939,,,166.8,166.8,0
238,older_adult,glycemic_control,dice_genetic,0,0,0.068,0.068,0.0,0.0,0,0,1,6001,12.918,evaluation_budget_exhausted,0.6798,0.6466,flag.hypertension.sodium_mg,500,1228.1,1228.1,1
239,older_adult,balanced_nutrition,dice_genetic,0,1,0.4398,0.4398,0.0,0.0,0,0,0,6001,12.529,evaluation_budget_exhausted,0.4398,0.4919,,500,65.7,65.7,0
240,older_adult,weight_management,dice_genetic,0,1,0.3426,0.3426,0.0,0.0,0,0,0,6001,11.531,evaluation_budget_exhausted,0.3426,0.371,,,5.4,5.4,0
241,older_adult,balanced_nutrition,dice_genetic,0,0,0.039,0.039,0.0,0.0,0,0,1,6001,12.351,evaluation_budget_exhausted,0.3905,0.3991,flag.hypertension.sodium_mg,500,594.6,594.6,1
242,older_adult,weight_management,dice_genetic,0,1,0.5376,0.5376,0.0,0.0,0,0,0,6001,11.776,evaluation_budget_exhausted,0.5376,0.5286,,,741.0,741.0,0
243,older_adult,weight_management,dice_genetic,0,1,0.5088,0.5088,0.0,0.0,0,0,0,6001,11.726,evaluation_budget_exhausted,0.5088,0.4947,,,92.9,92.9,0
244,older_adult,weight_management,dice_genetic,0,1,0.3975,0.3975,0.0,0.0,0,0,0,6001,11.809,evaluation_budget_exhausted,0.3975,0.4347,,500,240.0,240.0,0
245,older_adult,balanced_nutrition,dice_genetic,0,1,0.2618,0.2618,0.0,0.0,0,0,0,6001,12.304,evaluation_budget_exhausted,0.2618,0.2334,,,68.9,68.9,0
246,older_adult,glycemic_control,dice_genetic,0,0,0.0172,0.0172,0.0,0.0,0,0,1,6001,13.341,evaluation_budget_exhausted,0.1721,0.1665,flag.hypertension.sodium_mg,500,792.7,792.7,1
247,older_adult,glycemic_control,dice_genetic,0,1,0.3513,0.3513,0.0,0.0,0,0,0,6001,11.886,evaluation_budget_exhausted,0.3513,0.3855,,,15.2,15.2,0
248,older_adult,weight_management,dice_genetic,0,0,0.0626,0.0626,0.0,0.0,0,0,1,6001,11.508,evaluation_budget_exhausted,0.6265,0.5735,flag.hypertension.sodium_mg,500,2071.5,2071.5,1
249,older_adult,weight_management,dice_genetic,0,0,0.0389,0.0389,0.0,0.0,0,0,1,6001,11.665,evaluation_budget_exhausted,0.3887,0.3896,flag.hypertension.sodium_mg,500,1202.4,1202.4,1
250,older_adult,balanced_nutrition,dice_genetic,0,1,0.5808,0.5808,0.0,0.0,0,0,0,6001,11.46,evaluation_budget_exhausted,0.5808,0.5816,,500,465.5,465.5,0
251,older_adult,glycemic_control,dice_genetic,0,1,0.4214,0.4214,0.0,0.0,0,0,0,6001,13.093,evaluation_budget_exhausted,0.4214,0.4234,,,342.3,342.3,0
252,older_adult,balanced_nutrition,dice_genetic,0,1,0.3461,0.3461,0.0,0.0,0,0,0,6001,13.054,evaluation_budget_exhausted,0.3461,0.36,,,308.9,308.9,0
253,older_adult,glycemic_control,dice_genetic,0,1,0.479,0.479,0.0,0.0,0,0,0,6001,11.96,evaluation_budget_exhausted,0.479,0.4923,,,42.2,42.2,0
254,older_adult,balanced_nutrition,dice_genetic,0,1,0.3392,0.3392,0.0,0.0,0,0,0,6001,14.556,evaluation_budget_exhausted,0.3392,0.3199,,,79.5,79.5,0
255,older_adult,glycemic_control,dice_genetic,0,0,0.0,0.0,0.0,0.0,0,0,6,6001,13.897,evaluation_budget_exhausted,0.5855,0.6141,flag.dysphagia.texture,,828.3,828.3,0
256,older_adult,glycemic_control,dice_genetic,0,0,0.0,0.0,0.0,0.0,0,0,6,6001,12.251,evaluation_budget_exhausted,0.2718,0.2638,flag.dysphagia.texture,500,9.2,9.2,0
257,older_adult,weight_management,dice_genetic,0,0,0.0,0.0,0.0,0.0,0,0,7,6001,12.882,evaluation_budget_exhausted,0.4277,0.4162,flag.dysphagia.texture,,65.6,65.6,0
258,older_adult,balanced_nutrition,dice_genetic,0,1,0.283,0.283,0.0,0.0,0,0,0,6001,12.963,evaluation_budget_exhausted,0.283,0.3037,,,135.9,135.9,0
259,older_adult,weight_management,dice_genetic,0,1,0.2244,0.2244,0.0,0.0,0,0,0,6001,12.696,evaluation_budget_exhausted,0.2244,0.2472,,500,171.6,171.6,0
260,older_adult,glycemic_control,dice_genetic,0,1,0.4811,0.4811,0.0,0.0,0,0,0,6001,11.409,evaluation_budget_exhausted,0.4811,0.4633,,,44.0,44.0,0
261,older_adult,balanced_nutrition,dice_genetic,0,1,0.1046,0.1046,0.0,0.0,0,0,0,6001,12.927,evaluation_budget_exhausted,0.1046,0.1041,,500,42.4,42.4,0
262,older_adult,weight_management,dice_genetic,0,1,0.3325,0.3325,0.0,0.0,0,0,0,6001,11.932,evaluation_budget_exhausted,0.3325,0.3294,,,18.2,18.2,0
263,older_adult,glycemic_control,dice_genetic,0,0,0.0,0.0,0.0,0.0,0,0,10,6001,12.539,evaluation_budget_exhausted,0.5147,0.4779,flag.dysphagia.texture,,612.7,612.7,0
264,older_adult,glycemic_control,dice_genetic,0,1,0.2637,0.2637,0.0,0.0,0,0,0,6001,10.558,evaluation_budget_exhausted,0.2637,0.3051,,,198.9,198.9,0
265,older_adult,weight_management,dice_genetic,0,1,0.2019,0.2019,0.0,0.0,0,0,0,6001,10.652,evaluation_budget_exhausted,0.2019,0.1451,,,29.7,29.7,0
266,older_adult,balanced_nutrition,dice_genetic,0,0,0.0558,0.0558,0.0,0.0,0,0,1,6001,12.038,evaluation_budget_exhausted,0.5577,0.4986,flag.hypertension.sodium_mg,500,525.4,525.4,1
267,older_adult,weight_management,dice_genetic,0,1,0.6064,0.6064,0.0,0.0,0,0,0,6001,11.687,evaluation_budget_exhausted,0.6064,0.6081,,500,129.0,129.0,0
268,older_adult,weight_management,dice_genetic,0,1,0.4309,0.4309,0.0,0.0,0,0,0,6001,11.774,evaluation_budget_exhausted,0.4309,0.5231,,500,432.5,432.5,0
269,older_adult,balanced_nutrition,dice_genetic,0,0,0.0,0.0,0.0,0.0,0,0,6,6001,11.408,evaluation_budget_exhausted,0.578,0.5047,flag.dysphagia.texture,,515.1,515.1,0
270,older_adult,glycemic_control,dice_genetic,0,1,0.3929,0.3929,0.0,0.0,0,0,0,6001,11.45,evaluation_budget_exhausted,0.3929,0.4056,,,251.2,251.2,0
271,older_adult,balanced_nutrition,dice_genetic,0,1,0.3056,0.3056,0.0,0.0,0,0,0,6001,10.783,evaluation_budget_exhausted,0.3056,0.3474,,,1643.7,1643.7,0
272,older_adult,weight_management,dice_genetic,0,1,0.6353,0.6353,0.0,0.0,0,0,0,6001,12.572,evaluation_budget_exhausted,0.6353,0.6025,,500,330.4,330.4,0
273,older_adult,balanced_nutrition,dice_genetic,0,1,0.3449,0.3449,0.0,0.0,0,0,0,6001,11.312,evaluation_budget_exhausted,0.3449,0.3264,,500,54.9,54.9,0
274,older_adult,weight_management,dice_genetic,0,1,0.4504,0.4504,0.0,0.0,0,0,0,6001,11.27,evaluation_budget_exhausted,0.4504,0.455,,,1427.0,1427.0,0
275,older_adult,balanced_nutrition,dice_genetic,0,1,0.4781,0.4781,0.0,0.0,0,0,0,6001,11.331,evaluation_budget_exhausted,0.4781,0.4603,,,14.1,14.1,0
276,older_adult,balanced_nutrition,dice_genetic,0,1,0.3914,0.3914,0.0,0.0,0,0,0,6001,12.246,evaluation_budget_exhausted,0.3914,0.4244,,500,323.6,323.6,0
277,older_adult,weight_management,dice_genetic,0,1,0.4938,0.4938,0.0,0.0,0,0,0,6001,11.845,evaluation_budget_exhausted,0.4938,0.488,,,448.3,448.3,0
278,older_adult,glycemic_control,dice_genetic,0,0,0.0,0.0,0.0,0.0,0,0,4,6001,11.237,evaluation_budget_exhausted,0.3812,0.3467,flag.dysphagia.texture,,355.7,355.7,0
279,older_adult,balanced_nutrition,dice_genetic,0,1,0.3665,0.3665,0.0,0.0,0,0,0,6001,11.341,evaluation_budget_exhausted,0.3665,0.356,,,687.5,687.5,0
280,older_adult,balanced_nutrition,dice_genetic,0,1,0.2998,0.2998,0.0,0.0,0,0,0,6001,10.765,evaluation_budget_exhausted,0.2998,0.2842,,500,73.9,73.9,0
281,older_adult,weight_management,dice_genetic,0,1,0.4432,0.4432,0.0,0.0,0,0,0,6001,11.507,evaluation_budget_exhausted,0.4432,0.4452,,,277.8,277.8,0
282,older_adult,weight_management,dice_genetic,0,1,0.4944,0.4944,0.0,0.0,0,0,0,6001,12.059,evaluation_budget_exhausted,0.4944,0.4466,,500,448.3,448.3,0
283,older_adult,glycemic_control,dice_genetic,0,1,0.436,0.436,0.0,0.0,0,0,0,6001,11.008,evaluation_budget_exhausted,0.436,0.4806,,,43.7,43.7,0
284,older_adult,balanced_nutrition,dice_genetic,0,1,0.2313,0.2313,0.0,0.0,0,0,0,6001,11.012,evaluation_budget_exhausted,0.2313,0.2439,,,322.9,322.9,0
285,older_adult,balanced_nutrition,dice_genetic,0,1,0.3381,0.3381,0.0,0.0,0,0,0,6001,11.31,evaluation_budget_exhausted,0.3381,0.36,,,412.4,412.4,0
286,older_adult,glycemic_control,dice_genetic,0,1,0.3464,0.3464,0.0,0.0,0,0,0,6001,10.558,evaluation_budget_exhausted,0.3464,0.3454,,500,2.9,2.9,0
287,older_adult,balanced_nutrition,dice_genetic,0,1,0.317,0.317,0.0,0.0,0,0,0,6001,12.718,evaluation_budget_exhausted,0.317,0.3165,,,1127.0,1127.0,0
288,older_adult,balanced_nutrition,dice_genetic,0,1,0.4455,0.4455,0.0,0.0,0,0,0,6001,12.005,evaluation_budget_exhausted,0.4455,0.4096,,,323.1,323.1,0
289,older_adult,balanced_nutrition,dice_genetic,0,1,0.4795,0.4795,0.0,0.0,0,0,0,6001,10.154,evaluation_budget_exhausted,0.4795,0.4564,,,499.9,499.9,0
290,older_adult,glycemic_control,dice_genetic,0,0,0.0423,0.0423,0.0,0.0,0,0,1,6001,11.423,evaluation_budget_exhausted,0.4232,0.4573,flag.hypertension.sodium_mg,500,849.1,849.1,1
291,older_adult,weight_management,dice_genetic,0,1,0.368,0.368,0.0,0.0,0,0,0,6001,11.126,evaluation_budget_exhausted,0.368,0.3068,,,3392.3,3392.3,0
292,older_adult,weight_management,dice_genetic,0,1,0.3704,0.3704,0.0,0.0,0,0,0,6001,12.916,evaluation_budget_exhausted,0.3704,0.3988,,,631.9,631.9,0
293,older_adult,glycemic_control,dice_genetic,0,1,0.4866,0.4866,0.0,0.0,0,0,0,6001,11.417,evaluation_budget_exhausted,0.4866,0.4948,,,394.9,394.9,0
294,older_adult,weight_management,dice_genetic,0,1,0.1816,0.1816,0.0,0.0,0,0,0,6001,11.539,evaluation_budget_exhausted,0.1816,0.2018,,,21.3,21.3,0
295,older_adult,glycemic_control,dice_genetic,0,0,0.0001,0.0001,0.0,0.0,0,0,4,6001,10.783,evaluation_budget_exhausted,0.5566,0.5577,flag.dysphagia.texture,,61.4,61.4,0
296,older_adult,balanced_nutrition,dice_genetic,0,1,0.1193,0.1193,0.0,0.0,0,0,0,6001,10.264,evaluation_budget_exhausted,0.1193,0.1991,,500,148.6,148.6,0
297,older_adult,glycemic_control,dice_genetic,0,1,0.1149,0.1149,0.0,0.0,0,0,0,6001,12.527,evaluation_budget_exhausted,0.1149,0.1117,,500,105.4,105.4,0
298,older_adult,weight_management,dice_genetic,0,1,0.3334,0.3334,0.0,0.0,0,0,0,6001,10.908,evaluation_budget_exhausted,0.3334,0.3801,,500,245.7,245.7,0
299,older_adult,weight_management,dice_genetic,0,1,0.6387,0.6387,0.0,0.0,0,0,0,6001,12.007,evaluation_budget_exhausted,0.6387,0.6254,,,544.2,544.2,0
300,older_adult,weight_management,dice_genetic,0,0,0.0706,0.0706,0.0,0.0,0,0,1,6001,10.779,evaluation_budget_exhausted,0.7063,0.7233,flag.ace_inhibitor_or_k_sparing_diuretic.potassium_mg,,3379.0,3379.0,0
1,toddler,glycemic_control,greedy,0,1,0.0378,0.681,0.49,0.3136,4,1,0,581,0.275,,0.681,0.7124,,,39.5,123.2,0
2,toddler,weight_management,greedy,0,1,0.0332,0.684,0.9613,0.6362,3,1,0,449,0.145,,0.684,0.7211,,,4.7,52.4,0
3,toddler,glycemic_control,greedy,1,1,0.0267,0.7368,1.3161,0.7479,6,0,0,589,0.227,,0.7368,0.6985,,,335.9,252.6,0
4,toddler,glycemic_control,greedy,0,0,0.0043,0.0712,0.5814,0.3605,3,0,1,649,0.389,,0.7122,0.7116,toddler.choking.hard_raw_vegetable,,285.6,180.5,0
5,toddler,glycemic_control,greedy,1,1,0.2332,0.8625,0.748,0.5031,3,1,0,492,0.078,,0.8625,0.8204,,,78.5,77.4,0
6,toddler,weight_management,greedy,0,0,0.0625,0.0816,0.0886,0.0686,3,0,1,282,0.053,,0.8155,0.771,toddler.choking.hard_raw_vegetable,,418.1,391.7,0
7,toddler,balanced_nutrition,greedy,1,1,0.6095,0.8457,0.3319,0.271,2,0,0,270,0.115,,0.8457,0.7725,,,247.3,258.9,0
8,toddler,balanced_nutrition,greedy,1,1,0.6866,0.7135,0.1501,0.1039,2,0,0,381,0.2,,0.7135,0.7102,,,757.7,604.9,0
9,toddler,weight_management,greedy,1,1,0.3229,0.7101,0.9826,0.5887,5,0,0,770,0.122,,0.7101,0.7047,,,48.1,81.4,0
10,toddler,glycemic_control,greedy,1,1,0.0381,0.7414,0.54,0.3476,4,0,0,931,0.487,,0.7414,0.7396,,,1711.5,294.7,0
11,toddler,weight_management,greedy,0,0,0.0032,0.0074,0.5957,0.2991,4,0,2,1191,0.863,,0.74,0.7126,flag.strict_no_added_sugar.added_sugars_g;toddler.choking.nut,,95.5,76.3,0
12,toddler,weight_management,greedy,0,0,0.0066,0.0071,0.3189,0.175,5,1,2,485,0.094,,0.7133,0.7112,toddler.choking.hard_raw_vegetable;toddler.choking.seed,,1602.9,1172.6,0
13,toddler,weight_management,greedy,0,0,0.4788,0.0655,1.7003,1.115,3,0,1,561,0.189,,0.6554,0.7029,toddler.choking.seed,,2309.6,3.8,0
14,toddler,weight_management,greedy,0,1,0.4641,0.6851,0.2111,0.152,4,0,0,270,0.109,,0.6851,0.7404,,,387.9,289.9,0
15,toddler,weight_management,greedy,1,1,0.4222,0.701,0.4249,0.2561,3,0,0,555,0.076,,0.701,0.7152,,,668.4,422.0,0
16,toddler,weight_management,greedy,1,1,0.3632,0.7138,0.9489,0.5465,3,0,0,585,0.244,,0.7138,0.7072,,,51.6,98.9,0
17,toddler,weight_management,greedy,0,1,0.0029,0.6817,1.2357,0.5403,6,1,0,798,0.418,,0.6817,0.7222,,,28.5,188.7,0
18,toddler,weight_management,greedy,0,1,0.5224,0.6405,0.3565,0.1901,4,3,0,546,0.095,,0.6405,0.6511,,,2120.8,2303.0,0
19,toddler,weight_management,greedy,0,0,0.0041,0.0074,0.5705,0.3038,5,1,2,692,0.122,,0.7373,0.6925,toddler.choking.hard_raw_vegetable;toddler.choking.meat_chunk,,678.7,547.1,0
20,toddler,balanced_nutrition,greedy,1,1,0.0428,0.7411,0.9685,0.6232,4,0,0,513,0.075,,0.7411,0.7021,,,159.2,42.4,0
21,toddler,weight_management,greedy,0,0,0.6821,0.0716,0.152,0.1194,2,0,1,232,0.107,,0.7156,0.7537,flag.strict_no_added_sugar.added_sugars_g,,1228.4,1321.8,0
22,toddler,glycemic_control,greedy,1,1,0.517,0.7628,1.3192,1.2476,1,0,0,272,0.039,,0.7628,0.694,,,1.4,206.7,0
23,toddler,balanced_nutrition,greedy,0,1,0.495,0.6715,0.7756,0.3958,5,1,0,697,0.107,,0.6715,0.7132,,,959.0,774.8,0
24,toddler,balanced_nutrition,greedy,0,0,0.0542,0.0693,1.2643,0.7874,4,1,1,442,0.066,,0.6934,0.6958,toddler.choking.nut,,123.1,27.1,0
25,toddler,weight_management,greedy,0,1,0.5081,0.6815,0.9495,0.5795,4,0,0,538,0.086,,0.6815,0.6984,,,190.5,52.2,0
26,toddler,balanced_nutrition,greedy,0,0,0.036,0.007,0.9855,0.6334,3,2,2,424,0.064,,0.7018,0.7017,toddler.choking.hard_raw_vegetable;toddler.choking.seed,,47.2,105.4,0
27,toddler,balanced_nutrition,greedy,1,1,0.5872,0.7667,0.397,0.3778,1,0,0,234,0.034,,0.7667,0.7321,,,116.8,122.4,0
28,toddler,weight_management,greedy,0,1,0.0291,0.6885,1.9547,1.1749,6,3,0,1454,0.723,,0.6885,0.6992,,,21.4,50.2,0
29,toddler,weight_management,greedy,1,1,0.3552,0.758,0.705,0.4083,3,1,0,463,0.069,,0.758,0.7129,,,9.6,64.0,0
30,toddler,glycemic_control,greedy,1,1,0.0214,0.7398,0.8308,0.5383,4,0,0,541,0.211,,0.7398,0.7427,,,123.4,91.7,0
31,toddler,balanced_nutrition,greedy,1,1,0.3685,0.7292,0.6835,0.553,6,0,0,1143,0.577,,0.7292,0.6986,,,1080.7,340.5,0
32,toddler,balanced_nutrition,greedy,0,0,0.0392,0.0708,1.4741,0.8286,6,0,1,698,0.434,,0.7077,0.7127,flag.strict_no_added_sugar.added_sugars_g,,154.5,296.8,0
33,toddler,weight_management,greedy,0,0,0.0507,0.0718,1.0849,0.592,4,0,1,673,0.274,,0.7176,0.7108,flag.strict_no_added_sugar.added_sugars_g,,97.2,29.0,0
34,toddler,balanced_nutrition,greedy,0,1,0.5493,0.6621,0.3912,0.2937,3,1,0,447,0.146,,0.6621,0.6971,,,491.7,221.8,0
35,toddler,glycemic_control,greedy,1,1,0.2903,0.7166,1.0714,0.6609,6,2,0,898,0.155,,0.7166,0.7009,,,312.0,280.0,0
36,toddler,glycemic_control,greedy,1,1,0.0054,0.7649,0.3912,0.2808,3,0,0,371,0.05,,0.7649,0.698,,,63.7,43.0,0
37,toddler,glycemic_control,greedy,1,1,0.6732,0.7867,0.1676,0.09,4,0,0,324,0.196,,0.7867,0.7574,,,166.8,174.8,0
38,toddler,balanced_nutrition,greedy,0,1,0.4899,0.6739,0.4409,0.2977,5,1,0,467,0.307,,0.6739,0.701,,,1228.1,1136.2,0
39,toddler,balanced_nutrition,greedy,1,1,0.6844,0.7498,0.25,0.159,3,0,0,279,0.046,,0.7498,0.704,,,65.7,45.7,0
40,toddler,weight_management,greedy,0,1,0.3189,0.6883,2.7045,1.5567,4,2,0,451,0.056,,0.6883,0.6933,,,5.4,173.5,0
41,toddler,glycemic_control,greedy,0,0,0.0668,0.0745,0.0048,0.0022,0,0,1,139,0.025,,0.7447,0.7285,toddler.choking.hard_raw_vegetable,,594.6,285.2,0
42,toddler,glycemic_control,greedy,0,1,0.0564,0.6613,0.5266,0.4533,3,1,0,260,0.087,,0.6613,0.6896,,,741.0,638.0,0
43,toddler,balanced_nutrition,greedy,1,1,0.403,0.7603,0.5649,0.4169,2,1,0,506,0.273,,0.7603,0.6985,,,92.9,69.0,0
44,toddler,glycemic_control,greedy,0,1,0.5421,0.6977,0.4471,0.3213,2,1,0,382,0.192,,0.6977,0.6841,,,240.0,79.2,0
45,toddler,glycemic_control,greedy,1,1,0.0029,0.7465,1.2479,0.7134,6,1,0,565,0.223,,0.7465,0.7118,,,68.9,6.0,0
46,toddler,weight_management,greedy,0,0,0.0207,0.0734,0.8283,0.434,4,1,1,932,0.576,,0.7339,0.6985,flag.strict_no_added_sugar.added_sugars_g,,792.7,886.4,0
47,toddler,balanced_nutrition,greedy,1,1,0.0532,0.7976,1.379,0.6462,7,1,0,391,0.121,,0.7976,0.7174,,,15.2,152.0,0
48,toddler,glycemic_control,greedy,0,1,0.6339,0.6852,0.1389,0.0988,3,0,0,250,0.032,,0.6852,0.6988,,,2071.5,2510.5,0
49,toddler,weight_management,greedy,0,0,0.2615,0.0709,0.6541,0.3887,3,1,1,487,0.228,,0.7092,0.7164,toddler.choking.seed,,1202.4,1555.0,0
50,toddler,weight_management,greedy,1,1,0.6832,0.767,0.029,0.0277,1,0,0,234,0.112,,0.767,0.7353,,,465.5,168.5,0
51,toddler,weight_management,greedy,0,0,0.0466,0.077,0.5049,0.2665,4,0,1,752,0.13,,0.7695,0.691,toddler.choking.nut,,342.3,208.9,0
52,toddler,glycemic_control,greedy,1,1,0.7143,0.7833,0.0631,0.0533,2,0,0,288,0.049,,0.7833,0.7156,,,308.9,313.6,0
53,toddler,glycemic_control,greedy,1,1,0.0608,0.7519,0.7292,0.5668,5,1,0,262,0.077,,0.7519,0.7465,,,42.2,44.8,0
54,toddler,glycemic_control,greedy,1,1,0.0525,0.8015,1.3555,0.8073,5,0,0,423,0.067,,0.8015,0.7642,,,79.5,28.7,0
55,toddler,glycemic_control,greedy,1,1,0.5459,0.7502,0.3317,0.2991,2,0,0,386,0.06,,0.7502,0.7195,,,828.3,339.8,0
56,toddler,glycemic_control,greedy,0,0,0.0373,0.0753,0.3753,0.2282,3,1,1,381,0.062,,0.753,0.6971,toddler.choking.seed,,9.2,17.5,0
57,toddler,weight_management,greedy,0,0,0.5179,0.0683,1.0977,0.5879,7,0,1,272,0.038,,0.6832,0.7067,toddler.choking.seed,,65.6,13.2,0
58,toddler,glycemic_control,greedy,1,1,0.0314,0.8452,0.4584,0.2829,5,1,0,453,0.239,,0.8452,0.8083,,,135.9,144.2,0
59,toddler,balanced_nutrition,greedy,0,0,0.045,0.0755,1.4162,0.8437,5,0,1,726,0.37,,0.7547,0.7149,flag.strict_no_added_sugar.added_sugars_g,,171.6,258.0,0
60,toddler,weight_management,greedy,1,1,0.0384,0.7013,3.0,1.8057,4,0,0,472,0.15,,0.7013,0.7033,,,44.0,255.2,0
61,toddler,balanced_nutrition,greedy,0,0,0.0301,0.0709,2.1053,1.1686,7,2,1,460,0.229,,0.7094,0.7007,flag.strict_no_added_sugar.added_sugars_g,,42.4,225.0,0
62,toddler,balanced_nutrition,greedy,0,1,0.3789,0.6977,1.784,1.0573,5,0,0,533,0.089,,0.6977,0.7538,,,18.2,330.0,0
63,toddler,glycemic_control,greedy,0,0,0.4358,0.0584,0.5725,0.4113,2,1,1,714,0.128,,0.5837,0.6142,toddler.choking.nut,,612.7,135.0,0
64,toddler,weight_management,greedy,0,0,0.0363,0.0679,1.1548,0.5766,4,2,1,553,0.218,,0.6791,0.7003,flag.strict_no_added_sugar.added_sugars_g,,198.9,118.9,0
65,toddler,balanced_nutrition,greedy,0,0,0.0201,0.0705,1.6175,0.7456,5,2,1,1211,0.511,,0.7055,0.6962,flag.strict_no_added_sugar.added_sugars_g,,29.7,87.2,0
66,toddler,weight_management,greedy,1,1,0.4486,0.8057,0.174,0.1208,2,0,0,420,0.066,,0.8057,0.7227,,,525.4,181.7,0
67,toddler,weight_management,greedy,1,1,0.7544,0.7456,0.0246,0.0149,1,0,0,136,0.021,,0.7456,0.7172,,,129.0,128.5,0
68,toddler,glycemic_control,greedy,0,0,0.4264,0.0675,0.3235,0.1998,4,1,1,400,0.071,,0.675,0.7022,toddler.choking.nut,,432.5,61.0,0
69,toddler,balanced_nutrition,greedy,0,0,0.0539,0.0754,0.2263,0.1784,3,0,1,383,0.061,,0.754,0.7078,toddler.choking.hard_raw_vegetable,,515.1,332.9,0
70,toddler,weight_management,greedy,0,0,0.4315,0.0704,1.6861,0.9792,4,0,1,513,0.218,,0.7039,0.7091,flag.strict_no_added_sugar.added_sugars_g,,251.2,167.9,0
71,toddler,weight_management,greedy,1,1,0.5855,0.7267,0.3087,0.2509,2,0,0,588,0.079,,0.7267,0.6992,,,1643.7,939.5,0
72,toddler,balanced_nutrition,greedy,0,0,0.0628,0.0782,0.1766,0.0969,6,0,1,469,0.085,,0.7816,0.7125,toddler.choking.nut,,330.4,334.4,0
73,toddler,glycemic_control,greedy,0,0,0.0428,0.0742,2.5905,1.727,5,1,1,274,0.076,,0.7422,0.7223,toddler.choking.nut,,54.9,78.2,0
74,toddler,weight_management,greedy,0,1,0.4873,0.6913,0.2104,0.1322,3,2,0,529,0.297,,0.6913,0.6997,,,1427.0,1229.5,0
75,toddler,balanced_nutrition,greedy,0,1,0.6001,0.6721,0.1754,0.1346,2,1,0,256,0.04,,0.6721,0.7471,,,14.1,9.7,0
76,toddler,balanced_nutrition,greedy,0,0,0.0043,0.0082,0.3279,0.175,6,2,2,454,0.242,,0.8196,0.7652,flag.strict_no_added_sugar.added_sugars_g;toddler.choking.hard_raw_vegetable,,323.6,84.7,0
77,toddler,weight_management,greedy,0,0,0.0336,0.0668,0.1869,0.1627,1,0,1,280,0.148,,0.6683,0.7159,toddler.choking.hard_raw_vegetable,,448.3,310.5,0
78,toddler,balanced_nutrition,greedy,0,0,0.0047,0.007,0.9195,0.5637,5,2,2,760,0.404,,0.6991,0.7065,toddler.choking.nut;toddler.choking.seed,,355.7,108.0,0
79,toddler,glycemic_control,greedy,0,0,0.0538,0.0772,0.2486,0.2384,1,0,1,258,0.112,,0.7716,0.7576,flag.strict_no_added_sugar.added_sugars_g,,687.5,632.7,0
80,toddler,glycemic_control,greedy,0,1,0.4708,0.6164,0.7355,0.5482,4,1,0,463,0.072,,0.6164,0.6988,,,73.9,66.5,0
81,toddler,glycemic_control,greedy,1,1,0.0585,0.791,0.9552,0.7565,3,0,0,270,0.04,,0.791,0.7681,,,277.8,268.9,0
82,toddler,glycemic_control,greedy,1,1,0.6232,0.75,0.2844,0.1869,3,1,0,434,0.238,,0.75,0.7389,,,448.3,242.6,0
83,toddler,glycemic_control,greedy,1,1,0.4773,0.7583,1.2214,1.096,2,0,0,248,0.085,,0.7583,0.712,,,43.7,45.1,0
84,toddler,glycemic_control,greedy,1,1,0.4621,0.7891,0.9678,0.819,2,1,0,246,0.099,,0.7891,0.7484,,,322.9,311.5,0
85,toddler,glycemic_control,greedy,1,1,0.0432,0.7009,1.7967,0.8538,6,2,0,647,0.098,,0.7009,0.7063,,,412.4,599.5,0
86,toddler,weight_management,greedy,0,1,0.4281,0.6886,0.3467,0.3058,2,1,0,224,0.081,,0.6886,0.7364,,,2.9,37.6,0
87,toddler,weight_management,greedy,1,1,0.052,0.7272,0.123,0.0955,3,0,0,460,0.347,,0.7272,0.7016,,,1127.0,220.4,0
88,toddler,balanced_nutrition,greedy,1,1,0.6852,0.8526,0.1368,0.1082,2,0,0,294,0.044,,0.8526,0.8107,,,323.1,325.4,0
89,toddler,glycemic_control,greedy,1,1,0.6293,0.7762,0.1313,0.1263,1,1,0,214,0.027,,0.7762,0.776,,,499.9,307.4,0
90,toddler,glycemic_control,greedy,0,0,0.0447,0.0779,0.2335,0.1516,3,0,1,270,0.112,,0.7795,0.7651,toddler.choking.hard_raw_vegetable,,849.1,317.4,0
91,toddler,weight_management,greedy,0,0,0.0471,0.068,0.7734,0.7147,2,0,1,736,0.307,,0.6802,0.7026,toddler.choking.hard_raw_vegetable,,3392.3,251.7,0
92,toddler,balanced_nutrition,greedy,0,0,0.0004,0.0007,0.2676,0.165,4,0,3,326,0.12,,0.7179,0.6986,toddler.choking.hard_raw_vegetable,,631.9,533.6,0
93,toddler,balanced_nutrition,greedy,0,0,0.0417,0.0761,0.3239,0.2174,3,1,1,536,0.247,,0.7613,0.7474,toddler.choking.meat_chunk,,394.9,416.8,0
94,toddler,balanced_nutrition,greedy,1,1,0.398,0.7068,0.3776,0.2165,4,0,0,524,0.09,,0.7068,0.7076,,,21.3,201.1,0
95,toddler,glycemic_control,greedy,1,1,0.69,0.727,0.1546,0.1527,1,0,0,225,0.03,,0.727,0.7117,,,61.4,43.5,0
96,toddler,weight_management,greedy,1,1,0.4329,0.7168,0.1912,0.1893,1,1,0,212,0.029,,0.7168,0.6956,,,148.6,154.4,0
97,toddler,weight_management,greedy,0,0,0.0027,0.0715,0.7657,0.5214,5,1,1,1089,0.199,,0.7154,0.7015,toddler.choking.nut,,105.4,46.4,0
98,toddler,balanced_nutrition,greedy,0,0,0.0496,0.0696,1.6103,1.128,3,0,1,367,0.058,,0.696,0.7056,toddler.choking.nut,,245.7,205.4,0
99,toddler,balanced_nutrition,greedy,0,0,0.0006,0.0007,0.1194,0.1146,1,0,3,287,0.187,,0.7238,0.7157,flag.strict_no_added_sugar.added_sugars_g;toddler.choking.hard_raw_vegetable,,544.2,284.2,0
100,toddler,balanced_nutrition,greedy,1,1,0.5785,0.7216,0.2378,0.1399,4,0,0,486,0.245,,0.7216,0.7001,,,3379.0,1312.0,0
101,adult,glycemic_control,greedy,0,1,0.2883,0.6112,0.7788,0.3849,6,2,0,922,0.135,,0.6112,0.6822,,,39.5,287.6,0
102,adult,balanced_nutrition,greedy,0,1,0.1794,0.6715,0.9387,0.5345,4,2,0,552,0.227,,0.6715,0.6576,,500.0,4.7,151.3,0
103,adult,weight_management,greedy,1,1,0.4468,0.7373,1.5203,0.7664,8,1,0,875,0.132,,0.7373,0.6939,,,335.9,488.7,0
104,adult,weight_management,greedy,1,1,0.4045,0.7455,0.4012,0.2695,2,1,0,648,0.109,,0.7455,0.7037,,,285.6,144.8,0
105,adult,glycemic_control,greedy,0,1,0.1901,0.6864,1.2358,0.7008,4,1,0,615,0.083,,0.6864,0.7009,,,78.5,220.7,0
106,adult,weight_management,greedy,1,1,0.6663,0.8658,0.0886,0.0686,3,0,0,282,0.041,,0.8658,0.8001,,,418.1,391.7,0
107,adult,balanced_nutrition,greedy,1,1,0.5235,0.7537,0.3745,0.3132,2,0,0,270,0.038,,0.7537,0.7163,,,247.3,261.3,0
108,adult,balanced_nutrition,greedy,0,0,0.0804,0.0792,0.0291,0.0248,1,0,1,122,0.062,,0.7916,0.7152,flag.hypertension.sodium_mg,500.0,757.7,754.8,1
109,adult,weight_management,greedy,1,1,0.2661,0.751,1.4174,0.7319,6,1,0,641,0.096,,0.751,0.7248,,,48.1,114.5,0
110,adult,weight_management,greedy,0,1,0.2605,0.6736,0.4523,0.294,4,0,0,662,0.113,,0.6736,0.7009,,,1711.5,2369.6,0
111,adult,weight_management,greedy,1,1,0.1407,0.7484,0.6656,0.3366,4,1,0,899,0.217,,0.7484,0.736,,,95.5,52.1,0
112,adult,balanced_nutrition,greedy,1,1,0.4006,0.7337,0.5423,0.4192,4,0,0,1547,0.284,,0.7337,0.7118,,,1602.9,650.2,0
113,adult,weight_management,greedy,0,1,0.6033,0.6037,0.0196,0.0127,0,0,0,114,0.014,,0.6037,0.5923,,,2309.6,1837.5,0
114,adult,balanced_nutrition,greedy,1,1,0.3386,0.7471,0.4568,0.2055,6,1,0,799,0.389,,0.7471,0.706,,500.0,387.9,303.5,0
115,adult,balanced_nutrition,greedy,1,1,0.3628,0.7762,0.4796,0.3634,2,1,0,332,0.047,,0.7762,0.6892,,,668.4,425.7,0
116,adult,weight_management,greedy,1,1,0.2975,0.7235,1.5872,0.8393,4,2,0,699,0.29,,0.7235,0.689,,500.0,51.6,97.2,0
117,adult,weight_management,greedy,0,1,0.2629,0.6791,0.9701,0.5793,4,1,0,533,0.081,,0.6791,0.7057,,,28.5,37.4,0
118,adult,weight_management,greedy,1,1,0.452,0.761,0.6514,0.4631,3,0,0,554,0.074,,0.761,0.7203,,,2120.8,416.9,0
119,adult,weight_management,greedy,1,1,0.3669,0.7122,0.4673,0.2123,5,1,0,833,0.13,,0.7122,0.7028,,,678.7,820.9,0
120,adult,balanced_nutrition,greedy,0,1,0.3293,0.6285,0.5348,0.4652,2,1,0,258,0.036,,0.6285,0.704,,,159.2,168.8,0
121,adult,weight_management,greedy,1,1,0.6579,0.706,0.152,0.1194,2,1,0,244,0.039,,0.706,0.7318,,,1228.4,1229.3,0
122,adult,weight_management,greedy,1,1,0.4728,0.7613,2.8155,2.7435,1,0,0,407,0.055,,0.7613,0.7118,,,1.4,338.4,0
123,adult,weight_management,greedy,0,1,0.5911,0.642,0.1084,0.0683,3,0,0,270,0.041,,0.642,0.6486,,,959.0,707.4,0
124,adult,weight_management,greedy,1,1,0.4899,0.7072,1.0556,0.611,4,1,0,588,0.086,,0.7072,0.7172,,,123.1,48.1,0
125,adult,balanced_nutrition,greedy,0,1,0.3081,0.629,0.8063,0.5333,4,1,0,666,0.343,,0.629,0.593,,500.0,190.5,97.7,0
126,adult,balanced_nutrition,greedy,1,1,0.1973,0.7566,1.5644,1.03,3,0,0,319,0.092,,0.7566,0.7011,,500.0,47.2,341.1,0
127,adult,balanced_nutrition,greedy,1,1,0.4346,0.7928,0.8299,0.575,2,0,0,349,0.049,,0.7928,0.7668,,,116.8,139.2,0
128,adult,balanced_nutrition,greedy,1,1,0.2789,0.72,1.6921,0.8859,5,2,0,584,0.08,,0.72,0.7012,,,21.4,66.1,0
129,adult,glycemic_control,greedy,0,1,0.1859,0.6795,0.8966,0.431,5,1,0,695,0.099,,0.6795,0.6986,,,9.6,497.1,0
130,adult,glycemic_control,greedy,1,1,0.1566,0.7306,0.828,0.538,4,0,0,407,0.055,,0.7306,0.7114,,,123.4,64.2,0
131,adult,balanced_nutrition,greedy,0,0,0.0198,0.0563,0.3956,0.182,9,0,1,1138,0.626,,0.5632,0.6001,flag.hypertension.sodium_mg,500.0,1080.7,710.3,1
132,adult,glycemic_control,greedy,1,1,0.3411,0.7412,1.5608,0.873,6,1,0,565,0.133,,0.7412,0.7096,,,154.5,207.7,0
133,adult,glycemic_control,greedy,0,1,0.24,0.684,1.3396,0.7084,4,0,0,541,0.074,,0.684,0.7022,,,97.2,45.1,0
134,adult,balanced_nutrition,greedy,1,1,0.7163,0.7434,0.4524,0.4257,2,0,0,470,0.061,,0.7434,0.7011,,,491.7,506.0,0
135,adult,glycemic_control,greedy,1,1,0.2495,0.7144,0.494,0.2121,7,1,0,1353,0.22,,0.7144,0.7012,,,312.0,190.9,0
136,adult,balanced_nutrition,greedy,0,1,0.3638,0.6652,1.3683,0.8396,5,0,0,614,0.086,,0.6652,0.7049,,,63.7,36.0,0
137,adult,glycemic_control,greedy,1,1,0.5957,0.7622,0.1676,0.09,4,0,0,324,0.055,,0.7622,0.751,,,166.8,174.8,0
138,adult,weight_management,greedy,0,0,0.067,0.0893,0.1828,0.1216,4,0,1,312,0.192,,0.8928,0.782,flag.hypertension.sodium_mg,500.0,1228.1,1154.4,1
139,adult,balanced_nutrition,greedy,1,1,0.5201,0.7802,0.2535,0.1606,3,0,0,279,0.046,,0.7802,0.7316,,,65.7,73.5,0
140,adult,glycemic_control,greedy,1,1,0.1846,0.7033,4.6364,2.481,5,1,0,785,0.097,,0.7033,0.7007,,,5.4,48.1,0
141,adult,balanced_nutrition,greedy,1,1,0.0406,0.7617,0.2692,0.1881,2,0,0,413,0.25,,0.7617,0.7245,,500.0,594.6,290.8,1
142,adult,balanced_nutrition,greedy,1,1,0.4248,0.7812,0.919,0.5904,5,1,0,646,0.089,,0.7812,0.7031,,,741.0,570.2,0
143,adult,balanced_nutrition,greedy,1,1,0.3046,0.7131,0.641,0.3675,3,2,0,503,0.08,,0.7131,0.7003,,,92.9,352.9,0
144,adult,weight_management,greedy,1,1,0.448,0.7865,0.3034,0.2874,1,1,0,256,0.117,,0.7865,0.7261,,500.0,240.0,81.4,0
145,adult,glycemic_control,greedy,1,1,0.2387,0.7157,1.4292,0.9438,5,0,0,704,0.1,,0.7157,0.7023,,,68.9,2.8,0
146,adult,weight_management,greedy,1,1,0.005,0.749,0.8747,0.4267,5,0,0,1098,0.586,,0.749,0.6946,,500.0,792.7,434.0,1
147,adult,balanced_nutrition,greedy,0,1,0.415,0.6684,1.9712,1.1266,7,0,0,391,0.053,,0.6684,0.6219,,,15.2,13.4,0
148,adult,glycemic_control,greedy,0,0,0.0752,0.079,0.1389,0.0988,3,0,1,250,0.073,,0.7898,0.73,flag.hypertension.sodium_mg,500.0,2071.5,2510.5,1
149,adult,weight_management,greedy,0,1,0.4165,0.6783,0.4465,0.2622,3,0,0,614,0.086,,0.6783,0.7043,,,1202.4,375.9,0
150,adult,weight_management,greedy,1,1,0.7064,0.7242,0.0296,0.0284,1,0,0,233,0.102,,0.7242,0.7011,,500.0,465.5,467.3,0
151,adult,balanced_nutrition,greedy,1,1,0.4887,0.7413,0.5063,0.2945,3,1,0,604,0.094,,0.7413,0.7264,,,342.3,438.9,0
152,adult,glycemic_control,greedy,1,1,0.6099,0.7542,0.0864,0.0577,3,0,0,432,0.071,,0.7542,0.7094,,,308.9,313.2,0
153,adult,balanced_nutrition,greedy,1,1,0.5464,0.7205,1.3361,0.7055,7,2,0,648,0.087,,0.7205,0.7066,,,42.2,72.8,0
154,adult,glycemic_control,greedy,0,1,0.4253,0.6478,1.3555,0.7221,6,0,0,561,0.081,,0.6478,0.6639,,,79.5,165.6,0
155,adult,weight_management,greedy,1,1,0.4831,0.7453,0.2819,0.2495,2,1,0,246,0.04,,0.7453,0.7439,,,828.3,639.4,0
156,adult,balanced_nutrition,greedy,0,1,0.1185,0.6978,1.5733,0.9093,4,1,0,628,0.429,,0.6978,0.6861,,500.0,9.2,251.5,0
157,adult,weight_management,greedy,1,1,0.4662,0.7337,2.1292,0.9866,9,1,0,563,0.081,,0.7337,0.702,,,65.6,289.7,0
158,adult,glycemic_control,greedy,0,1,0.195,0.6485,1.6639,0.9353,6,1,0,754,0.129,,0.6485,0.6726,,,135.9,425.2,0
159,adult,weight_management,greedy,1,1,0.1926,0.8264,1.1657,0.5365,5,0,0,1017,0.508,,0.8264,0.7244,,500.0,171.6,484.8,0
160,adult,balanced_nutrition,greedy,0,1,0.4415,0.6093,3.0,1.8057,4,0,0,355,0.046,,0.6093,0.6174,,,44.0,117.7,0
161,adult,balanced_nutrition,greedy,1,1,0.1232,0.701,3.7193,1.6545,10,2,0,1068,0.432,,0.701,0.7085,,500.0,42.4,462.4,0
162,adult,balanced_nutrition,greedy,0,1,0.2896,0.6069,1.9813,1.0164,6,1,0,663,0.112,,0.6069,0.6508,,,18.2,921.9,0
163,adult,glycemic_control,greedy,1,1,0.5053,0.7405,0.1818,0.1238,2,0,0,1050,0.188,,0.7405,0.698,,,612.7,571.5,0
164,adult,balanced_nutrition,greedy,1,1,0.2053,0.7303,1.9167,1.0706,4,1,0,550,0.082,,0.7303,0.7097,,,198.9,351.1,0
165,adult,glycemic_control,greedy,1,1,0.2225,0.725,0.545,0.4102,2,0,0,338,0.048,,0.725,0.6966,,,29.7,55.6,0
166,adult,weight_management,greedy,1,1,0.4263,0.7562,0.1818,0.1225,2,1,0,560,0.089,,0.7562,0.7001,,,525.4,265.9,0
167,adult,weight_management,greedy,1,1,0.6361,0.7759,0.1344,0.1118,2,0,0,270,0.106,,0.7759,0.7353,,500.0,129.0,145.5,0
168,adult,weight_management,greedy,1,1,0.5549,0.7794,0.1481,0.0955,3,1,0,268,0.039,,0.7794,0.7064,,,432.5,63.6,0
169,adult,balanced_nutrition,greedy,1,1,0.5065,0.7447,0.2641,0.214,3,1,0,381,0.058,,0.7447,0.7084,,,515.1,590.4,0
170,adult,weight_management,greedy,1,1,0.4187,0.7741,0.7316,0.6359,2,1,0,258,0.036,,0.7741,0.7,,,251.2,218.9,0
171,adult,balanced_nutrition,greedy,0,1,0.3859,0.5835,0.4585,0.3929,2,1,0,586,0.077,,0.5835,0.6237,,,1643.7,2690.1,0
172,adult,weight_management,greedy,1,1,0.7357,0.7566,0.0566,0.0234,5,0,0,158,0.081,,0.7566,0.6988,,500.0,330.4,327.9,0
173,adult,glycemic_control,greedy,1,1,0.4973,0.79,3.9833,1.888,7,3,0,677,0.094,,0.79,0.7071,,,54.9,44.6,0
174,adult,balanced_nutrition,greedy,1,1,0.4568,0.705,0.2225,0.1405,3,0,0,398,0.064,,0.705,0.722,,,1427.0,1132.2,0
175,adult,glycemic_control,greedy,1,1,0.3902,0.7418,0.2067,0.167,2,0,0,258,0.036,,0.7418,0.694,,,14.1,6.5,0
176,adult,balanced_nutrition,greedy,0,1,0.5225,0.6859,0.6913,0.3675,6,1,0,603,0.097,,0.6859,0.6913,,,323.6,63.1,0
177,adult,glycemic_control,greedy,1,1,0.4633,0.7662,0.1869,0.1627,1,0,0,280,0.043,,0.7662,0.7653,,,448.3,310.5,0
178,adult,balanced_nutrition,greedy,1,1,0.2832,0.7444,0.7611,0.5504,3,0,0,383,0.06,,0.7444,0.6951,,,355.7,91.8,0
179,adult,glycemic_control,greedy,1,1,0.5047,0.7309,0.2486,0.2384,1,0,0,258,0.039,,0.7309,0.7093,,,687.5,632.7,0
180,adult,balanced_nutrition,greedy,1,1,0.3163,0.7773,0.7421,0.5479,5,2,0,694,0.322,,0.7773,0.7198,,500.0,73.9,159.7,0
181,adult,glycemic_control,greedy,1,1,0.4838,0.7508,0.994,0.5823,4,1,0,403,0.059,,0.7508,0.7014,,,277.8,293.7,0
182,adult,glycemic_control,greedy,1,1,0.5142,0.7332,0.5754,0.3542,4,0,0,575,0.401,,0.7332,0.7013,,500.0,448.3,495.7,0
183,adult,weight_management,greedy,1,1,0.4746,0.718,4.1734,2.5662,4,1,0,491,0.068,,0.718,0.6976,,,43.7,101.1,0
184,adult,glycemic_control,greedy,0,1,0.4829,0.6834,1.7085,0.9743,4,2,0,489,0.07,,0.6834,0.7083,,,322.9,136.6,0
185,adult,weight_management,greedy,1,1,0.4716,0.7586,1.0833,0.5987,4,0,0,520,0.067,,0.7586,0.7036,,,412.4,714.2,0
186,adult,weight_management,greedy,0,1,0.4121,0.6823,0.7103,0.4241,4,0,0,443,0.178,,0.6823,0.7011,,500.0,2.9,194.4,0
187,adult,glycemic_control,greedy,1,1,0.5464,0.7366,0.0917,0.0654,3,0,0,613,0.118,,0.7366,0.6995,,,1127.0,220.4,0
188,adult,weight_management,greedy,1,1,0.6262,0.7971,0.1368,0.1082,2,0,0,294,0.044,,0.7971,0.7991,,,323.1,325.4,0
189,adult,glycemic_control,greedy,1,1,0.5936,0.7168,0.3081,0.3031,1,0,0,214,0.026,,0.7168,0.7007,,,499.9,309.3,0
190,adult,glycemic_control,greedy,1,1,0.3913,0.7059,0.567,0.3704,4,1,0,404,0.057,,0.7059,0.7082,,,849.1,468.3,0
191,adult,balanced_nutrition,greedy,0,1,0.3504,0.6668,0.9706,0.7768,5,1,0,980,0.136,,0.6668,0.7054,,,3392.3,77.2,0
192,adult,balanced_nutrition,greedy,0,1,0.2871,0.686,0.3692,0.2605,4,1,0,326,0.054,,0.686,0.7004,,,631.9,518.0,0
193,adult,weight_management,greedy,0,1,0.4355,0.6912,0.4038,0.2316,3,0,0,537,0.078,,0.6912,0.7023,,,394.9,456.0,0
194,adult,balanced_nutrition,greedy,1,1,0.3111,0.7686,0.6253,0.3021,6,1,0,1113,0.197,,0.7686,0.7002,,,21.3,90.3,0
195,adult,glycemic_control,greedy,1,1,0.6301,0.76,0.1561,0.1525,1,0,0,236,0.031,,0.76,0.7123,,,61.4,429.2,0
196,adult,glycemic_control,greedy,1,1,0.5041,0.7145,0.3489,0.2795,2,1,0,421,0.158,,0.7145,0.7036,,500.0,148.6,337.3,0
197,adult,weight_management,greedy,1,1,0.0754,0.7462,0.7657,0.3918,6,1,0,1090,0.637,,0.7462,0.7094,,500.0,105.4,93.4,0
198,adult,balanced_nutrition,greedy,0,1,0.3682,0.6505,2.2138,1.4686,3,1,0,367,0.154,,0.6505,0.7007,,500.0,245.7,228.1,0
199,adult,balanced_nutrition,greedy,0,1,0.5675,0.6987,0.3805,0.1997,4,0,0,852,0.155,,0.6987,0.7021,,,544.2,330.5,0
200,adult,weight_management,greedy,1,1,0.7426,0.7427,0.0082,0.0075,1,0,0,123,0.021,,0.7427,0.7429,,,3379.0,1673.2,0
201,older_adult,glycemic_control,greedy,0,0,0.0,0.0001,0.7121,0.3969,5,2,4,582,0.1,,0.6186,0.6541,flag.dysphagia.texture,,39.5,119.7,0
202,older_adult,balanced_nutrition,greedy,1,1,0.1571,0.778,1.1274,0.5274,6,1,0,879,0.38,,0.778,0.6832,,500.0,4.7,490.7,0
203,older_adult,balanced_nutrition,greedy,0,0,0.0,0.0,2.124,1.0886,7,1,7,583,0.282,,0.7558,0.7006,flag.ace_inhibitor_or_k_sparing_diuretic.potassium_mg;flag.dysphagia.texture,,335.9,685.9,0
204,older_adult,balanced_nutrition,greedy,1,1,0.1591,0.7992,0.7118,0.434,3,1,0,647,0.396,,0.7992,0.7116,,500.0,285.6,478.1,0
205,older_adult,weight_management,greedy,1,1,0.3426,0.7052,0.8699,0.5047,4,1,0,613,0.14,,0.7052,0.6943,,,78.5,320.9,0
206,older_adult,glycemic_control,greedy,1,1,0.6694,0.8632,0.0886,0.0686,3,0,0,270,0.04,,0.8632,0.8405,,,418.1,391.7,0
207,older_adult,glycemic_control,greedy,1,1,0.5066,0.7461,0.6043,0.5335,2,0,0,270,0.04,,0.7461,0.7195,,,247.3,485.8,0
208,older_adult,glycemic_control,greedy,0,0,0.0081,0.0809,0.0291,0.0248,1,0,1,128,0.064,,0.809,0.7925,flag.hypertension.sodium_mg,500.0,757.7,754.8,1
209,older_adult,glycemic_control,greedy,1,1,0.1882,0.7044,1.2765,0.6184,6,3,0,728,0.117,,0.7044,0.7001,,,48.1,371.7,0
210,older_adult,balanced_nutrition,greedy,0,0,0.0334,0.0807,0.4306,0.292,4,0,1,529,0.301,,0.8073,0.7053,flag.hypertension.sodium_mg,500.0,1711.5,2310.2,1
211,older_adult,weight_management,greedy,0,1,0.1571,0.5091,0.9989,0.4468,6,2,0,1465,0.277,,0.5091,0.5184,,,95.5,160.6,0
212,older_adult,weight_management,greedy,1,1,0.4974,0.7019,0.5462,0.3238,6,0,0,811,0.15,,0.7019,0.7057,,,1602.9,834.3,0
213,older_adult,glycemic_control,greedy,0,1,0.5338,0.6602,0.9533,0.5734,3,2,0,448,0.057,,0.6602,0.7078,,,2309.6,1537.0,0
214,older_adult,weight_management,greedy,0,1,0.4628,0.655,0.2111,0.152,4,1,0,270,0.108,,0.655,0.7086,,500.0,387.9,267.5,0
215,older_adult,weight_management,greedy,1,1,0.4318,0.7041,0.8437,0.4664,4,0,0,553,0.076,,0.7041,0.7006,,,668.4,458.3,0
216,older_adult,balanced_nutrition,greedy,0,1,0.1119,0.6942,1.3149,0.6165,5,1,0,1035,0.507,,0.6942,0.7044,,500.0,51.6,277.9,0
217,older_adult,balanced_nutrition,greedy,0,0,0.0201,0.0778,0.9888,0.5741,4,0,1,657,0.119,,0.7784,0.6967,flag.metformin.excluded_food,,28.5,306.9,0
218,older_adult,balanced_nutrition,greedy,0,0,0.0004,0.0,0.8067,0.4746,5,2,6,658,0.314,,0.5092,0.5853,flag.dysphagia.texture;flag.hypertension.sodium_mg,500.0,2120.8,1025.1,1
219,older_adult,glycemic_control,greedy,0,0,0.0543,0.0656,0.302,0.1592,4,0,1,825,0.493,,0.6563,0.6916,flag.hypertension.sodium_mg,500.0,678.7,617.5,1
220,older_adult,glycemic_control,greedy,1,1,0.4374,0.7315,0.3031,0.2353,2,0,0,258,0.037,,0.7315,0.7234,,,159.2,163.8,0
221,older_adult,weight_management,greedy,1,1,0.6824,0.7037,0.152,0.1194,2,0,0,244,0.037,,0.7037,0.7214,,,1228.4,1227.5,0
222,older_adult,weight_management,greedy,0,1,0.0391,0.6832,2.8155,1.9481,2,1,0,406,0.058,,0.6832,0.7033,,,1.4,107.9,0
223,older_adult,balanced_nutrition,greedy,0,1,0.4625,0.621,0.6756,0.3513,6,2,0,695,0.174,,0.621,0.6059,,,959.0,689.3,0
224,older_adult,balanced_nutrition,greedy,1,1,0.2881,0.7434,1.751,1.0934,4,1,0,588,0.084,,0.7434,0.6928,,,123.1,332.0,0
225,older_adult,balanced_nutrition,greedy,0,0,0.2608,0.0714,1.3108,0.8005,4,0,1,533,0.26,,0.7142,0.6763,flag.hypertension.sodium_mg,500.0,190.5,938.8,0
226,older_adult,balanced_nutrition,greedy,1,1,0.0924,0.7678,2.6498,1.2056,6,3,0,1037,0.456,,0.7678,0.7031,,500.0,47.2,262.6,0
227,older_adult,balanced_nutrition,greedy,0,1,0.392,0.694,1.6261,1.0283,3,1,0,466,0.066,,0.694,0.7092,,,116.8,229.7,0
228,older_adult,weight_management,greedy,0,1,0.3196,0.6696,1.0796,0.5737,5,2,0,737,0.105,,0.6696,0.6907,,,21.4,164.2,0
229,older_adult,glycemic_control,greedy,1,1,0.1808,0.7257,0.9349,0.4411,5,2,0,919,0.156,,0.7257,0.6961,,,9.6,403.0,0
230,older_adult,balanced_nutrition,greedy,0,0,0.1669,0.0811,1.5077,0.7332,6,3,1,797,0.419,,0.8114,0.6925,flag.warfarin.vitamin_k_ug,500.0,123.4,231.5,0
231,older_adult,balanced_nutrition,greedy,0,0,0.0182,0.071,0.6832,0.5249,6,1,1,1138,0.612,,0.7104,0.7416,flag.hypertension.sodium_mg,500.0,1080.7,1097.5,1
232,older_adult,weight_management,greedy,1,1,0.3053,0.7671,1.8953,1.0151,6,0,0,561,0.287,,0.7671,0.6943,,500.0,154.5,119.8,0
233,older_adult,balanced_nutrition,greedy,1,1,0.3009,0.7079,1.3362,0.7051,4,0,0,536,0.237,,0.7079,0.7015,,,97.2,477.7,0
234,older_adult,balanced_nutrition,greedy,0,1,0.5195,0.6576,0.6224,0.308,6,1,0,815,0.328,,0.6576,0.7049,,,491.7,528.5,0
235,older_adult,weight_management,greedy,0,1,0.1805,0.6822,0.6941,0.3337,6,3,0,1336,0.246,,0.6822,0.7,,,312.0,326.4,0
236,older_adult,balanced_nutrition,greedy,1,1,0.305,0.7302,1.1245,0.6531,5,0,0,854,0.133,,0.7302,0.7061,,,63.7,514.3,0
237,older_adult,glycemic_control,greedy,1,1,0.5812,0.7196,0.1676,0.09,4,0,0,324,0.057,,0.7196,0.7325,,,166.8,174.8,0
238,older_adult,glycemic_control,greedy,0,0,0.068,0.0848,0.1828,0.1216,4,0,1,312,0.183,,0.8477,0.8161,flag.hypertension.sodium_mg,500.0,1228.1,1154.4,1
239,older_adult,balanced_nutrition,greedy,1,1,0.4398,0.7125,0.2535,0.1606,3,0,0,279,0.137,,0.7125,0.6756,,500.0,65.7,73.5,0
240,older_adult,weight_management,greedy,0,1,0.3426,0.6634,4.7909,2.2179,5,1,0,892,0.129,,0.6634,0.7086,,,5.4,84.2,0
241,older_adult,balanced_nutrition,greedy,1,1,0.039,0.7782,0.2692,0.1878,2,2,0,412,0.257,,0.7782,0.6981,,500.0,594.6,296.5,1
242,older_adult,weight_management,greedy,1,1,0.5376,0.7114,0.8416,0.5876,4,2,0,388,0.148,,0.7114,0.6992,,,741.0,652.2,0
243,older_adult,weight_management,greedy,0,1,0.5088,0.6823,0.1933,0.1866,1,1,0,254,0.135,,0.6823,0.7005,,,92.9,97.5,0
244,older_adult,weight_management,greedy,1,1,0.3975,0.7792,0.754,0.4614,3,1,0,510,0.239,,0.7792,0.6893,,500.0,240.0,484.3,0
245,older_adult,balanced_nutrition,greedy,0,0,0.2618,0.057,1.0437,0.526,6,1,1,698,0.384,,0.57,0.6314,flag.ace_inhibitor_or_k_sparing_diuretic.potassium_mg,,68.9,177.7,0
246,older_adult,glycemic_control,greedy,0,0,0.0172,0.0791,0.8719,0.4234,6,0,1,1087,0.696,,0.7912,0.7042,flag.hypertension.sodium_mg,500.0,792.7,504.4,1
247,older_adult,glycemic_control,greedy,0,1,0.3513,0.6779,2.5635,1.4564,7,1,0,391,0.051,,0.6779,0.6965,,,15.2,99.0,0
248,older_adult,weight_management,greedy,0,0,0.0626,0.0751,0.3336,0.2433,3,1,1,373,0.11,,0.751,0.6958,flag.hypertension.sodium_mg,500.0,2071.5,1939.2,1
249,older_adult,weight_management,greedy,0,0,0.0389,0.0703,0.3396,0.2285,2,1,1,488,0.227,,0.7027,0.7032,flag.hypertension.sodium_mg,500.0,1202.4,1284.3,1
250,older_adult,balanced_nutrition,greedy,1,1,0.5808,0.7247,0.343,0.2913,2,0,0,351,0.137,,0.7247,0.7026,,500.0,465.5,455.3,0
251,older_adult,glycemic_control,greedy,0,1,0.4214,0.6699,0.4069,0.2468,3,0,0,601,0.098,,0.6699,0.6325,,,342.3,196.2,0
252,older_adult,balanced_nutrition,greedy,0,1,0.3461,0.5177,0.3258,0.167,5,1,0,853,0.153,,0.5177,0.5268,,,308.9,312.8,0
253,older_adult,glycemic_control,greedy,1,1,0.479,0.7002,0.9627,0.613,6,0,0,391,0.056,,0.7002,0.7056,,,42.2,62.3,0
254,older_adult,balanced_nutrition,greedy,1,1,0.3392,0.7856,0.9183,0.5745,4,0,0,421,0.062,,0.7856,0.682,,,79.5,205.4,0
255,older_adult,glycemic_control,greedy,0,0,0.0,0.0001,0.2819,0.2495,2,1,4,258,0.043,,0.7392,0.7662,flag.dysphagia.texture,,828.3,724.4,0
256,older_adult,glycemic_control,greedy,0,0,0.0,0.0,0.9828,0.649,4,2,5,759,0.424,,0.7014,0.7028,flag.dysphagia.texture,500.0,9.2,215.0,0
257,older_adult,weight_management,greedy,0,0,0.0,0.0001,1.7492,0.7891,9,1,4,563,0.089,,0.665,0.6965,flag.dysphagia.texture,,65.6,42.0,0
258,older_adult,balanced_nutrition,greedy,1,1,0.283,0.7538,1.3688,0.7427,7,1,0,747,0.125,,0.7538,0.706,,,135.9,570.2,0
259,older_adult,weight_management,greedy,0,0,0.2244,0.0683,1.8404,0.7842,8,2,1,1020,0.48,,0.6826,0.6803,flag.hypertension.sodium_mg,500.0,171.6,532.2,0
260,older_adult,glycemic_control,greedy,0,1,0.4811,0.6998,6.0,3.9224,4,0,0,355,0.049,,0.6998,0.7068,,,44.0,150.4,0
261,older_adult,balanced_nutrition,greedy,0,0,0.1046,0.0786,2.8175,1.4445,7,0,1,611,0.243,,0.7856,0.7214,flag.hypertension.sodium_mg,500.0,42.4,644.1,0
262,older_adult,weight_management,greedy,1,1,0.3325,0.7126,2.2587,1.1363,6,2,0,667,0.318,,0.7126,0.7066,,,18.2,124.8,0
263,older_adult,glycemic_control,greedy,0,0,0.0,0.0001,0.1818,0.1238,2,0,4,603,0.107,,0.7201,0.7055,flag.dysphagia.texture,,612.7,571.5,0
264,older_adult,glycemic_control,greedy,1,1,0.2637,0.7557,1.2738,0.8136,3,1,0,443,0.06,,0.7557,0.7265,,,198.9,226.4,0
265,older_adult,weight_management,greedy,0,1,0.2019,0.6926,1.5938,0.9153,5,1,0,895,0.286,,0.6926,0.6904,,,29.7,90.4,0
266,older_adult,balanced_nutrition,greedy,1,1,0.0558,0.7712,0.226,0.1519,2,1,0,556,0.337,,0.7712,0.7139,,500.0,525.4,274.0,1
267,older_adult,weight_management,greedy,1,1,0.6064,0.7395,0.1344,0.1118,2,0,0,270,0.112,,0.7395,0.7062,,500.0,129.0,145.5,0
268,older_adult,weight_management,greedy,0,1,0.4309,0.6666,0.3235,0.1998,4,1,0,532,0.271,,0.6666,0.7051,,500.0,432.5,65.1,0
269,older_adult,balanced_nutrition,greedy,0,0,0.0,0.0,0.3613,0.2463,3,0,5,382,0.064,,0.7886,0.7425,flag.dysphagia.texture,,515.1,602.2,0
270,older_adult,glycemic_control,greedy,1,1,0.3929,0.7,0.8582,0.762,2,1,0,258,0.036,,0.7,0.6904,,,251.2,223.5,0
271,older_adult,balanced_nutrition,greedy,0,1,0.3056,0.6382,0.7727,0.4191,5,0,0,1051,0.145,,0.6382,0.6961,,,1643.7,785.1,0
272,older_adult,weight_management,greedy,1,1,0.6353,0.7343,0.253,0.1485,7,0,0,470,0.264,,0.7343,0.7081,,500.0,330.4,325.4,0
273,older_adult,balanced_nutrition,greedy,1,1,0.3449,0.7163,6.7967,2.928,8,2,0,898,0.386,,0.7163,0.696,,500.0,54.9,112.2,0
274,older_adult,weight_management,greedy,0,1,0.4504,0.6484,0.3486,0.1739,5,0,0,636,0.311,,0.6484,0.7086,,,1427.0,1672.3,0
275,older_adult,balanced_nutrition,greedy,0,1,0.4781,0.683,0.3056,0.2625,2,0,0,256,0.042,,0.683,0.6629,,,14.1,35.4,0
276,older_adult,balanced_nutrition,greedy,0,0,0.3914,0.0739,0.6913,0.3675,6,0,1,603,0.33,,0.7394,0.6993,flag.ace_inhibitor_or_k_sparing_diuretic.potassium_mg,500.0,323.6,394.6,0
277,older_adult,weight_management,greedy,0,1,0.4938,0.6737,0.3503,0.2306,2,0,0,418,0.206,,0.6737,0.7015,,,448.3,330.0,0
278,older_adult,glycemic_control,greedy,0,0,0.0,0.0001,0.7611,0.5504,3,0,4,383,0.063,,0.759,0.7568,flag.dysphagia.texture,,355.7,90.3,0
279,older_adult,balanced_nutrition,greedy,1,1,0.3665,0.7018,1.043,0.73,2,0,0,385,0.056,,0.7018,0.686,,,687.5,619.5,0
280,older_adult,balanced_nutrition,greedy,0,1,0.2998,0.6862,0.758,0.5487,5,1,0,923,0.445,,0.6862,0.7067,,500.0,73.9,124.3,0
281,older_adult,weight_management,greedy,1,1,0.4432,0.7291,0.994,0.5823,4,1,0,536,0.081,,0.7291,0.7114,,,277.8,278.0,0
282,older_adult,weight_management,greedy,0,1,0.4944,0.6981,0.314,0.2242,3,0,0,576,0.333,,0.6981,0.7007,,500.0,448.3,476.4,0
283,older_adult,glycemic_control,greedy,0,1,0.436,0.6947,2.9114,2.0649,3,2,0,370,0.053,,0.6947,0.7001,,,43.7,248.9,0
284,older_adult,balanced_nutrition,greedy,1,1,0.2313,0.7903,1.5314,1.0574,3,0,0,367,0.053,,0.7903,0.7277,,,322.9,489.3,0
285,older_adult,balanced_nutrition,greedy,1,1,0.3381,0.7046,2.0467,0.8579,7,3,0,646,0.087,,0.7046,0.653,,,412.4,512.9,0
286,older_adult,glycemic_control,greedy,1,1,0.3464,0.7691,0.6497,0.4305,3,1,0,334,0.12,,0.7691,0.7098,,500.0,2.9,61.1,0
287,older_adult,balanced_nutrition,greedy,0,1,0.317,0.4977,0.1055,0.0782,3,0,0,456,0.1,,0.4977,0.508,,,1127.0,474.2,0
288,older_adult,balanced_nutrition,greedy,1,1,0.4455,0.8589,0.2667,0.1689,3,0,0,439,0.07,,0.8589,0.7705,,,323.1,351.8,0
289,older_adult,balanced_nutrition,greedy,0,0,0.4795,0.0716,0.8636,0.541,3,1,1,531,0.156,,0.7159,0.6864,flag.ace_inhibitor_or_k_sparing_diuretic.potassium_mg,,499.9,350.4,0
290,older_adult,glycemic_control,greedy,1,1,0.0423,0.7269,0.3951,0.2312,4,1,0,540,0.206,,0.7269,0.7586,,500.0,849.1,329.7,1
291,older_adult,weight_management,greedy,1,1,0.368,0.7056,0.8299,0.6501,3,0,0,612,0.085,,0.7056,0.7136,,,3392.3,562.3,0
292,older_adult,weight_management,greedy,1,1,0.3704,0.7736,0.3682,0.19,5,0,0,487,0.136,,0.7736,0.7238,,,631.9,547.2,0
293,older_adult,glycemic_control,greedy,1,1,0.4866,0.7776,0.4038,0.2316,3,0,0,537,0.081,,0.7776,0.7187,,,394.9,456.0,0
294,older_adult,weight_management,greedy,1,1,0.1816,0.7062,0.5158,0.236,6,0,0,794,0.134,,0.7062,0.7019,,,21.3,361.2,0
295,older_adult,glycemic_control,greedy,0,0,0.0001,0.0007,0.1561,0.1525,1,0,3,236,0.036,,0.724,0.7108,flag.dysphagia.texture,,61.4,39.9,0
296,older_adult,balanced_nutrition,greedy,0,1,0.1193,0.5051,0.5066,0.2925,3,1,0,419,0.165,,0.5051,0.5621,,500.0,148.6,214.0,0
297,older_adult,glycemic_control,greedy,0,1,0.1149,0.6971,1.1099,0.5394,7,3,0,1042,0.664,,0.6971,0.6919,,500.0,105.4,85.6,0
298,older_adult,weight_management,greedy,1,1,0.3334,0.7,2.5759,1.33,5,1,0,731,0.338,,0.7,0.7044,,500.0,245.7,378.9,0
299,older_adult,weight_management,greedy,0,1,0.6387,0.6767,0.0705,0.0647,1,0,0,288,0.05,,0.6767,0.712,,,544.2,261.9,0
300,older_adult,weight_management,greedy,0,0,0.0706,0.0706,0.0082,0.0075,1,0,1,117,0.05,,0.7061,0.7188,flag.ace_inhibitor_or_k_sparing_diuretic.potassium_mg,,3379.0,1673.2,0
1,toddler,glycemic_control,dice_random,1,1,0.0378,0.767,0.61,0.5448,3,1,0,3013,1.725,,0.767,0.7108,,,39.5,156.7,0
2,toddler,weight_management,dice_random,1,1,0.0332,0.7185,1.2736,0.8933,3,1,0,5013,1.119,,0.7185,0.7089,,,4.7,123.7,0
3,toddler,glycemic_control,dice_random,0,0,0.0267,0.0863,2.0735,1.6793,6,1,1,3013,0.865,,0.863,0.825,flag.strict_no_added_sugar.added_sugars_g,,335.9,312.7,0
4,toddler,glycemic_control,dice_random,0,0,0.0043,0.0043,0.0,0.0,0,0,2,6001,1.302,evaluation_budget_exhausted,0.4295,0.4635,flag.strict_no_added_sugar.added_sugars_g;toddler.choking.hard_raw_vegetable,,285.6,285.6,0
5,toddler,glycemic_control,dice_random,1,1,0.2332,0.8539,0.7317,0.4941,3,1,0,2013,0.666,,0.8539,0.7999,,,78.5,77.3,0
6,toddler,weight_management,dice_random,0,0,0.0625,0.0765,0.362,0.34,3,1,1,2013,0.664,,0.7655,0.7166,toddler.choking.hard_raw_vegetable,,418.1,443.0,0
7,toddler,balanced_nutrition,dice_random,1,1,0.6095,0.8134,0.2894,0.229,2,0,0,2013,0.59,,0.8134,0.7364,,,247.3,256.5,0
8,toddler,balanced_nutrition,dice_random,1,1,0.6866,0.7424,0.2516,0.2239,2,1,0,2013,0.681,,0.7424,0.7238,,,757.7,766.9,0
9,toddler,weight_management,dice_random,0,1,0.3229,0.3229,0.0,0.0,0,0,0,6001,1.119,evaluation_budget_exhausted,0.3229,0.3544,,,48.1,48.1,0
10,toddler,glycemic_control,dice_random,0,0,0.0381,0.0381,0.0,0.0,0,0,1,6001,1.11,evaluation_budget_exhausted,0.3814,0.3687,flag.strict_no_added_sugar.added_sugars_g,,1711.5,1711.5,0
11,toddler,weight_management,dice_random,0,0,0.0032,0.0032,0.0,0.0,0,0,2,6001,1.309,evaluation_budget_exhausted,0.3246,0.3026,flag.strict_no_added_sugar.added_sugars_g;toddler.choking.nut,,95.5,95.5,0
12,toddler,weight_management,dice_random,0,0,0.0066,0.0752,0.5652,0.4737,4,0,1,2013,0.809,,0.7518,0.7003,toddler.choking.hard_raw_vegetable,,1602.9,1532.1,0
13,toddler,weight_management,dice_random,0,1,0.4788,0.4788,0.0,0.0,0,0,0,6001,1.049,evaluation_budget_exhausted,0.4788,0.4672,,,2309.6,2309.6,0
14,toddler,weight_management,dice_random,1,1,0.4641,0.7046,0.4198,0.3578,4,0,0,2013,0.551,,0.7046,0.7257,,,387.9,267.7,0
15,toddler,weight_management,dice_random,0,1,0.4222,0.6752,1.0112,0.9254,2,0,0,2013,0.655,,0.6752,0.7085,,,668.4,856.8,0
16,toddler,weight_management,dice_random,1,1,0.3632,0.7255,2.3532,2.3298,1,1,0,2013,0.624,,0.7255,0.7174,,,51.6,82.3,0
17,toddler,weight_management,dice_random,0,0,0.0029,0.0029,0.0,0.0,0,0,2,6001,1.235,evaluation_budget_exhausted,0.2903,0.2933,flag.strict_no_added_sugar.added_sugars_g;toddler.choking.nut,,28.5,28.5,0
18,toddler,weight_management,dice_random,0,1,0.5224,0.5224,0.0,0.0,0,0,0,6001,1.114,evaluation_budget_exhausted,0.5224,0.5118,,,2120.8,2120.8,0
19,toddler,weight_management,dice_random,0,0,0.0041,0.0041,0.0,0.0,0,0,2,6001,1.291,evaluation_budget_exhausted,0.4105,0.4046,toddler.choking.hard_raw_vegetable;toddler.choking.meat_chunk,,678.7,678.7,0
20,toddler,balanced_nutrition,dice_random,1,1,0.0428,0.8249,1.4708,1.4,2,0,0,2013,0.634,,0.8249,0.7495,,,159.2,176.4,0
21,toddler,weight_management,dice_random,0,1,0.6821,0.6877,0.4076,0.298,3,0,0,2013,0.689,,0.6877,0.7143,,,1228.4,1250.2,0
22,toddler,glycemic_control,dice_random,1,1,0.517,0.7906,2.1421,2.0702,1,1,0,2013,0.636,,0.7906,0.753,,,1.4,201.6,0
23,toddler,balanced_nutrition,dice_random,0,1,0.495,0.495,0.0,0.0,0,0,0,6001,1.232,evaluation_budget_exhausted,0.495,0.4569,,,959.0,959.0,0
24,toddler,balanced_nutrition,dice_random,0,0,0.0542,0.0797,0.6022,0.3484,3,1,1,2013,0.659,,0.7969,0.7259,toddler.choking.nut,,123.1,26.5,0
25,toddler,weight_management,dice_random,0,1,0.5081,0.5081,0.0,0.0,0,0,0,6001,1.28,evaluation_budget_exhausted,0.5081,0.466,,,190.5,190.5,0
26,toddler,balanced_nutrition,dice_random,0,0,0.036,0.0075,1.7815,1.1848,3,1,2,2013,0.568,,0.7519,0.7226,toddler.choking.hard_raw_vegetable;toddler.choking.seed,,47.2,93.3,0
27,toddler,balanced_nutrition,dice_random,1,1,0.5872,0.7939,1.2776,0.9582,2,1,0,2013,0.641,,0.7939,0.7558,,,116.8,123.0,0
28,toddler,weight_management,dice_random,0,0,0.0291,0.0291,0.0,0.0,0,0,1,6001,1.193,evaluation_budget_exhausted,0.2906,0.2907,flag.strict_no_added_sugar.added_sugars_g,,21.4,21.4,0
29,toddler,weight_management,dice_random,0,1,0.3552,0.3552,0.0,0.0,0,0,0,6001,1.176,evaluation_budget_exhausted,0.3552,0.3539,,,9.6,9.6,0
30,toddler,glycemic_control,dice_random,1,1,0.0214,0.7178,2.1147,1.3997,5,1,0,4013,0.993,,0.7178,0.7246,,,123.4,135.5,0
31,toddler,balanced_nutrition,dice_random,0,1,0.3685,0.3685,0.0,0.0,0,0,0,6001,1.336,evaluation_budget_exhausted,0.3685,0.3916,,,1080.7,1080.7,0
32,toddler,balanced_nutrition,dice_random,0,0,0.0392,0.0774,2.3526,2.1455,4,0,1,2013,0.677,,0.7738,0.7363,flag.strict_no_added_sugar.added_sugars_g,,154.5,222.2,0
33,toddler,weight_management,dice_random,0,0,0.0507,0.0507,0.0,0.0,0,0,1,6001,1.07,evaluation_budget_exhausted,0.5072,0.4691,flag.strict_no_added_sugar.added_sugars_g,,97.2,97.2,0
34,toddler,balanced_nutrition,dice_random,0,1,0.5493,0.5493,0.0,0.0,0,0,0,6001,1.081,evaluation_budget_exhausted,0.5493,0.6185,,,491.7,491.7,0
35,toddler,glycemic_control,dice_random,0,1,0.2903,0.2903,0.0,0.0,0,0,0,6001,1.242,evaluation_budget_exhausted,0.2903,0.3125,,,312.0,312.0,0
36,toddler,glycemic_control,dice_random,1,1,0.0054,0.7907,0.6147,0.3589,4,1,0,3013,0.801,,0.7907,0.7424,,,63.7,203.6,0
37,toddler,glycemic_control,dice_random,1,1,0.6732,0.7689,0.1323,0.0615,4,0,0,2013,0.817,,0.7689,0.7466,,,166.8,167.4,0
38,toddler,balanced_nutrition,dice_random,0,1,0.4899,0.6924,0.9878,0.9217,4,1,0,2013,0.729,,0.6924,0.7046,,,1228.1,1161.0,0
39,toddler,balanced_nutrition,dice_random,1,1,0.6844,0.8652,0.2419,0.1503,3,0,0,2013,0.747,,0.8652,0.7917,,,65.7,72.8,0
40,toddler,weight_management,dice_random,0,1,0.3189,0.3189,0.0,0.0,0,0,0,6001,1.071,evaluation_budget_exhausted,0.3189,0.3528,,,5.4,5.4,0
41,toddler,glycemic_control,dice_random,0,0,0.0668,0.0749,0.0577,0.0532,1,0,1,2013,0.753,,0.7491,0.7348,toddler.choking.hard_raw_vegetable,,594.6,286.0,0
42,toddler,glycemic_control,dice_random,0,1,0.0564,0.6803,0.7426,0.6683,3,1,0,2013,0.602,,0.6803,0.7036,,,741.0,639.2,0
43,toddler,balanced_nutrition,dice_random,1,1,0.403,0.734,0.5649,0.3969,2,1,0,5013,1.252,,0.734,0.7007,,,92.9,54.0,0
44,toddler,glycemic_control,dice_random,1,1,0.5421,0.7043,0.5701,0.4686,2,0,0,4013,1.023,,0.7043,0.7241,,,240.0,80.7,0
45,toddler,glycemic_control,dice_random,0,0,0.0029,0.0029,0.0,0.0,0,0,2,6001,1.164,evaluation_budget_exhausted,0.2895,0.2815,flag.strict_no_added_sugar.added_sugars_g;toddler.choking.nut,,68.9,68.9,0
46,toddler,weight_management,dice_random,0,0,0.0207,0.0207,0.0,0.0,0,0,1,6001,1.314,evaluation_budget_exhausted,0.2068,0.2271,flag.strict_no_added_sugar.added_sugars_g,,792.7,792.7,0
47,toddler,balanced_nutrition,dice_random,1,1,0.0532,0.7663,2.0897,1.1833,7,1,0,2013,0.623,,0.7663,0.7007,,,15.2,19.8,0
48,toddler,glycemic_control,dice_random,0,1,0.6339,0.6867,0.154,0.1133,3,0,0,2013,0.598,,0.6867,0.7008,,,2071.5,2625.2,0
49,toddler,weight_management,dice_random,0,1,0.2615,0.2615,0.0,0.0,0,0,0,6001,1.154,evaluation_budget_exhausted,0.2615,0.2974,,,1202.4,1202.4,0
50,toddler,weight_management,dice_random,1,1,0.6832,0.756,0.0402,0.039,1,0,0,2013,0.632,,0.756,0.7337,,,465.5,48.3,0
51,toddler,weight_management,dice_random,0,0,0.0466,0.0466,0.0,0.0,0,0,1,6001,1.303,evaluation_budget_exhausted,0.4659,0.4509,toddler.choking.nut,,342.3,342.3,0
52,toddler,glycemic_control,dice_random,1,1,0.7143,0.782,0.3428,0.3285,2,1,0,2013,0.76,,0.782,0.7065,,,308.9,312.9,0
53,toddler,glycemic_control,dice_random,1,1,0.0608,0.7737,1.2129,0.8832,5,0,0,2013,0.542,,0.7737,0.7176,,,42.2,231.1,0
54,toddler,glycemic_control,dice_random,0,1,0.0525,0.6965,3.2043,2.1145,5,0,0,3013,0.88,,0.6965,0.7084,,,79.5,42.6,0
55,toddler,glycemic_control,dice_random,1,1,0.5459,0.7062,1.0726,1.0395,2,0,0,2013,0.656,,0.7062,0.7478,,,828.3,881.0,0
56,toddler,glycemic_control,dice_random,0,0,0.0373,0.0741,1.1044,0.7349,4,1,1,4013,1.066,,0.7407,0.7381,toddler.choking.seed,,9.2,89.0,0
57,toddler,weight_management,dice_random,1,1,0.5179,0.7141,1.5103,0.9818,7,0,0,2013,0.712,,0.7141,0.7046,,,65.6,57.9,0
58,toddler,glycemic_control,dice_random,0,0,0.0314,0.0662,0.4099,0.2491,5,1,1,3013,0.915,,0.6617,0.7066,flag.strict_no_added_sugar.added_sugars_g,,135.9,142.5,0
59,toddler,balanced_nutrition,dice_random,0,0,0.045,0.0699,1.8808,1.7106,3,1,1,2013,0.7,,0.6993,0.7016,flag.strict_no_added_sugar.added_sugars_g,,171.6,154.0,0
60,toddler,weight_management,dice_random,1,1,0.0384,0.7087,8.5,5.7806,4,1,0,2013,0.59,,0.7087,0.7104,,,44.0,274.8,0
61,toddler,balanced_nutrition,dice_random,0,0,0.0301,0.0743,4.0246,3.3631,6,0,1,2013,0.6,,0.7432,0.731,flag.strict_no_added_sugar.added_sugars_g,,42.4,18.7,0
62,toddler,balanced_nutrition,dice_random,0,1,0.3789,0.6559,1.936,1.2553,5,1,0,3013,0.853,,0.6559,0.7146,,,18.2,242.6,0
63,toddler,glycemic_control,dice_random,0,1,0.4358,0.4358,0.0,0.0,0,0,0,6001,1.317,evaluation_budget_exhausted,0.4358,0.4551,,,612.7,612.7,0
64,toddler,weight_management,dice_random,0,0,0.0363,0.0363,0.0,0.0,0,0,1,6001,1.057,evaluation_budget_exhausted,0.3625,0.3741,flag.strict_no_added_sugar.added_sugars_g,,198.9,198.9,0
65,toddler,balanced_nutrition,dice_random,0,0,0.0201,0.0201,0.0,0.0,0,0,1,6001,1.092,evaluation_budget_exhausted,0.2009,0.1381,flag.strict_no_added_sugar.added_sugars_g,,29.7,29.7,0
66,toddler,weight_management,dice_random,0,1,0.4486,0.6986,0.2035,0.1251,3,0,0,3013,0.887,,0.6986,0.704,,,525.4,269.1,0
67,toddler,weight_management,dice_random,1,1,0.7544,0.747,0.0558,0.0362,2,0,0,2013,0.671,,0.747,0.7134,,,129.0,128.8,0
68,toddler,glycemic_control,dice_random,0,1,0.4264,0.6851,0.7937,0.6526,4,1,0,2013,0.618,,0.6851,0.7063,,,432.5,130.6,0
69,toddler,balanced_nutrition,dice_random,0,0,0.0539,0.0731,0.2291,0.2157,2,0,1,2013,0.639,,0.7306,0.7129,toddler.choking.hard_raw_vegetable,,515.1,403.5,0
70,toddler,weight_management,dice_random,1,1,0.4315,0.7041,1.7443,1.6467,2,0,0,2013,0.612,,0.7041,0.7069,,,251.2,220.4,0
71,toddler,weight_management,dice_random,1,1,0.5855,0.7405,0.4198,0.3573,2,0,0,2013,0.651,,0.7405,0.7214,,,1643.7,619.1,0
72,toddler,balanced_nutrition,dice_random,0,0,0.0628,0.0761,0.1629,0.0853,6,0,1,2013,0.718,,0.7615,0.7076,toddler.choking.nut,,330.4,308.2,0
73,toddler,glycemic_control,dice_random,0,0,0.0428,0.0678,4.0111,3.1224,5,1,1,2013,0.673,,0.6778,0.7078,toddler.choking.nut,,54.9,1.9,0
74,toddler,weight_management,dice_random,0,1,0.4873,0.4873,0.0,0.0,0,0,0,6001,1.249,evaluation_budget_exhausted,0.4873,0.4692,,,1427.0,1427.0,0
75,toddler,balanced_nutrition,dice_random,0,1,0.6001,0.6182,0.2223,0.1803,2,0,0,2013,0.705,,0.6182,0.7094,,,14.1,38.0,0
76,toddler,balanced_nutrition,dice_random,0,0,0.0043,0.0079,0.501,0.3046,6,2,2,2013,0.695,,0.795,0.7523,flag.strict_no_added_sugar.added_sugars_g;toddler.choking.hard_raw_vegetable,,323.6,126.2,0
77,toddler,weight_management,dice_random,0,0,0.0336,0.0647,0.1673,0.1431,1,0,1,2013,0.681,,0.6475,0.706,toddler.choking.hard_raw_vegetable,,448.3,308.5,0
78,toddler,balanced_nutrition,dice_random,0,0,0.0047,0.0047,0.0,0.0,0,0,2,6001,1.238,evaluation_budget_exhausted,0.466,0.4363,flag.strict_no_added_sugar.added_sugars_g;toddler.choking.nut,,355.7,355.7,0
79,toddler,glycemic_control,dice_random,0,0,0.0538,0.0774,0.2766,0.2664,1,0,1,2013,0.665,,0.7736,0.7599,flag.strict_no_added_sugar.added_sugars_g,,687.5,634.7,0
80,toddler,glycemic_control,dice_random,0,1,0.4708,0.4708,0.0,0.0,0,0,0,6001,1.148,evaluation_budget_exhausted,0.4708,0.4877,,,73.9,73.9,0
81,toddler,glycemic_control,dice_random,1,1,0.0585,0.7639,2.403,2.1975,3,0,0,2013,0.664,,0.7639,0.7331,,,277.8,280.7,0
82,toddler,glycemic_control,dice_random,0,1,0.6232,0.6898,0.2312,0.1511,3,0,0,2013,0.768,,0.6898,0.7213,,,448.3,528.3,0
83,toddler,glycemic_control,dice_random,1,1,0.4773,0.7575,1.3838,1.0244,2,0,0,2013,0.62,,0.7575,0.7126,,,43.7,52.0,0
84,toddler,glycemic_control,dice_random,1,1,0.4621,0.7521,2.3688,2.2112,2,1,0,2013,0.692,,0.7521,0.7363,,,322.9,637.1,0
85,toddler,glycemic_control,dice_random,0,0,0.0432,0.0744,3.3767,2.8507,4,0,1,2013,0.52,,0.7445,0.7106,toddler.choking.nut,,412.4,370.9,0
86,toddler,weight_management,dice_random,1,1,0.4281,0.7693,0.6618,0.6196,2,1,0,2013,0.656,,0.7693,0.7514,,,2.9,74.5,0
87,toddler,weight_management,dice_random,1,1,0.052,0.7375,0.2207,0.1192,5,0,0,5013,1.463,,0.7375,0.7044,,,1127.0,232.4,0
88,toddler,balanced_nutrition,dice_random,1,1,0.6852,0.7672,0.2433,0.1561,3,2,0,2013,0.583,,0.7672,0.7184,,,323.1,292.7,0
89,toddler,glycemic_control,dice_random,1,1,0.6293,0.7304,0.4798,0.4748,1,0,0,2013,0.629,,0.7304,0.7175,,,499.9,309.7,0
90,toddler,glycemic_control,dice_random,0,0,0.0447,0.0776,0.3974,0.3101,3,0,1,2013,0.663,,0.7757,0.796,toddler.choking.hard_raw_vegetable,,849.1,317.9,0
91,toddler,weight_management,dice_random,0,0,0.0471,0.072,0.9701,0.7902,3,0,1,4013,0.993,,0.7195,0.7052,toddler.choking.hard_raw_vegetable,,3392.3,69.8,0
92,toddler,balanced_nutrition,dice_random,0,0,0.0004,0.0007,0.2304,0.1461,4,0,3,2013,0.801,,0.7177,0.7069,toddler.choking.hard_raw_vegetable,,631.9,532.6,0
93,toddler,balanced_nutrition,dice_random,0,0,0.0417,0.0417,0.0,0.0,0,0,1,6001,1.2,evaluation_budget_exhausted,0.4169,0.4086,toddler.choking.meat_chunk,,394.9,394.9,0
94,toddler,balanced_nutrition,dice_random,1,1,0.398,0.7568,1.4068,0.8074,4,1,0,5013,1.22,,0.7568,0.7027,,,21.3,184.1,0
95,toddler,glycemic_control,dice_random,1,1,0.69,0.7174,0.1256,0.1238,1,0,0,2013,0.594,,0.7174,0.7043,,,61.4,39.5,0
96,toddler,weight_management,dice_random,1,1,0.4329,0.7585,0.3994,0.3975,1,1,0,2013,0.633,,0.7585,0.701,,,148.6,161.0,0
97,toddler,weight_management,dice_random,0,0,0.0027,0.0027,0.0,0.0,0,0,2,6001,1.313,evaluation_budget_exhausted,0.2697,0.2626,toddler.choking.nut;toddler.choking.nut_butter,,105.4,105.4,0
98,toddler,balanced_nutrition,dice_random,0,0,0.0496,0.079,2.7483,1.8997,3,1,1,2013,0.602,,0.79,0.8161,toddler.choking.nut,,245.7,224.0,0
99,toddler,balanced_nutrition,dice_random,0,0,0.0006,0.0007,0.1495,0.1124,2,0,3,2013,0.719,,0.7172,0.7177,flag.strict_no_added_sugar.added_sugars_g;toddler.choking.hard_raw_vegetable,,544.2,290.0,0
100,toddler,balanced_nutrition,dice_random,1,1,0.5785,0.7201,0.1885,0.1278,3,0,0,4013,1.021,,0.7201,0.7032,,,3379.0,1313.5,0
101,adult,glycemic_control,dice_random,0,1,0.2883,0.2883,0.0,0.0,0,0,0,6001,1.147,evaluation_budget_exhausted,0.2883,0.2693,,,39.5,39.5,0
102,adult,balanced_nutrition,dice_random,0,1,0.1794,0.1794,0.0,0.0,0,0,0,6001,1.112,evaluation_budget_exhausted,0.1794,0.1171,,500.0,4.7,4.7,0
103,adult,weight_management,dice_random,1,1,0.4468,0.7996,2.6509,1.6137,7,1,0,4013,1.006,,0.7996,0.7355,,,335.9,546.6,0
104,adult,weight_management,dice_random,0,1,0.4045,0.4045,0.0,0.0,0,0,0,6001,1.33,evaluation_budget_exhausted,0.4045,0.3664,,,285.6,285.6,0
105,adult,glycemic_control,dice_random,1,1,0.1901,0.8031,2.1951,1.2966,4,2,0,4013,0.966,,0.8031,0.7735,,,78.5,140.7,0
106,adult,weight_management,dice_random,1,1,0.6663,0.8652,0.0913,0.0712,3,0,0,2013,0.591,,0.8652,0.7976,,,418.1,392.3,0
107,adult,balanced_nutrition,dice_random,1,1,0.5235,0.741,2.0723,1.791,3,2,0,2013,0.636,,0.741,0.7241,,,247.3,253.1,0
108,adult,balanced_nutrition,dice_random,0,0,0.0804,0.0799,0.0668,0.0451,2,0,1,2013,0.64,,0.7985,0.7125,flag.hypertension.sodium_mg,500.0,757.7,755.0,1
109,adult,weight_management,dice_random,0,1,0.2661,0.2661,0.0,0.0,0,0,0,6001,1.188,evaluation_budget_exhausted,0.2661,0.2902,,,48.1,48.1,0
110,adult,weight_management,dice_random,0,1,0.2605,0.2605,0.0,0.0,0,0,0,6001,1.286,evaluation_budget_exhausted,0.2605,0.3039,,,1711.5,1711.5,0
111,adult,weight_management,dice_random,0,1,0.1407,0.1407,0.0,0.0,0,0,0,6001,1.288,evaluation_budget_exhausted,0.1407,0.1737,,,95.5,95.5,0
112,adult,balanced_nutrition,dice_random,1,1,0.4006,0.7242,1.0426,0.6734,5,1,0,3013,0.906,,0.7242,0.7117,,,1602.9,613.1,0
113,adult,weight_management,dice_random,0,1,0.6033,0.6947,2.0084,1.4091,2,0,0,3013,0.764,,0.6947,0.7011,,,2309.6,61.6,0
114,adult,balanced_nutrition,dice_random,1,1,0.3386,0.7039,0.9688,0.7362,5,0,0,3013,0.842,,0.7039,0.7178,,500.0,387.9,297.6,0
115,adult,balanced_nutrition,dice_random,1,1,0.3628,0.7376,0.9095,0.7395,2,1,0,2013,0.573,,0.7376,0.7288,,,668.4,752.4,0
116,adult,weight_management,dice_random,1,1,0.2975,0.7477,4.1298,2.8899,3,0,0,4013,0.966,,0.7477,0.7056,,500.0,51.6,139.2,0
117,adult,weight_management,dice_random,0,1,0.2629,0.2629,0.0,0.0,0,0,0,6001,1.188,evaluation_budget_exhausted,0.2629,0.2801,,,28.5,28.5,0
118,adult,weight_management,dice_random,0,1,0.452,0.452,0.0,0.0,0,0,0,6001,1.045,evaluation_budget_exhausted,0.452,0.4402,,,2120.8,2120.8,0
119,adult,weight_management,dice_random,0,1,0.3669,0.3669,0.0,0.0,0,0,0,6001,1.272,evaluation_budget_exhausted,0.3669,0.4051,,,678.7,678.7,0
120,adult,balanced_nutrition,dice_random,0,1,0.3293,0.6781,0.9055,0.8351,2,1,0,2013,0.651,,0.6781,0.7209,,,159.2,174.8,0
121,adult,weight_management,dice_random,1,1,0.6579,0.735,0.7179,0.681,2,1,0,2013,0.682,,0.735,0.7629,,,1228.4,1233.7,0
122,adult,weight_management,dice_random,1,1,0.4728,0.809,3.9626,3.8905,1,0,0,2013,0.651,,0.809,0.7328,,,1.4,479.6,0
123,adult,weight_management,dice_random,0,1,0.5911,0.5911,0.0,0.0,0,0,0,6001,1.232,evaluation_budget_exhausted,0.5911,0.5819,,,959.0,959.0,0
124,adult,weight_management,dice_random,1,1,0.4899,0.7815,2.5855,2.3677,3,1,0,2013,0.667,,0.7815,0.7058,,,123.1,433.6,0
125,adult,balanced_nutrition,dice_random,0,1,0.3081,0.3081,0.0,0.0,0,0,0,6001,1.233,evaluation_budget_exhausted,0.3081,0.3055,,500.0,190.5,190.5,0
126,adult,balanced_nutrition,dice_random,1,1,0.1973,0.77,2.4472,1.6945,3,0,0,4013,0.853,,0.77,0.7018,,500.0,47.2,451.1,0
127,adult,balanced_nutrition,dice_random,1,1,0.4346,0.737,3.3134,3.2836,1,0,0,2013,0.673,,0.737,0.7136,,,116.8,176.6,0
128,adult,balanced_nutrition,dice_random,0,1,0.2789,0.2789,0.0,0.0,0,0,0,6001,1.117,evaluation_budget_exhausted,0.2789,0.2647,,,21.4,21.4,0
129,adult,glycemic_control,dice_random,0,1,0.1859,0.1859,0.0,0.0,0,0,0,6001,1.159,evaluation_budget_exhausted,0.1859,0.2029,,,9.6,9.6,0
130,adult,glycemic_control,dice_random,0,1,0.1566,0.1566,0.0,0.0,0,0,0,6001,1.177,evaluation_budget_exhausted,0.1566,0.1692,,,123.4,123.4,0
131,adult,balanced_nutrition,dice_random,0,0,0.0198,0.0198,0.0,0.0,0,0,1,6001,1.188,evaluation_budget_exhausted,0.1984,0.2444,flag.hypertension.sodium_mg,500.0,1080.7,1080.7,1
132,adult,glycemic_control,dice_random,1,1,0.3411,0.7241,2.0421,1.2148,6,1,0,3013,0.881,,0.7241,0.7177,,,154.5,557.9,0
133,adult,glycemic_control,dice_random,0,1,0.24,0.24,0.0,0.0,0,0,0,6001,1.155,evaluation_budget_exhausted,0.24,0.2325,,,97.2,97.2,0
134,adult,balanced_nutrition,dice_random,1,1,0.7163,0.7434,0.4524,0.4257,2,0,0,2013,0.612,,0.7434,0.7011,,,491.7,506.0,0
135,adult,glycemic_control,dice_random,0,1,0.2495,0.2495,0.0,0.0,0,0,0,6001,1.322,evaluation_budget_exhausted,0.2495,0.2209,,,312.0,312.0,0
136,adult,balanced_nutrition,dice_random,0,1,0.3638,0.3638,0.0,0.0,0,0,0,6001,1.108,evaluation_budget_exhausted,0.3638,0.3278,,,63.7,63.7,0
137,adult,glycemic_control,dice_random,0,1,0.5957,0.6798,0.504,0.3825,5,1,0,2013,0.809,,0.6798,0.721,,,166.8,215.3,0
138,adult,weight_management,dice_random,0,0,0.067,0.0821,0.1819,0.094,5,0,1,2013,0.761,,0.8213,0.744,flag.hypertension.sodium_mg,500.0,1228.1,1088.9,1
139,adult,balanced_nutrition,dice_random,1,1,0.5201,0.8269,0.8495,0.6173,4,0,0,2013,0.617,,0.8269,0.7824,,,65.7,76.6,0
140,adult,glycemic_control,dice_random,1,1,0.1846,0.7159,6.0182,5.1352,3,0,0,4013,0.926,,0.7159,0.7016,,,5.4,221.2,0
141,adult,balanced_nutrition,dice_random,1,1,0.0406,0.7681,0.3918,0.2742,2,0,0,2013,0.755,,0.7681,0.7183,,500.0,594.6,317.6,1
142,adult,balanced_nutrition,dice_random,1,1,0.4248,0.7859,1.423,1.2728,4,1,0,2013,0.63,,0.7859,0.7338,,,741.0,616.1,0
143,adult,balanced_nutrition,dice_random,0,1,0.3046,0.6991,1.159,0.7847,3,1,0,3013,0.798,,0.6991,0.7211,,,92.9,277.8,0
144,adult,weight_management,dice_random,1,1,0.448,0.7799,0.269,0.253,1,1,0,2013,0.713,,0.7799,0.716,,500.0,240.0,80.9,0
145,adult,glycemic_control,dice_random,0,1,0.2387,0.2387,0.0,0.0,0,0,0,6001,1.149,evaluation_budget_exhausted,0.2387,0.208,,,68.9,68.9,0
146,adult,weight_management,dice_random,0,0,0.005,0.005,0.0,0.0,0,0,1,6001,1.256,evaluation_budget_exhausted,0.0505,0.0722,flag.hypertension.sodium_mg,500.0,792.7,792.7,1
147,adult,balanced_nutrition,dice_random,0,1,0.415,0.415,0.0,0.0,0,0,0,6001,1.132,evaluation_budget_exhausted,0.415,0.4277,,,15.2,15.2,0
148,adult,glycemic_control,dice_random,0,0,0.0752,0.0786,0.2566,0.2135,3,0,1,2013,0.614,,0.7856,0.7031,flag.hypertension.sodium_mg,500.0,2071.5,1816.2,1
149,adult,weight_management,dice_random,0,1,0.4165,0.4165,0.0,0.0,0,0,0,6001,1.189,evaluation_budget_exhausted,0.4165,0.4079,,,1202.4,1202.4,0
150,adult,weight_management,dice_random,0,0,0.7064,0.0719,0.0308,0.0295,1,0,1,2013,0.686,,0.7187,0.7084,flag.hypertension.sodium_mg,500.0,465.5,781.6,0
151,adult,balanced_nutrition,dice_random,0,1,0.4887,0.4887,0.0,0.0,0,0,0,6001,1.256,evaluation_budget_exhausted,0.4887,0.4834,,,342.3,342.3,0
152,adult,glycemic_control,dice_random,1,1,0.6099,0.7532,0.0864,0.0563,3,0,0,3013,0.921,,0.7532,0.7075,,,308.9,313.2,0
153,adult,balanced_nutrition,dice_random,1,1,0.5464,0.7454,2.1391,1.3484,6,2,0,3013,0.798,,0.7454,0.7,,,42.2,160.1,0
154,adult,glycemic_control,dice_random,0,1,0.4253,0.4253,0.0,0.0,0,0,0,6001,1.183,evaluation_budget_exhausted,0.4253,0.4136,,,79.5,79.5,0
155,adult,weight_management,dice_random,1,1,0.4831,0.7485,0.3118,0.2793,2,1,0,2013,0.66,,0.7485,0.7343,,,828.3,640.0,0
156,adult,balanced_nutrition,dice_random,0,0,0.1185,0.0737,1.8377,1.4388,5,2,1,5013,1.261,,0.7371,0.7044,flag.hypertension.sodium_mg,500.0,9.2,516.1,0
157,adult,weight_management,dice_random,1,1,0.4662,0.7644,3.5733,2.3542,8,1,0,2013,0.652,,0.7644,0.7306,,,65.6,254.7,0
158,adult,glycemic_control,dice_random,0,1,0.195,0.195,0.0,0.0,0,0,0,6001,1.251,evaluation_budget_exhausted,0.195,0.2165,,,135.9,135.9,0
159,adult,weight_management,dice_random,0,1,0.1926,0.1926,0.0,0.0,0,0,0,6001,1.247,evaluation_budget_exhausted,0.1926,0.2317,,500.0,171.6,171.6,0
160,adult,balanced_nutrition,dice_random,1,1,0.4415,0.8042,12.45,11.0017,4,1,0,3013,0.75,,0.8042,0.8124,,,44.0,634.9,0
161,adult,balanced_nutrition,dice_random,1,1,0.1232,0.7456,4.5439,3.3818,7,1,0,2013,0.706,,0.7456,0.7017,,500.0,42.4,470.4,0
162,adult,balanced_nutrition,dice_random,1,1,0.2896,0.7469,4.5867,3.2878,4,1,0,4013,1.047,,0.7469,0.7601,,,18.2,778.8,0
163,adult,glycemic_control,dice_random,0,1,0.5053,0.5053,0.0,0.0,0,0,0,6001,1.369,evaluation_budget_exhausted,0.5053,0.4725,,,612.7,612.7,0
164,adult,balanced_nutrition,dice_random,1,1,0.2053,0.7197,3.4167,2.4631,3,2,0,4013,0.965,,0.7197,0.7012,,,198.9,281.7,0
165,adult,glycemic_control,dice_random,1,1,0.2225,0.7369,0.6262,0.4856,2,0,0,4013,0.874,,0.7369,0.7032,,,29.7,61.7,0
166,adult,weight_management,dice_random,1,1,0.4263,0.7183,0.2684,0.1815,2,1,0,2013,0.725,,0.7183,0.7002,,,525.4,526.6,0
167,adult,weight_management,dice_random,1,1,0.6361,0.7189,0.5873,0.5629,2,1,0,2013,0.736,,0.7189,0.7329,,500.0,129.0,139.8,0
168,adult,weight_management,dice_random,1,1,0.5549,0.7345,0.3025,0.245,3,0,0,2013,0.691,,0.7345,0.7005,,,432.5,62.0,0
169,adult,balanced_nutrition,dice_random,1,1,0.5065,0.7647,0.2921,0.2415,3,1,0,2013,0.607,,0.7647,0.7226,,,515.1,612.4,0
170,adult,weight_management,dice_random,1,1,0.4187,0.7265,2.2506,2.1528,2,1,0,2013,0.642,,0.7265,0.7124,,,251.2,230.9,0
171,adult,balanced_nutrition,dice_random,0,1,0.3859,0.3859,0.0,0.0,0,0,0,6001,1.113,evaluation_budget_exhausted,0.3859,0.39,,,1643.7,1643.7,0
172,adult,weight_management,dice_random,1,1,0.7357,0.7506,0.0845,0.0449,5,0,0,2013,0.772,,0.7506,0.7,,500.0,330.4,328.9,0
173,adult,glycemic_control,dice_random,1,1,0.4973,0.791,7.4652,4.8664,6,1,0,2013,0.641,,0.791,0.7821,,,54.9,296.9,0
174,adult,balanced_nutrition,dice_random,1,1,0.4568,0.7064,0.2286,0.1444,3,0,0,2013,0.756,,0.7064,0.7282,,,1427.0,1134.0,0
175,adult,glycemic_control,dice_random,1,1,0.3902,0.7631,0.4149,0.2669,3,0,0,2013,0.694,,0.7631,0.7386,,,14.1,86.1,0
176,adult,balanced_nutrition,dice_random,1,1,0.5225,0.7639,0.9913,0.7596,6,1,0,2013,0.704,,0.7639,0.761,,,323.6,67.5,0
177,adult,glycemic_control,dice_random,1,1,0.4633,0.755,0.634,0.4988,2,1,0,2013,0.737,,0.755,0.7419,,,448.3,351.5,0
178,adult,balanced_nutrition,dice_random,0,1,0.2832,0.2832,0.0,0.0,0,0,0,6001,1.221,evaluation_budget_exhausted,0.2832,0.2626,,,355.7,355.7,0
179,adult,glycemic_control,dice_random,1,1,0.5047,0.7365,0.2766,0.2664,1,0,0,2013,0.702,,0.7365,0.7107,,,687.5,634.7,0
180,adult,balanced_nutrition,dice_random,0,1,0.3163,0.3163,0.0,0.0,0,0,0,6001,1.162,evaluation_budget_exhausted,0.3163,0.3188,,500.0,73.9,73.9,0
181,adult,glycemic_control,dice_random,1,1,0.4838,0.7258,1.791,1.587,3,0,0,2013,0.711,,0.7258,0.7014,,,277.8,313.0,0
182,adult,glycemic_control,dice_random,1,1,0.5142,0.7258,1.4885,1.3974,3,1,0,2013,0.697,,0.7258,0.7384,,500.0,448.3,486.7,0
183,adult,weight_management,dice_random,1,1,0.4746,0.7046,9.9225,7.1867,3,1,0,2013,0.675,,0.7046,0.7233,,,43.7,129.1,0
184,adult,glycemic_control,dice_random,1,1,0.4829,0.7607,2.2142,2.0363,2,0,0,2013,0.641,,0.7607,0.7265,,,322.9,637.7,0
185,adult,weight_management,dice_random,1,1,0.4716,0.7209,2.0467,1.6791,4,1,0,2013,0.672,,0.7209,0.7201,,,412.4,342.2,0
186,adult,weight_management,dice_random,0,0,0.4121,0.073,1.4739,1.2726,3,2,1,2013,0.603,,0.7298,0.7055,flag.hypertension.sodium_mg,500.0,2.9,896.0,0
187,adult,glycemic_control,dice_random,1,1,0.5464,0.7657,0.1343,0.0963,4,0,0,4013,1.273,,0.7657,0.7516,,,1127.0,212.8,0
188,adult,weight_management,dice_random,1,1,0.6262,0.7626,0.4381,0.4073,2,1,0,2013,0.74,,0.7626,0.7257,,,323.1,439.5,0
189,adult,glycemic_control,dice_random,1,1,0.5936,0.7224,0.3182,0.3132,1,0,0,2013,0.528,,0.7224,0.7073,,,499.9,309.4,0
190,adult,glycemic_control,dice_random,1,1,0.3913,0.7372,1.3188,0.8718,4,0,0,2013,0.638,,0.7372,0.7163,,,849.1,322.2,0
191,adult,balanced_nutrition,dice_random,0,1,0.3504,0.3504,0.0,0.0,0,0,0,6001,1.106,evaluation_budget_exhausted,0.3504,0.3574,,,3392.3,3392.3,0
192,adult,balanced_nutrition,dice_random,1,1,0.2871,0.745,0.4598,0.3487,4,1,0,2013,0.728,,0.745,0.7229,,,631.9,518.0,0
193,adult,weight_management,dice_random,0,1,0.4355,0.4355,0.0,0.0,0,0,0,6001,1.221,evaluation_budget_exhausted,0.4355,0.4497,,,394.9,394.9,0
194,adult,balanced_nutrition,dice_random,0,1,0.3111,0.3111,0.0,0.0,0,0,0,6001,1.261,evaluation_budget_exhausted,0.3111,0.2826,,,21.3,21.3,0
195,adult,glycemic_control,dice_random,0,1,0.6301,0.6892,0.4183,0.4146,1,1,0,2013,0.663,,0.6892,0.7303,,,61.4,679.8,0
196,adult,glycemic_control,dice_random,1,1,0.5041,0.7162,0.5035,0.3555,2,2,0,3013,0.721,,0.7162,0.722,,500.0,148.6,214.8,0
197,adult,weight_management,dice_random,0,1,0.0754,0.0754,0.0,0.0,0,0,0,6001,1.245,evaluation_budget_exhausted,0.0754,0.0943,,500.0,105.4,105.4,0
198,adult,balanced_nutrition,dice_random,0,1,0.3682,0.6599,3.7828,3.6402,2,0,0,2013,0.685,,0.6599,0.7006,,500.0,245.7,242.8,0
199,adult,balanced_nutrition,dice_random,0,1,0.5675,0.6863,0.1564,0.1176,2,0,0,3013,0.957,,0.6863,0.7137,,,544.2,425.8,0
200,adult,weight_management,dice_random,1,1,0.7426,0.743,0.0238,0.0231,1,0,0,2013,0.675,,0.743,0.7417,,,3379.0,8649.6,0
201,older_adult,glycemic_control,dice_random,0,0,0.0,0.0,0.0,0.0,0,0,4,6001,1.101,evaluation_budget_exhausted,0.224,0.2467,flag.dysphagia.texture,,39.5,39.5,0
202,older_adult,balanced_nutrition,dice_random,0,1,0.1571,0.1571,0.0,0.0,0,0,0,6001,1.097,evaluation_budget_exhausted,0.1571,0.0856,,500.0,4.7,4.7,0
203,older_adult,balanced_nutrition,dice_random,0,0,0.0,0.0,0.0,0.0,0,0,8,6001,1.191,evaluation_budget_exhausted,0.4336,0.4285,flag.dysphagia.texture,,335.9,335.9,0
204,older_adult,balanced_nutrition,dice_random,0,1,0.1591,0.1591,0.0,0.0,0,0,0,6001,1.342,evaluation_budget_exhausted,0.1591,0.1636,,500.0,285.6,285.6,0
205,older_adult,weight_management,dice_random,0,1,0.3426,0.3426,0.0,0.0,0,0,0,6001,1.071,evaluation_budget_exhausted,0.3426,0.36,,,78.5,78.5,0
206,older_adult,glycemic_control,dice_random,1,1,0.6694,0.7529,0.2777,0.2558,3,0,0,2013,0.636,,0.7529,0.7292,,,418.1,378.0,0
207,older_adult,glycemic_control,dice_random,1,1,0.5066,0.7185,1.083,1.0114,2,1,0,2013,0.663,,0.7185,0.7078,,,247.3,654.7,0
208,older_adult,glycemic_control,dice_random,0,0,0.0081,0.0744,0.1984,0.129,3,1,1,2013,0.728,,0.7441,0.7047,flag.hypertension.sodium_mg,500.0,757.7,1043.2,1
209,older_adult,glycemic_control,dice_random,0,1,0.1882,0.1882,0.0,0.0,0,0,0,6001,1.155,evaluation_budget_exhausted,0.1882,0.1933,,,48.1,48.1,0
210,older_adult,balanced_nutrition,dice_random,0,0,0.0334,0.0334,0.0,0.0,0,0,1,6001,1.209,evaluation_budget_exhausted,0.334,0.3589,flag.hypertension.sodium_mg,500.0,1711.5,1711.5,1
211,older_adult,weight_management,dice_random,0,1,0.1571,0.1571,0.0,0.0,0,0,0,6001,1.299,evaluation_budget_exhausted,0.1571,0.1785,,,95.5,95.5,0
212,older_adult,weight_management,dice_random,1,1,0.4974,0.7391,0.7093,0.4461,5,1,0,3013,0.967,,0.7391,0.7238,,,1602.9,1081.3,0
213,older_adult,glycemic_control,dice_random,0,1,0.5338,0.6804,3.1008,2.2309,3,2,0,4013,0.91,,0.6804,0.7009,,,2309.6,2030.2,0
214,older_adult,weight_management,dice_random,0,0,0.4628,0.0672,0.7431,0.6801,4,0,1,2013,0.608,,0.6724,0.7337,flag.hypertension.sodium_mg,500.0,387.9,825.5,0
215,older_adult,weight_management,dice_random,0,1,0.4318,0.4318,0.0,0.0,0,0,0,6001,1.136,evaluation_budget_exhausted,0.4318,0.4228,,,668.4,668.4,0
216,older_adult,balanced_nutrition,dice_random,0,1,0.1119,0.1119,0.0,0.0,0,0,0,6001,1.143,evaluation_budget_exhausted,0.1119,0.0886,,500.0,51.6,51.6,0
217,older_adult,balanced_nutrition,dice_random,0,0,0.0201,0.0201,0.0,0.0,0,0,1,6001,1.224,evaluation_budget_exhausted,0.2013,0.2355,flag.metformin.excluded_food,,28.5,28.5,0
218,older_adult,balanced_nutrition,dice_random,0,0,0.0004,0.0004,0.0,0.0,0,0,3,6001,1.129,evaluation_budget_exhausted,0.3879,0.4093,flag.dysphagia.texture;flag.hypertension.sodium_mg,500.0,2120.8,2120.8,1
219,older_adult,glycemic_control,dice_random,0,0,0.0543,0.0543,0.0,0.0,0,0,1,6001,1.18,evaluation_budget_exhausted,0.5428,0.537,flag.hypertension.sodium_mg,500.0,678.7,678.7,1
220,older_adult,glycemic_control,dice_random,1,1,0.4374,0.9155,1.1742,1.0154,3,0,0,2013,0.655,,0.9155,0.8421,,,159.2,203.6,0
221,older_adult,weight_management,dice_random,0,1,0.6824,0.6962,0.4167,0.3037,3,0,0,2013,0.653,,0.6962,0.7079,,,1228.4,1337.4,0
222,older_adult,weight_management,dice_random,1,1,0.0391,0.7491,5.384,3.7572,2,2,0,2013,0.649,,0.7491,0.7111,,,1.4,285.7,0
223,older_adult,balanced_nutrition,dice_random,0,1,0.4625,0.4625,0.0,0.0,0,0,0,6001,1.193,evaluation_budget_exhausted,0.4625,0.3974,,,959.0,959.0,0
224,older_adult,balanced_nutrition,dice_random,1,1,0.2881,0.8492,4.2406,3.2463,4,1,0,3013,0.847,,0.8492,0.7633,,,123.1,89.9,0
225,older_adult,balanced_nutrition,dice_random,0,1,0.2608,0.2608,0.0,0.0,0,0,0,6001,1.087,evaluation_budget_exhausted,0.2608,0.2262,,500.0,190.5,190.5,0
226,older_adult,balanced_nutrition,dice_random,1,1,0.0924,0.792,5.8452,3.318,4,1,0,4013,0.881,,0.792,0.7079,,500.0,47.2,450.2,0
227,older_adult,balanced_nutrition,dice_random,1,1,0.392,0.7915,2.5373,1.7507,3,1,0,3013,0.814,,0.7915,0.7144,,,116.8,367.4,0
228,older_adult,weight_management,dice_random,0,1,0.3196,0.3196,0.0,0.0,0,0,0,6001,1.131,evaluation_budget_exhausted,0.3196,0.3216,,,21.4,21.4,0
229,older_adult,glycemic_control,dice_random,0,1,0.1808,0.1808,0.0,0.0,0,0,0,6001,1.147,evaluation_budget_exhausted,0.1808,0.18,,,9.6,9.6,0
230,older_adult,balanced_nutrition,dice_random,0,0,0.1669,0.0844,2.158,1.6507,4,2,1,3013,0.787,,0.8444,0.7273,flag.warfarin.vitamin_k_ug,500.0,123.4,218.7,0
231,older_adult,balanced_nutrition,dice_random,0,0,0.0182,0.0182,0.0,0.0,0,0,1,6001,1.303,evaluation_budget_exhausted,0.1822,0.2273,flag.hypertension.sodium_mg,500.0,1080.7,1080.7,1
232,older_adult,weight_management,dice_random,0,1,0.3053,0.3053,0.0,0.0,0,0,0,6001,1.166,evaluation_budget_exhausted,0.3053,0.3056,,500.0,154.5,154.5,0
233,older_adult,balanced_nutrition,dice_random,0,1,0.3009,0.3009,0.0,0.0,0,0,0,6001,1.162,evaluation_budget_exhausted,0.3009,0.3271,,,97.2,97.2,0
234,older_adult,balanced_nutrition,dice_random,0,1,0.5195,0.5195,0.0,0.0,0,0,0,6001,1.174,evaluation_budget_exhausted,0.5195,0.5547,,,491.7,491.7,0
235,older_adult,weight_management,dice_random,0,1,0.1805,0.1805,0.0,0.0,0,0,0,6001,1.302,evaluation_budget_exhausted,0.1805,0.19,,,312.0,312.0,0
236,older_adult,balanced_nutrition,dice_random,0,1,0.305,0.305,0.0,0.0,0,0,0,6001,1.128,evaluation_budget_exhausted,0.305,0.318,,,63.7,63.7,0
237,older_adult,glycemic_control,dice_random,1,1,0.5812,0.7025,0.3534,0.2295,5,1,0,2013,0.826,,0.7025,0.7058,,,166.8,546.9,0
238,older_adult,glycemic_control,dice_random,0,0,0.068,0.0784,0.1314,0.0738,4,0,1,2013,0.791,,0.7845,0.7562,flag.hypertension.sodium_mg,500.0,1228.1,1146.0,1
239,older_adult,balanced_nutrition,dice_random,1,1,0.4398,0.7464,1.4294,1.1858,4,0,0,2013,0.701,,0.7464,0.7025,,500.0,65.7,71.8,0
240,older_adult,weight_management,dice_random,0,1,0.3426,0.3426,0.0,0.0,0,0,0,6001,0.991,evaluation_budget_exhausted,0.3426,0.371,,,5.4,5.4,0
241,older_adult,balanced_nutrition,dice_random,1,1,0.039,0.7514,0.2957,0.2059,2,1,0,2013,0.644,,0.7514,0.7034,,500.0,594.6,305.8,1
242,older_adult,weight_management,dice_random,1,1,0.5376,0.7277,1.6067,1.5311,3,1,0,2013,0.683,,0.7277,0.7097,,,741.0,650.8,0
243,older_adult,weight_management,dice_random,0,1,0.5088,0.686,0.2604,0.2007,2,1,0,2013,0.648,,0.686,0.7102,,,92.9,73.3,0
244,older_adult,weight_management,dice_random,0,0,0.3975,0.071,1.5575,0.9783,3,0,1,4013,1.026,,0.7095,0.7358,flag.hypertension.sodium_mg,500.0,240.0,1371.7,0
245,older_adult,balanced_nutrition,dice_random,0,1,0.2618,0.2618,0.0,0.0,0,0,0,6001,1.181,evaluation_budget_exhausted,0.2618,0.2334,,,68.9,68.9,0
246,older_adult,glycemic_control,dice_random,0,0,0.0172,0.0172,0.0,0.0,0,0,1,6001,1.268,evaluation_budget_exhausted,0.1721,0.1665,flag.hypertension.sodium_mg,500.0,792.7,792.7,1
247,older_adult,glycemic_control,dice_random,0,1,0.3513,0.6865,4.4078,2.9245,7,1,0,2013,0.673,,0.6865,0.7094,,,15.2,190.8,0
248,older_adult,weight_management,dice_random,0,0,0.0626,0.0788,0.8906,0.6514,4,1,1,3013,0.734,,0.7884,0.703,flag.hypertension.sodium_mg,500.0,2071.5,681.1,1
249,older_adult,weight_management,dice_random,0,0,0.0389,0.0751,0.4465,0.3471,2,1,1,3013,0.841,,0.7511,0.7112,flag.hypertension.sodium_mg,500.0,1202.4,1393.8,1
250,older_adult,balanced_nutrition,dice_random,0,1,0.5808,0.5808,0.0,0.0,0,0,0,6001,1.152,evaluation_budget_exhausted,0.5808,0.5816,,500.0,465.5,465.5,0
251,older_adult,glycemic_control,dice_random,0,1,0.4214,0.4214,0.0,0.0,0,0,0,6001,1.198,evaluation_budget_exhausted,0.4214,0.4234,,,342.3,342.3,0
252,older_adult,balanced_nutrition,dice_random,0,1,0.3461,0.3461,0.0,0.0,0,0,0,6001,1.261,evaluation_budget_exhausted,0.3461,0.36,,,308.9,308.9,0
253,older_adult,glycemic_control,dice_random,1,1,0.479,0.7618,1.5229,1.3566,5,0,0,2013,0.604,,0.7618,0.7218,,,42.2,41.8,0
254,older_adult,balanced_nutrition,dice_random,1,1,0.3392,0.7784,2.8468,2.4509,5,1,0,3013,0.778,,0.7784,0.7048,,,79.5,182.7,0
255,older_adult,glycemic_control,dice_random,0,0,0.0,0.0007,0.3366,0.3041,2,0,3,2013,0.647,,0.7078,0.7141,flag.dysphagia.texture,,828.3,781.4,0
256,older_adult,glycemic_control,dice_random,0,0,0.0,0.0,0.0,0.0,0,0,6,6001,1.217,evaluation_budget_exhausted,0.2718,0.2638,flag.dysphagia.texture,500.0,9.2,9.2,0
257,older_adult,weight_management,dice_random,0,0,0.0,0.0069,2.5961,2.0537,7,0,2,2013,0.571,,0.6949,0.7063,flag.dysphagia.texture,,65.6,194.3,0
258,older_adult,balanced_nutrition,dice_random,1,1,0.283,0.7138,1.7798,1.276,6,1,0,3013,0.931,,0.7138,0.7015,,,135.9,781.6,0
259,older_adult,weight_management,dice_random,0,1,0.2244,0.2244,0.0,0.0,0,0,0,6001,1.175,evaluation_budget_exhausted,0.2244,0.2472,,500.0,171.6,171.6,0
260,older_adult,glycemic_control,dice_random,1,1,0.4811,0.7457,15.65,12.1036,4,1,0,2013,0.604,,0.7457,0.7791,,,44.0,971.8,0
261,older_adult,balanced_nutrition,dice_random,0,0,0.1046,0.0814,5.3088,2.9402,8,0,1,5013,1.194,,0.8144,0.7055,flag.hypertension.sodium_mg,500.0,42.4,634.3,0
262,older_adult,weight_management,dice_random,0,1,0.3325,0.3325,0.0,0.0,0,0,0,6001,1.174,evaluation_budget_exhausted,0.3325,0.3294,,,18.2,18.2,0
263,older_adult,glycemic_control,dice_random,0,0,0.0,0.0,0.0,0.0,0,0,10,6001,1.329,evaluation_budget_exhausted,0.5147,0.4779,flag.dysphagia.texture,,612.7,612.7,0
264,older_adult,glycemic_control,dice_random,0,1,0.2637,0.2637,0.0,0.0,0,0,0,6001,1.027,evaluation_budget_exhausted,0.2637,0.3051,,,198.9,198.9,0
265,older_adult,weight_management,dice_random,0,1,0.2019,0.2019,0.0,0.0,0,0,0,6001,1.01,evaluation_budget_exhausted,0.2019,0.1451,,,29.7,29.7,0
266,older_adult,balanced_nutrition,dice_random,1,1,0.0558,0.7193,0.2476,0.1788,2,1,0,3013,0.839,,0.7193,0.7014,,500.0,525.4,268.4,1
267,older_adult,weight_management,dice_random,1,1,0.6064,0.7506,0.1684,0.131,3,0,0,2013,0.709,,0.7506,0.713,,500.0,129.0,180.2,0
268,older_adult,weight_management,dice_random,0,1,0.4309,0.4309,0.0,0.0,0,0,0,6001,1.175,evaluation_budget_exhausted,0.4309,0.5231,,500.0,432.5,432.5,0
269,older_adult,balanced_nutrition,dice_random,0,0,0.0,0.0,0.5432,0.3389,4,0,5,3013,0.889,,0.8124,0.7166,flag.dysphagia.texture,,515.1,453.3,0
270,older_adult,glycemic_control,dice_random,0,1,0.3929,0.6895,1.5165,1.4191,2,0,0,2013,0.657,,0.6895,0.7026,,,251.2,215.0,0
271,older_adult,balanced_nutrition,dice_random,0,1,0.3056,0.3056,0.0,0.0,0,0,0,6001,1.104,evaluation_budget_exhausted,0.3056,0.3474,,,1643.7,1643.7,0
272,older_adult,weight_management,dice_random,0,1,0.6353,0.6353,0.0,0.0,0,0,0,6001,1.267,evaluation_budget_exhausted,0.6353,0.6025,,500.0,330.4,330.4,0
273,older_adult,balanced_nutrition,dice_random,1,1,0.3449,0.7328,9.8607,7.1955,6,1,0,4013,0.957,,0.7328,0.7234,,500.0,54.9,171.8,0
274,older_adult,weight_management,dice_random,1,1,0.4504,0.7052,0.4501,0.2445,5,1,0,5013,1.262,,0.7052,0.7048,,,1427.0,5312.1,0
275,older_adult,balanced_nutrition,dice_random,0,1,0.4781,0.4781,0.0,0.0,0,0,0,6001,1.157,evaluation_budget_exhausted,0.4781,0.4603,,,14.1,14.1,0
276,older_adult,balanced_nutrition,dice_random,0,1,0.3914,0.3914,0.0,0.0,0,0,0,6001,1.185,evaluation_budget_exhausted,0.3914,0.4244,,500.0,323.6,323.6,0
277,older_adult,weight_management,dice_random,1,1,0.4938,0.737,1.0588,1.0263,1,0,0,2013,0.739,,0.737,0.7059,,,448.3,412.1,0
278,older_adult,glycemic_control,dice_random,0,0,0.0,0.0008,1.4561,1.0084,4,0,3,4013,0.99,,0.792,0.7855,flag.dysphagia.texture,,355.7,93.1,0
279,older_adult,balanced_nutrition,dice_random,0,1,0.3665,0.3665,0.0,0.0,0,0,0,6001,1.13,evaluation_budget_exhausted,0.3665,0.356,,,687.5,687.5,0
280,older_adult,balanced_nutrition,dice_random,0,1,0.2998,0.2998,0.0,0.0,0,0,0,6001,1.18,evaluation_budget_exhausted,0.2998,0.2842,,500.0,73.9,73.9,0
281,older_adult,weight_management,dice_random,1,1,0.4432,0.7628,3.7164,3.5097,3,0,0,2013,0.668,,0.7628,0.7648,,,277.8,399.0,0
282,older_adult,weight_management,dice_random,1,1,0.4944,0.718,0.4145,0.3193,3,1,0,5013,1.347,,0.718,0.7283,,500.0,448.3,474.6,0
283,older_adult,glycemic_control,dice_random,1,1,0.436,0.8315,8.1882,8.0448,2,0,0,2013,0.547,,0.8315,0.8014,,,43.7,75.1,0
284,older_adult,balanced_nutrition,dice_random,1,1,0.2313,0.8456,1.8213,1.3074,3,0,0,2013,0.731,,0.8456,0.7528,,,322.9,535.2,0
285,older_adult,balanced_nutrition,dice_random,1,1,0.3381,0.7264,4.4467,3.3215,5,2,0,3013,0.825,,0.7264,0.7185,,,412.4,7858.0,0
286,older_adult,glycemic_control,dice_random,0,1,0.3464,0.6978,1.1588,0.8138,3,1,0,2013,0.674,,0.6978,0.7129,,500.0,2.9,95.9,0
287,older_adult,balanced_nutrition,dice_random,0,1,0.317,0.317,0.0,0.0,0,0,0,6001,1.474,evaluation_budget_exhausted,0.317,0.3165,,,1127.0,1127.0,0
288,older_adult,balanced_nutrition,dice_random,1,1,0.4455,0.8063,0.245,0.154,3,1,0,3013,0.898,,0.8063,0.7257,,,323.1,353.3,0
289,older_adult,balanced_nutrition,dice_random,0,0,0.4795,0.0777,2.0808,1.2292,3,0,1,4013,0.878,,0.7767,0.7153,flag.ace_inhibitor_or_k_sparing_diuretic.potassium_mg,,499.9,246.9,0
290,older_adult,glycemic_control,dice_random,1,1,0.0423,0.7268,0.8496,0.7595,3,1,0,2013,0.655,,0.7268,0.7083,,500.0,849.1,366.1,1
291,older_adult,weight_management,dice_random,0,1,0.368,0.368,0.0,0.0,0,0,0,6001,1.136,evaluation_budget_exhausted,0.368,0.3068,,,3392.3,3392.3,0
292,older_adult,weight_management,dice_random,1,1,0.3704,0.7388,0.5543,0.3921,5,0,0,2013,0.788,,0.7388,0.7024,,,631.9,602.8,0
293,older_adult,glycemic_control,dice_random,0,1,0.4866,0.4866,0.0,0.0,0,0,0,6001,1.151,evaluation_budget_exhausted,0.4866,0.4948,,,394.9,394.9,0
294,older_adult,weight_management,dice_random,0,1,0.1816,0.1816,0.0,0.0,0,0,0,6001,1.234,evaluation_budget_exhausted,0.1816,0.2018,,,21.3,21.3,0
295,older_adult,glycemic_control,dice_random,0,0,0.0001,0.0007,0.8207,0.8171,1,0,3,2013,0.73,,0.7044,0.7073,flag.dysphagia.texture,,61.4,1549.2,0
296,older_adult,balanced_nutrition,dice_random,0,1,0.1193,0.1193,0.0,0.0,0,0,0,6001,1.102,evaluation_budget_exhausted,0.1193,0.1991,,500.0,148.6,148.6,0
297,older_adult,glycemic_control,dice_random,0,1,0.1149,0.1149,0.0,0.0,0,0,0,6001,1.311,evaluation_budget_exhausted,0.1149,0.1117,,500.0,105.4,105.4,0
298,older_adult,weight_management,dice_random,0,1,0.3334,0.3334,0.0,0.0,0,0,0,6001,1.209,evaluation_budget_exhausted,0.3334,0.3801,,500.0,245.7,245.7,0
299,older_adult,weight_management,dice_random,1,1,0.6387,0.7195,0.3823,0.3416,2,1,0,2013,0.736,,0.7195,0.7013,,,544.2,432.8,0
300,older_adult,weight_management,dice_random,0,0,0.0706,0.0699,0.0269,0.0202,2,0,1,2013,0.695,,0.6987,0.7197,flag.ace_inhibitor_or_k_sparing_diuretic.potassium_mg,,3379.0,1746.6,0
1,toddler,glycemic_control,wachter,0,1,0.0378,0.6559,0.4802,0.2477,7,1,0,4057,3.028,plateaued_without_validity,0.6559,0.7009,,,39.5,124.4,0
2,toddler,weight_management,wachter,0,1,0.0332,0.6782,0.9,0.606,4,1,0,3693,2.758,plateaued_without_validity,0.6782,0.7016,,,4.7,38.4,0
3,toddler,glycemic_control,wachter,1,1,0.0267,0.7099,1.2986,0.7168,9,1,0,3331,3.035,valid_and_plateaued,0.7099,0.7204,,,335.9,312.7,0
4,toddler,glycemic_control,wachter,0,0,0.0043,0.0471,0.0273,0.01,1,0,1,667,0.919,plateaued_without_validity,0.4714,0.4874,toddler.choking.hard_raw_vegetable,,285.6,137.8,0
5,toddler,glycemic_control,wachter,1,1,0.2332,0.731,0.5447,0.365,4,1,0,5453,1.234,valid_and_plateaued,0.731,0.6999,,,78.5,77.5,0
6,toddler,weight_management,wachter,0,0,0.0625,0.0658,0.0223,0.014,3,0,1,655,0.189,plateaued_without_validity,0.6582,0.6375,toddler.choking.hard_raw_vegetable,,418.1,378.0,0
7,toddler,balanced_nutrition,wachter,0,1,0.6095,0.5617,0.1106,0.0548,2,0,0,657,0.742,plateaued_without_validity,0.5617,0.5555,,,247.3,264.0,0
8,toddler,balanced_nutrition,wachter,0,0,0.6866,0.0699,0.0981,0.0577,4,0,1,657,0.777,plateaued_without_validity,0.6993,0.671,toddler.choking.meat_chunk,,757.7,723.5,0
9,toddler,weight_management,wachter,0,1,0.3229,0.6874,0.9148,0.5065,7,0,0,5614,1.351,plateaued_without_validity,0.6874,0.7008,,,48.1,75.3,0
10,toddler,glycemic_control,wachter,1,1,0.0381,0.7001,0.5411,0.3749,3,0,0,4693,3.723,valid_and_plateaued,0.7001,0.7408,,,1711.5,367.9,0
11,toddler,weight_management,wachter,0,0,0.0032,0.0069,0.5452,0.2595,6,0,2,6021,4.825,evaluation_budget,0.6922,0.7001,flag.strict_no_added_sugar.added_sugars_g;toddler.choking.nut,,95.5,62.2,0
12,toddler,weight_management,wachter,0,0,0.0066,0.0699,0.1411,0.0595,5,0,1,672,0.216,plateaued_without_validity,0.6991,0.6609,toddler.choking.hard_raw_vegetable,,1602.9,1440.5,0
13,toddler,weight_management,wachter,0,1,0.4788,0.4789,0.0196,0.0127,0,0,0,646,0.64,plateaued_without_validity,0.4789,0.4765,,,2309.6,1837.5,0
14,toddler,weight_management,wachter,0,0,0.4641,0.0068,0.3351,0.1317,9,2,2,1758,1.642,plateaued_without_validity,0.6843,0.7064,toddler.choking.meat_chunk,,387.9,366.0,0
15,toddler,weight_management,wachter,0,0,0.4222,0.0631,0.2909,0.2177,4,0,1,5297,1.256,plateaued_without_validity,0.6305,0.7009,toddler.choking.meat_chunk,,668.4,648.8,0
16,toddler,weight_management,wachter,0,1,0.3632,0.6846,0.6298,0.3749,4,1,0,4538,2.927,plateaued_without_validity,0.6846,0.7026,,,51.6,55.3,0
17,toddler,weight_management,wachter,0,0,0.0029,0.0068,1.2226,0.4854,8,0,2,4786,3.77,plateaued_without_validity,0.6769,0.7011,toddler.choking.meat_chunk,,28.5,77.3,0
18,toddler,weight_management,wachter,0,0,0.5224,0.0065,0.8,0.3594,9,4,2,3559,0.909,plateaued_without_validity,0.646,0.6907,toddler.choking.meat_chunk;toddler.choking.nut_butter,,2120.8,2949.9,0
19,toddler,weight_management,wachter,0,0,0.0041,0.0007,0.6965,0.3478,8,1,3,2794,0.781,plateaued_without_validity,0.6945,0.7181,toddler.choking.hard_raw_vegetable;toddler.choking.meat_chunk,,678.7,235.2,0
20,toddler,balanced_nutrition,wachter,1,1,0.0428,0.7828,1.0797,0.4983,8,1,0,2748,0.725,valid_and_plateaued,0.7828,0.736,,,159.2,269.2,0
21,toddler,weight_management,wachter,1,1,0.6821,0.716,0.1429,0.0862,3,0,0,1819,1.487,valid_and_plateaued,0.716,0.7006,,,1228.4,1309.1,0
22,toddler,glycemic_control,wachter,0,0,0.517,0.0072,1.1446,0.6124,3,0,2,2894,0.712,plateaued_without_validity,0.7177,0.7219,toddler.choking.meat_chunk;toddler.choking.seed,,1.4,67.7,0
23,toddler,balanced_nutrition,wachter,1,1,0.495,0.7225,0.5773,0.3483,7,1,0,4862,1.276,valid_and_plateaued,0.7225,0.7029,,,959.0,607.5,0
24,toddler,balanced_nutrition,wachter,0,1,0.0542,0.4672,0.249,0.1291,3,0,0,646,0.204,plateaued_without_validity,0.4672,0.4352,,,123.1,25.7,0
25,toddler,weight_management,wachter,0,1,0.5081,0.5245,0.1524,0.0759,3,0,0,652,0.186,plateaued_without_validity,0.5245,0.4943,,,190.5,103.2,0
26,toddler,balanced_nutrition,wachter,0,0,0.036,0.0074,0.5485,0.4551,2,1,2,3453,0.866,plateaued_without_validity,0.742,0.7014,toddler.choking.hard_raw_vegetable;toddler.choking.seed,,47.2,68.2,0
27,toddler,balanced_nutrition,wachter,1,1,0.5872,0.7698,0.4328,0.2712,3,0,0,2570,0.617,valid_and_plateaued,0.7698,0.733,,,116.8,135.6,0
28,toddler,weight_management,wachter,0,0,0.0291,0.0721,1.7796,0.7906,8,3,1,3827,2.912,valid_and_plateaued,0.7214,0.7141,toddler.choking.meat_chunk,,21.4,249.1,0
29,toddler,weight_management,wachter,0,0,0.3552,0.0007,0.6207,0.3135,6,1,3,4183,1.08,plateaued_without_validity,0.7161,0.7163,toddler.choking.meat_chunk,,9.6,106.2,0
30,toddler,glycemic_control,wachter,0,0,0.0214,0.0731,0.6531,0.4224,6,1,1,5649,4.044,plateaued_without_validity,0.7309,0.7305,flag.strict_no_added_sugar.added_sugars_g,,123.4,198.0,0
31,toddler,balanced_nutrition,wachter,0,0,0.3685,0.0701,0.881,0.3381,16,2,1,3294,4.49,plateaued_without_validity,0.7007,0.7011,toddler.choking.meat_chunk,,1080.7,1151.7,0
32,toddler,balanced_nutrition,wachter,1,1,0.0392,0.7519,1.4428,0.5046,10,1,0,4196,3.65,valid_and_plateaued,0.7519,0.7099,,,154.5,205.4,0
33,toddler,weight_management,wachter,0,0,0.0507,0.0414,0.2903,0.1563,4,0,1,650,0.749,plateaued_without_validity,0.4142,0.4325,flag.strict_no_added_sugar.added_sugars_g,,97.2,19.6,0
34,toddler,balanced_nutrition,wachter,0,0,0.5493,0.0067,0.5946,0.2604,8,2,2,1919,1.618,plateaued_without_validity,0.6708,0.7065,flag.strict_no_added_sugar.added_sugars_g;toddler.choking.meat_chunk,,491.7,285.8,0
35,toddler,glycemic_control,wachter,1,1,0.2903,0.7301,1.2527,0.6679,11,3,0,2420,0.711,valid_and_plateaued,0.7301,0.7191,,,312.0,469.7,0
36,toddler,glycemic_control,wachter,0,0,0.0054,0.0077,0.2262,0.1158,5,0,2,2457,0.617,plateaued_without_validity,0.771,0.718,toddler.choking.nut,,63.7,85.7,0
37,toddler,glycemic_control,wachter,0,0,0.6732,0.0585,0.0932,0.0437,5,0,1,663,0.91,plateaued_without_validity,0.5846,0.6155,toddler.choking.meat_chunk,,166.8,157.2,0
38,toddler,balanced_nutrition,wachter,0,1,0.4899,0.6699,0.4016,0.1832,9,1,0,6035,5.667,plateaued_without_validity,0.6699,0.6985,,,1228.1,1040.0,0
39,toddler,balanced_nutrition,wachter,0,0,0.6844,0.0715,0.1273,0.0723,3,0,1,667,0.197,valid_and_plateaued,0.7153,0.68,toddler.choking.meat_chunk,,65.7,64.0,0
40,toddler,weight_management,wachter,0,0,0.3189,0.0741,2.5636,1.2947,5,2,1,4135,0.985,plateaued_without_validity,0.7408,0.7234,toddler.choking.meat_chunk,,5.4,134.3,0
41,toddler,glycemic_control,wachter,0,0,0.0668,0.0745,0.0048,0.0022,1,0,1,677,0.2,plateaued_without_validity,0.7447,0.7285,toddler.choking.hard_raw_vegetable,,594.6,285.2,0
42,toddler,glycemic_control,wachter,0,1,0.0564,0.559,0.0765,0.0543,2,0,0,650,0.711,plateaued_without_validity,0.559,0.5804,,,741.0,635.5,0
43,toddler,balanced_nutrition,wachter,0,0,0.403,0.066,0.4873,0.2211,7,1,1,4867,4.082,plateaued_without_validity,0.6597,0.7042,toddler.choking.meat_chunk,,92.9,92.6,0
44,toddler,glycemic_control,wachter,0,1,0.5421,0.5607,0.023,0.0111,1,0,0,652,0.705,plateaued_without_validity,0.5607,0.5587,,,240.0,75.8,0
45,toddler,glycemic_control,wachter,0,0,0.0029,0.0743,0.9667,0.4331,6,1,1,2775,2.253,plateaued_without_validity,0.7435,0.7357,toddler.choking.nut,,68.9,23.8,0
46,toddler,weight_management,wachter,1,1,0.0207,0.8027,0.9747,0.393,11,2,0,2145,2.332,valid_and_plateaued,0.8027,0.7211,,,792.7,106.1,0
47,toddler,balanced_nutrition,wachter,1,1,0.0532,0.8162,0.8613,0.372,6,1,0,4658,3.423,valid_and_plateaued,0.8162,0.7076,,,15.2,174.3,0
48,toddler,glycemic_control,wachter,0,1,0.6339,0.6325,0.0453,0.0307,2,0,0,645,0.185,plateaued_without_validity,0.6325,0.6462,,,2071.5,1793.8,0
49,toddler,weight_management,wachter,0,0,0.2615,0.0063,0.3774,0.221,4,0,2,6025,4.507,evaluation_budget,0.633,0.7023,toddler.choking.meat_chunk;toddler.choking.seed,,1202.4,1216.7,0
50,toddler,weight_management,wachter,0,0,0.6832,0.0683,0.0016,0.0008,1,0,1,662,0.73,plateaued_without_validity,0.6828,0.6785,toddler.choking.meat_chunk,,465.5,469.0,0
51,toddler,weight_management,wachter,0,0,0.0466,0.0074,0.6424,0.2785,6,0,2,3868,1.024,plateaued_without_validity,0.7389,0.7045,toddler.choking.meat_chunk;toddler.choking.nut,,342.3,180.4,0
52,toddler,glycemic_control,wachter,0,0,0.7143,0.071,0.0144,0.0076,2,0,1,657,0.205,valid_and_plateaued,0.7104,0.6772,toddler.choking.meat_chunk,,308.9,308.2,0
53,toddler,glycemic_control,wachter,0,0,0.0608,0.0073,0.55,0.2984,7,1,2,3139,2.259,plateaued_without_validity,0.7337,0.7001,toddler.choking.meat_chunk,,42.2,62.2,0
54,toddler,glycemic_control,wachter,0,1,0.0525,0.5304,0.2605,0.1254,4,0,0,650,0.193,plateaued_without_validity,0.5304,0.486,,,79.5,24.3,0
55,toddler,glycemic_control,wachter,0,1,0.5459,0.5559,0.0333,0.0212,1,0,0,657,0.191,plateaued_without_validity,0.5559,0.5886,,,828.3,634.4,0
56,toddler,glycemic_control,wachter,0,0,0.0373,0.0008,0.7827,0.3296,7,1,3,2352,0.677,plateaued_without_validity,0.7778,0.748,toddler.choking.grape;toddler.choking.meat_chunk;toddler.choking.seed,,9.2,28.8,0
57,toddler,weight_management,wachter,0,1,0.5179,0.5357,0.5679,0.226,6,0,0,650,0.186,plateaued_without_validity,0.5357,0.5092,,,65.6,0.7,0
58,toddler,glycemic_control,wachter,0,0,0.0314,0.0366,0.2097,0.1145,5,0,1,655,0.807,plateaued_without_validity,0.3658,0.3913,flag.strict_no_added_sugar.added_sugars_g,,135.9,127.2,0
59,toddler,balanced_nutrition,wachter,0,0,0.045,0.0796,0.6949,0.2995,7,1,1,6025,4.689,evaluation_budget,0.7958,0.7113,flag.strict_no_added_sugar.added_sugars_g,,171.6,278.3,0
60,toddler,weight_management,wachter,0,0,0.0384,0.0698,2.68,1.5583,4,0,1,4495,2.925,plateaued_without_validity,0.6982,0.703,toddler.choking.meat_chunk,,44.0,210.4,0
61,toddler,balanced_nutrition,wachter,0,0,0.0301,0.0072,1.807,0.8134,8,1,2,3577,3.06,plateaued_without_validity,0.7194,0.732,flag.strict_no_added_sugar.added_sugars_g;toddler.choking.meat_chunk,,42.4,19.3,0
62,toddler,balanced_nutrition,wachter,0,1,0.3789,0.6682,0.944,0.3913,8,1,0,3701,0.991,plateaued_without_validity,0.6682,0.7127,,,18.2,217.1,0
63,toddler,glycemic_control,wachter,0,1,0.4358,0.4352,0.0101,0.0042,0,0,0,660,0.204,plateaued_without_validity,0.4352,0.4535,,,612.7,573.2,0
64,toddler,weight_management,wachter,0,0,0.0363,0.0677,0.9548,0.568,3,1,1,2732,2.0,plateaued_without_validity,0.6765,0.7098,flag.strict_no_added_sugar.added_sugars_g,,198.9,133.4,0
65,toddler,balanced_nutrition,wachter,0,0,0.0201,0.0077,1.35,0.766,5,1,2,3300,2.622,plateaued_without_validity,0.7668,0.7397,flag.strict_no_added_sugar.added_sugars_g;toddler.choking.meat_chunk,,29.7,38.4,0
66,toddler,weight_management,wachter,1,1,0.4486,0.7996,0.4199,0.1986,5,0,0,2777,0.756,valid_and_plateaued,0.7996,0.731,,,525.4,308.6,0
67,toddler,weight_management,wachter,0,0,0.7544,0.0746,0.0246,0.0149,2,0,1,653,0.189,valid_and_plateaued,0.7456,0.7172,toddler.choking.meat_chunk,,129.0,128.5,0
68,toddler,glycemic_control,wachter,0,0,0.4264,0.0007,0.5305,0.2004,10,2,3,2764,0.815,plateaued_without_validity,0.6867,0.7045,toddler.choking.meat_chunk,,432.5,157.7,0
69,toddler,balanced_nutrition,wachter,0,0,0.0539,0.0775,0.2473,0.1823,5,0,1,4182,1.066,plateaued_without_validity,0.7746,0.7477,toddler.choking.hard_raw_vegetable,,515.1,339.7,0
70,toddler,weight_management,wachter,0,0,0.4315,0.0668,1.0937,0.5174,5,1,1,5734,3.547,plateaued_without_validity,0.6684,0.7043,flag.strict_no_added_sugar.added_sugars_g,,251.2,209.1,0
71,toddler,weight_management,wachter,0,0,0.5855,0.0007,1.1943,0.4692,9,2,3,1286,0.35,plateaued_without_validity,0.6585,0.6824,toddler.choking.meat_chunk,,1643.7,2530.2,0
72,toddler,balanced_nutrition,wachter,0,0,0.0628,0.0076,0.1182,0.0457,9,0,2,6032,1.832,evaluation_budget,0.7647,0.7083,toddler.choking.meat_chunk,,330.4,295.7,0
73,toddler,glycemic_control,wachter,0,0,0.0428,0.0073,2.7577,1.4258,6,2,2,2934,2.364,plateaued_without_validity,0.7342,0.7102,toddler.choking.meat_chunk;toddler.choking.nut,,54.9,93.0,0
74,toddler,weight_management,wachter,1,1,0.4873,0.7203,0.2062,0.1297,4,1,0,6021,5.448,evaluation_budget,0.7203,0.7022,,,1427.0,1084.1,0
75,toddler,balanced_nutrition,wachter,0,1,0.6001,0.5981,0.0453,0.0342,1,0,0,653,0.242,plateaued_without_validity,0.5981,0.6167,,,14.1,7.4,0
76,toddler,balanced_nutrition,wachter,0,0,0.0043,0.0734,0.4971,0.1687,12,2,1,4203,4.039,plateaued_without_validity,0.7336,0.7133,toddler.choking.hard_raw_vegetable,,323.6,269.8,0
77,toddler,weight_management,wachter,0,0,0.0336,0.0639,0.1673,0.1369,1,0,1,6018,4.579,evaluation_budget,0.6395,0.7005,toddler.choking.hard_raw_vegetable,,448.3,307.6,0
78,toddler,balanced_nutrition,wachter,0,0,0.0047,0.0007,0.8579,0.3318,9,1,3,2860,2.594,plateaued_without_validity,0.7278,0.6995,flag.strict_no_added_sugar.added_sugars_g;toddler.choking.hard_raw_vegetable;toddler.choking.seed,,355.7,211.2,0
79,toddler,glycemic_control,wachter,0,0,0.0538,0.0721,0.1178,0.1076,1,0,1,5016,3.368,plateaued_without_validity,0.7212,0.7052,flag.strict_no_added_sugar.added_sugars_g,,687.5,623.1,0
80,toddler,glycemic_control,wachter,0,0,0.4708,0.0066,0.7752,0.598,7,0,2,4539,1.133,plateaued_without_validity,0.6592,0.7022,toddler.choking.nut;toddler.choking.nut_butter,,73.9,142.5,0
81,toddler,glycemic_control,wachter,0,0,0.0585,0.0779,0.5821,0.2581,6,0,1,2257,0.56,plateaued_without_validity,0.7788,0.7232,toddler.choking.seed,,277.8,201.7,0
82,toddler,glycemic_control,wachter,0,1,0.6232,0.6183,0.0716,0.0286,3,0,0,669,0.808,plateaued_without_validity,0.6183,0.612,,,448.3,490.1,0
83,toddler,glycemic_control,wachter,0,0,0.4773,0.0775,1.4059,0.9951,3,0,1,2410,1.796,plateaued_without_validity,0.7748,0.738,flag.strict_no_added_sugar.added_sugars_g,,43.7,78.4,0
84,toddler,glycemic_control,wachter,0,0,0.4621,0.0679,0.8615,0.7008,3,0,1,4584,3.253,plateaued_without_validity,0.6792,0.7015,flag.strict_no_added_sugar.added_sugars_g,,322.9,596.7,0
85,toddler,glycemic_control,wachter,0,1,0.0432,0.5346,0.38,0.2037,3,0,0,645,0.227,plateaued_without_validity,0.5346,0.513,,,412.4,335.2,0
86,toddler,weight_management,wachter,0,0,0.4281,0.0675,0.3055,0.2251,3,1,1,2899,2.016,plateaued_without_validity,0.6748,0.7025,toddler.choking.meat_chunk,,2.9,27.6,0
87,toddler,weight_management,wachter,1,1,0.052,0.7577,0.1756,0.0982,11,1,0,6049,6.385,evaluation_budget,0.7577,0.7195,,,1127.0,224.4,0
88,toddler,balanced_nutrition,wachter,0,1,0.6852,0.6748,0.0312,0.0167,1,0,0,651,0.212,plateaued_without_validity,0.6748,0.5939,,,323.1,283.4,0
89,toddler,glycemic_control,wachter,0,1,0.6293,0.6936,0.0202,0.0179,1,0,0,645,0.164,plateaued_without_validity,0.6936,0.6858,,,499.9,300.7,0
90,toddler,glycemic_control,wachter,0,0,0.0447,0.0069,0.1781,0.1129,4,0,2,4103,2.953,plateaued_without_validity,0.6866,0.704,toddler.choking.hard_raw_vegetable;toddler.choking.meat_chunk,,849.1,925.0,0
91,toddler,weight_management,wachter,0,0,0.0471,0.0006,0.6652,0.3371,7,1,3,4200,3.687,plateaued_without_validity,0.6121,0.6742,toddler.choking.hard_raw_vegetable;toddler.choking.meat_chunk,,3392.3,2668.0,0
92,toddler,balanced_nutrition,wachter,0,0,0.0004,0.0007,0.6318,0.4067,7,1,3,1475,0.474,plateaued_without_validity,0.7063,0.7059,toddler.choking.hard_raw_vegetable,,631.9,744.3,0
93,toddler,balanced_nutrition,wachter,0,0,0.0417,0.0726,0.4704,0.2239,7,0,1,2620,2.383,plateaued_without_validity,0.7261,0.7033,toddler.choking.meat_chunk,,394.9,353.2,0
94,toddler,balanced_nutrition,wachter,0,0,0.398,0.0712,0.5966,0.2544,10,1,1,4877,1.41,plateaued_without_validity,0.7123,0.7011,toddler.choking.meat_chunk,,21.3,95.6,0
95,toddler,glycemic_control,wachter,0,1,0.69,0.6901,0.0037,0.0021,0,0,0,649,0.173,plateaued_without_validity,0.6901,0.6767,,,61.4,22.9,0
96,toddler,weight_management,wachter,0,1,0.4329,0.6987,0.1861,0.1463,2,1,0,5651,1.281,plateaued_without_validity,0.6987,0.7073,,,148.6,159.7,0
97,toddler,weight_management,wachter,0,0,0.0027,0.0695,0.6808,0.3637,9,0,1,4536,1.321,plateaued_without_validity,0.6955,0.697,toddler.choking.meat_chunk,,105.4,86.5,0
98,toddler,balanced_nutrition,wachter,0,0,0.0496,0.0735,3.3448,1.6585,8,2,1,1703,0.507,plateaued_without_validity,0.7349,0.7847,toddler.choking.nut,,245.7,247.9,0
99,toddler,balanced_nutrition,wachter,0,0,0.0006,0.0001,0.0409,0.0168,5,0,4,676,0.843,plateaued_without_validity,0.6639,0.6627,flag.strict_no_added_sugar.added_sugars_g;toddler.choking.hard_raw_vegetable;toddler.choking.meat_chunk,,544.2,337.3,0
100,toddler,balanced_nutrition,wachter,0,0,0.5785,0.0,0.8605,0.3167,10,3,5,1037,1.132,plateaued_without_validity,0.6868,0.6713,flag.strict_no_added_sugar.added_sugars_g;toddler.choking.meat_chunk;toddler.choking.nut,,3379.0,3520.7,0
101,adult,glycemic_control,wachter,0,1,0.2883,0.6812,1.1013,0.4945,7,2,0,1863,0.456,plateaued_without_validity,0.6812,0.6755,,,39.5,474.4,0
102,adult,balanced_nutrition,wachter,0,0,0.1794,0.083,2.1557,1.0223,8,2,1,1625,1.533,plateaued_without_validity,0.8303,0.7791,flag.hypertension.sodium_mg,500.0,4.7,877.8,0
103,adult,weight_management,wachter,0,1,0.4468,0.4773,0.258,0.1272,4,0,0,649,0.179,plateaued_without_validity,0.4773,0.4511,,,335.9,206.1,0
104,adult,weight_management,wachter,1,1,0.4045,0.7862,1.3391,0.5716,8,1,0,1199,0.34,valid_and_plateaued,0.7862,0.7544,,,285.6,177.2,0
105,adult,glycemic_control,wachter,1,1,0.1901,0.7448,1.4748,0.7136,7,1,0,2986,0.738,valid_and_plateaued,0.7448,0.7308,,,78.5,302.9,0
106,adult,weight_management,wachter,0,1,0.6663,0.6871,0.0223,0.014,3,0,0,655,0.229,plateaued_without_validity,0.6871,0.6672,,,418.1,378.0,0
107,adult,balanced_nutrition,wachter,1,1,0.5235,0.7385,0.3447,0.2816,2,0,0,5140,1.158,valid_and_plateaued,0.7385,0.7075,,,247.3,260.1,0
108,adult,balanced_nutrition,wachter,0,0,0.0804,0.0792,0.0291,0.0248,3,0,1,659,0.701,plateaued_without_validity,0.7916,0.7152,flag.hypertension.sodium_mg,500.0,757.7,754.8,1
109,adult,weight_management,wachter,0,1,0.2661,0.2917,0.1722,0.0819,4,0,0,652,0.175,plateaued_without_validity,0.2917,0.3048,,,48.1,30.5,0
110,adult,weight_management,wachter,0,1,0.2605,0.639,0.4452,0.2882,6,0,0,6028,1.497,evaluation_budget,0.639,0.7084,,,1711.5,1789.7,0
111,adult,weight_management,wachter,1,1,0.1407,0.7082,0.6989,0.3199,7,1,0,4057,1.039,valid_and_plateaued,0.7082,0.702,,,95.5,41.6,0
112,adult,balanced_nutrition,wachter,1,1,0.4006,0.7548,0.5514,0.2893,10,0,0,4767,1.275,valid_and_plateaued,0.7548,0.7072,,,1602.9,993.1,0
113,adult,weight_management,wachter,0,1,0.6033,0.6037,0.0196,0.0127,0,0,0,646,0.168,plateaued_without_validity,0.6037,0.5923,,,2309.6,1837.5,0
114,adult,balanced_nutrition,wachter,0,1,0.3386,0.6769,1.8131,1.2513,6,1,0,943,1.066,plateaued_without_validity,0.6769,0.7141,,500.0,387.9,466.2,0
115,adult,balanced_nutrition,wachter,1,1,0.3628,0.7396,0.5712,0.3257,5,1,0,3178,0.74,valid_and_plateaued,0.7396,0.6879,,,668.4,519.4,0
116,adult,weight_management,wachter,1,1,0.2975,0.707,1.5596,0.8717,6,3,0,5263,3.985,valid_and_plateaued,0.707,0.6997,,500.0,51.6,195.3,0
117,adult,weight_management,wachter,0,1,0.2629,0.6993,0.7493,0.4605,6,1,0,5736,1.315,plateaued_without_validity,0.6993,0.702,,,28.5,56.8,0
118,adult,weight_management,wachter,1,1,0.452,0.7041,0.5831,0.3756,4,0,0,4774,1.039,valid_and_plateaued,0.7041,0.7058,,,2120.8,603.6,0
119,adult,weight_management,wachter,1,1,0.3669,0.7147,0.4209,0.1907,7,1,0,4512,1.119,valid_and_plateaued,0.7147,0.7023,,,678.7,793.8,0
120,adult,balanced_nutrition,wachter,1,1,0.3293,0.7484,1.5913,0.7232,7,2,0,1708,0.435,valid_and_plateaued,0.7484,0.6997,,,159.2,401.4,0
121,adult,weight_management,wachter,1,1,0.6579,0.744,0.4395,0.1801,7,3,0,1675,0.406,valid_and_plateaued,0.744,0.7606,,,1228.4,1506.8,0
122,adult,weight_management,wachter,0,1,0.4728,0.4743,0.0723,0.0414,0,0,0,646,0.224,plateaued_without_validity,0.4743,0.5082,,,1.4,0.7,0
123,adult,weight_management,wachter,0,1,0.5911,0.6122,0.0496,0.0332,3,0,0,664,0.18,plateaued_without_validity,0.6122,0.6093,,,959.0,840.2,0
124,adult,weight_management,wachter,0,1,0.4899,0.4994,0.235,0.1253,2,0,0,646,0.179,plateaued_without_validity,0.4994,0.5108,,,123.1,24.9,0
125,adult,balanced_nutrition,wachter,1,1,0.3081,0.7778,1.6357,0.7543,8,1,0,6029,4.946,evaluation_budget,0.7778,0.703,,500.0,190.5,46.6,0
126,adult,balanced_nutrition,wachter,1,1,0.1973,0.8047,3.0116,1.7046,7,4,0,1192,0.998,valid_and_plateaued,0.8047,0.7312,,500.0,47.2,148.8,0
127,adult,balanced_nutrition,wachter,1,1,0.4346,0.7865,2.4925,1.0851,8,3,0,1028,0.268,valid_and_plateaued,0.7865,0.7225,,,116.8,396.1,0
128,adult,balanced_nutrition,wachter,0,1,0.2789,0.6998,1.5394,0.8094,6,2,0,3134,0.716,plateaued_without_validity,0.6998,0.6999,,,21.4,50.0,0
129,adult,glycemic_control,wachter,1,1,0.1859,0.7088,1.0153,0.4108,8,1,0,4219,1.065,valid_and_plateaued,0.7088,0.7001,,,9.6,519.0,0
130,adult,glycemic_control,wachter,0,1,0.1566,0.6887,0.5413,0.3755,4,0,0,6006,1.338,evaluation_budget,0.6887,0.7009,,,123.4,65.1,0
131,adult,balanced_nutrition,wachter,0,0,0.0198,0.0448,0.4437,0.1892,11,0,1,6042,6.718,evaluation_budget,0.4484,0.5412,flag.hypertension.sodium_mg,500.0,1080.7,713.1,1
132,adult,glycemic_control,wachter,1,1,0.3411,0.7111,1.5704,0.5089,11,4,0,3151,0.796,valid_and_plateaued,0.7111,0.7053,,,154.5,188.5,0
133,adult,glycemic_control,wachter,1,1,0.24,0.7189,1.2411,0.5425,6,1,0,2982,0.698,valid_and_plateaued,0.7189,0.7159,,,97.2,146.1,0
134,adult,balanced_nutrition,wachter,0,1,0.7163,0.6974,0.0272,0.0213,2,0,0,650,0.169,plateaued_without_validity,0.6974,0.6317,,,491.7,489.8,0
135,adult,glycemic_control,wachter,1,1,0.2495,0.7186,0.4771,0.2115,7,1,0,6019,1.525,valid_and_plateaued,0.7186,0.7051,,,312.0,159.9,0
136,adult,balanced_nutrition,wachter,0,1,0.3638,0.6631,1.0234,0.7693,6,1,0,3423,0.833,plateaued_without_validity,0.6631,0.7214,,,63.7,54.1,0
137,adult,glycemic_control,wachter,0,1,0.5957,0.5758,0.0932,0.0437,5,0,0,663,0.215,plateaued_without_validity,0.5758,0.5908,,,166.8,157.2,0
138,adult,weight_management,wachter,0,0,0.067,0.0756,0.1473,0.0651,5,0,1,3672,3.112,plateaued_without_validity,0.7556,0.7146,flag.hypertension.sodium_mg,500.0,1228.1,1141.3,1
139,adult,balanced_nutrition,wachter,0,1,0.5201,0.5506,0.11,0.0709,3,0,0,667,0.187,plateaued_without_validity,0.5506,0.5721,,,65.7,64.7,0
140,adult,glycemic_control,wachter,1,1,0.1846,0.7288,3.9773,1.7097,7,1,0,2218,0.523,valid_and_plateaued,0.7288,0.7131,,,5.4,394.6,0
141,adult,balanced_nutrition,wachter,1,1,0.0406,0.7577,0.8087,0.3504,8,1,0,2919,3.059,valid_and_plateaued,0.7577,0.7251,,500.0,594.6,180.3,1
142,adult,balanced_nutrition,wachter,1,1,0.4248,0.7518,1.0936,0.6869,6,1,0,2294,0.566,valid_and_plateaued,0.7518,0.7053,,,741.0,626.6,0
143,adult,balanced_nutrition,wachter,0,1,0.3046,0.6904,0.7955,0.3476,10,4,0,2447,0.617,plateaued_without_validity,0.6904,0.6923,,,92.9,575.8,0
144,adult,weight_management,wachter,1,1,0.448,0.7186,0.4828,0.216,7,3,0,2664,2.226,valid_and_plateaued,0.7186,0.6948,,500.0,240.0,146.0,0
145,adult,glycemic_control,wachter,1,1,0.2387,0.7103,1.0979,0.4857,8,1,0,2466,0.593,valid_and_plateaued,0.7103,0.7051,,,68.9,204.7,0
146,adult,weight_management,wachter,0,1,0.005,0.6816,1.0846,0.4492,10,1,0,1789,2.117,plateaued_without_validity,0.6816,0.708,,500.0,792.7,275.4,1
147,adult,balanced_nutrition,wachter,0,1,0.415,0.4259,0.533,0.2443,5,0,0,644,0.179,plateaued_without_validity,0.4259,0.4056,,,15.2,0.6,0
148,adult,glycemic_control,wachter,0,0,0.0752,0.0751,0.0453,0.0307,2,0,1,645,0.687,plateaued_without_validity,0.7514,0.6839,flag.hypertension.sodium_mg,500.0,2071.5,1793.8,1
149,adult,weight_management,wachter,0,1,0.4165,0.6765,0.4403,0.258,4,0,0,5419,1.163,plateaued_without_validity,0.6765,0.7,,,1202.4,375.0,0
150,adult,weight_management,wachter,1,1,0.7064,0.7065,0.0016,0.0008,1,0,0,662,0.699,valid_and_plateaued,0.7065,0.6855,,500.0,465.5,469.0,0
151,adult,balanced_nutrition,wachter,0,1,0.4887,0.4879,0.0708,0.0397,3,0,0,655,0.202,plateaued_without_validity,0.4879,0.4906,,,342.3,63.8,0
152,adult,glycemic_control,wachter,1,1,0.6099,0.7532,0.1411,0.0665,8,0,0,3138,0.801,valid_and_plateaued,0.7532,0.7048,,,308.9,314.2,0
153,adult,balanced_nutrition,wachter,1,1,0.5464,0.7204,1.056,0.6064,8,1,0,2220,0.548,valid_and_plateaued,0.7204,0.6871,,,42.2,269.5,0
154,adult,glycemic_control,wachter,0,1,0.4253,0.4252,0.2053,0.0922,4,0,0,650,0.181,plateaued_without_validity,0.4252,0.4333,,,79.5,24.7,0
155,adult,weight_management,wachter,0,1,0.4831,0.534,0.0333,0.0212,1,0,0,657,0.167,plateaued_without_validity,0.534,0.5707,,,828.3,634.4,0
156,adult,balanced_nutrition,wachter,1,1,0.1185,0.7173,2.0193,0.6625,14,3,0,2136,2.041,valid_and_plateaued,0.7173,0.6937,,500.0,9.2,301.6,0
157,adult,weight_management,wachter,1,1,0.4662,0.7715,2.2161,0.8983,11,0,0,3439,0.876,valid_and_plateaued,0.7715,0.7115,,,65.6,336.9,0
158,adult,glycemic_control,wachter,0,1,0.195,0.6785,1.3014,0.4298,12,2,0,2586,0.65,plateaued_without_validity,0.6785,0.6756,,,135.9,266.1,0
159,adult,weight_management,wachter,1,1,0.1926,0.799,1.0061,0.4475,5,0,0,4539,3.534,valid_and_plateaued,0.799,0.7039,,500.0,171.6,474.6,0
160,adult,balanced_nutrition,wachter,0,1,0.4415,0.5855,9.55,5.0337,7,2,0,1700,0.416,plateaued_without_validity,0.5855,0.6803,,,44.0,193.0,0
161,adult,balanced_nutrition,wachter,1,1,0.1232,0.7526,3.0702,1.1343,12,4,0,5271,4.506,valid_and_plateaued,0.7526,0.7067,,500.0,42.4,267.6,0
162,adult,balanced_nutrition,wachter,0,1,0.2896,0.6873,1.776,0.7179,10,2,0,3229,0.8,plateaued_without_validity,0.6873,0.7086,,,18.2,454.7,0
163,adult,glycemic_control,wachter,0,1,0.5053,0.5216,0.0811,0.0398,2,0,0,660,0.194,plateaued_without_validity,0.5216,0.4777,,,612.7,523.3,0
164,adult,balanced_nutrition,wachter,0,1,0.2053,0.6806,1.9976,0.8511,7,2,0,2465,0.563,plateaued_without_validity,0.6806,0.7176,,,198.9,276.3,0
165,adult,glycemic_control,wachter,1,1,0.2225,0.7487,0.45,0.261,3,1,0,4292,0.904,valid_and_plateaued,0.7487,0.7008,,,29.7,45.3,0
166,adult,weight_management,wachter,1,1,0.4263,0.7601,0.4312,0.177,6,1,0,1265,0.324,valid_and_plateaued,0.7601,0.7062,,,525.4,473.9,0
167,adult,weight_management,wachter,0,1,0.6361,0.6257,0.071,0.0394,3,0,0,653,0.727,plateaued_without_validity,0.6257,0.6134,,500.0,129.0,134.7,0
168,adult,weight_management,wachter,1,1,0.5549,0.7853,0.2288,0.1109,6,1,0,2948,0.766,valid_and_plateaued,0.7853,0.7051,,,432.5,65.1,0
169,adult,balanced_nutrition,wachter,1,1,0.5065,0.7665,0.5796,0.2913,7,1,0,2028,0.505,valid_and_plateaued,0.7665,0.7182,,,515.1,435.5,0
170,adult,weight_management,wachter,1,1,0.4187,0.7739,0.8633,0.6338,4,1,0,2537,0.598,valid_and_plateaued,0.7739,0.7056,,,251.2,199.6,0
171,adult,balanced_nutrition,wachter,1,1,0.3859,0.7451,0.6115,0.3148,5,2,0,4665,1.033,valid_and_plateaued,0.7451,0.7081,,,1643.7,1384.2,0
172,adult,weight_management,wachter,1,1,0.7357,0.7566,0.0566,0.0234,7,0,0,670,0.846,valid_and_plateaued,0.7566,0.6988,,500.0,330.4,327.9,0
173,adult,glycemic_control,wachter,0,1,0.4973,0.4928,0.9192,0.4351,4,0,0,644,0.188,plateaued_without_validity,0.4928,0.4835,,,54.9,0.2,0
174,adult,balanced_nutrition,wachter,0,1,0.4568,0.6859,0.2065,0.1246,5,0,0,3984,1.027,plateaued_without_validity,0.6859,0.7169,,,1427.0,782.3,0
175,adult,glycemic_control,wachter,0,1,0.3902,0.6772,1.0937,0.4806,8,1,0,867,0.225,plateaued_without_validity,0.6772,0.6712,,,14.1,2781.7,0
176,adult,balanced_nutrition,wachter,0,1,0.5225,0.5213,0.0875,0.0416,4,0,0,665,0.191,plateaued_without_validity,0.5213,0.4971,,,323.6,8.7,0
177,adult,glycemic_control,wachter,0,1,0.4633,0.4628,0.0327,0.0157,0,0,0,655,0.188,plateaued_without_validity,0.4628,0.4991,,,448.3,292.8,0
178,adult,balanced_nutrition,wachter,1,1,0.2832,0.773,0.8923,0.5364,8,1,0,3341,0.806,valid_and_plateaued,0.773,0.7066,,,355.7,116.0,0
179,adult,glycemic_control,wachter,1,1,0.5047,0.7216,0.2243,0.2016,1,0,0,4416,1.007,valid_and_plateaued,0.7216,0.7001,,,687.5,600.6,0
180,adult,balanced_nutrition,wachter,1,1,0.3163,0.8067,0.7348,0.5475,6,1,0,5020,4.783,valid_and_plateaued,0.8067,0.7492,,500.0,73.9,147.3,0
181,adult,glycemic_control,wachter,1,1,0.4838,0.7597,1.0388,0.503,7,1,0,4099,0.954,valid_and_plateaued,0.7597,0.7078,,,277.8,192.6,0
182,adult,glycemic_control,wachter,0,1,0.5142,0.6944,1.1821,0.6741,8,1,0,1272,1.297,plateaued_without_validity,0.6944,0.6884,,500.0,448.3,221.4,0
183,adult,weight_management,wachter,0,1,0.4746,0.6418,3.2583,1.9434,4,0,0,3450,0.766,plateaued_without_validity,0.6418,0.7018,,,43.7,51.0,0
184,adult,glycemic_control,wachter,1,1,0.4829,0.7044,1.3543,0.6581,5,1,0,2940,0.679,valid_and_plateaued,0.7044,0.7084,,,322.9,289.3,0
185,adult,weight_management,wachter,1,1,0.4716,0.7593,1.07,0.5879,4,0,0,5091,1.098,valid_and_plateaued,0.7593,0.7,,,412.4,692.8,0
186,adult,weight_management,wachter,0,1,0.4121,0.6615,0.7552,0.3775,7,1,0,4312,3.093,plateaued_without_validity,0.6615,0.7011,,500.0,2.9,185.7,0
187,adult,glycemic_control,wachter,1,1,0.5464,0.748,0.5582,0.2076,11,1,0,2177,0.63,valid_and_plateaued,0.748,0.738,,,1127.0,755.9,0
188,adult,weight_management,wachter,1,1,0.6262,0.7719,0.3377,0.1949,4,1,0,1385,0.359,valid_and_plateaued,0.7719,0.7579,,,323.1,409.3,0
189,adult,glycemic_control,wachter,0,1,0.5936,0.5988,0.0051,0.0036,1,0,0,645,0.157,plateaued_without_validity,0.5988,0.6308,,,499.9,306.9,0
190,adult,glycemic_control,wachter,1,1,0.3913,0.7046,0.4008,0.2313,5,1,0,3935,0.913,valid_and_plateaued,0.7046,0.7037,,,849.1,324.6,0
191,adult,balanced_nutrition,wachter,0,1,0.3504,0.6785,0.7738,0.6231,4,0,0,3740,0.894,plateaued_without_validity,0.6785,0.7207,,,3392.3,567.5,0
192,adult,balanced_nutrition,wachter,0,1,0.2871,0.6806,0.4678,0.1899,9,1,0,3078,0.83,plateaued_without_validity,0.6806,0.703,,,631.9,499.0,0
193,adult,weight_management,wachter,1,1,0.4355,0.7153,0.6798,0.3266,6,0,0,1826,0.506,valid_and_plateaued,0.7153,0.7308,,,394.9,329.7,0
194,adult,balanced_nutrition,wachter,1,1,0.3111,0.776,1.3314,0.436,14,4,0,3454,0.929,valid_and_plateaued,0.776,0.7205,,,21.3,391.1,0
195,adult,glycemic_control,wachter,0,1,0.6301,0.6353,0.0451,0.0421,1,0,0,649,0.161,plateaued_without_validity,0.6353,0.6355,,,61.4,23.4,0
196,adult,glycemic_control,wachter,1,1,0.5041,0.7146,0.8896,0.4317,6,1,0,1144,0.968,valid_and_plateaued,0.7146,0.6902,,500.0,148.6,443.0,0
197,adult,weight_management,wachter,0,0,0.0754,0.0732,1.4576,0.5301,13,1,1,2121,2.387,plateaued_without_validity,0.7321,0.7055,flag.hypertension.sodium_mg,500.0,105.4,4101.3,0
198,adult,balanced_nutrition,wachter,0,0,0.3682,0.0675,1.7897,0.8336,5,2,1,2386,2.112,plateaued_without_validity,0.6752,0.6754,flag.hypertension.sodium_mg,500.0,245.7,649.7,0
199,adult,balanced_nutrition,wachter,0,1,0.5675,0.5743,0.0058,0.0023,2,0,0,676,0.245,plateaued_without_validity,0.5743,0.5872,,,544.2,351.2,0
200,adult,weight_management,wachter,1,1,0.7426,0.7427,0.0082,0.0075,3,0,0,659,0.171,valid_and_plateaued,0.7427,0.7429,,,3379.0,1673.2,0
201,older_adult,glycemic_control,wachter,0,0,0.0,0.0007,1.4887,0.7867,6,2,3,936,0.256,plateaued_without_validity,0.6595,0.6305,flag.dysphagia.texture,,39.5,120.8,0
202,older_adult,balanced_nutrition,wachter,1,1,0.1571,0.7206,1.2821,0.6779,7,2,0,2499,2.205,valid_and_plateaued,0.7206,0.6776,,500.0,4.7,410.7,0
203,older_adult,balanced_nutrition,wachter,0,0,0.0,0.0,2.5148,0.9403,12,1,13,1252,1.339,plateaued_without_validity,0.8089,0.6803,flag.ace_inhibitor_or_k_sparing_diuretic.potassium_mg;flag.dysphagia.texture,,335.9,610.1,0
204,older_adult,balanced_nutrition,wachter,0,0,0.1591,0.0862,1.2311,0.4755,9,3,1,4729,5.022,plateaued_without_validity,0.8616,0.7327,flag.hypertension.sodium_mg,500.0,285.6,5484.8,0
205,older_adult,weight_management,wachter,1,1,0.3426,0.7145,0.8976,0.4954,6,1,0,3898,0.914,valid_and_plateaued,0.7145,0.6986,,,78.5,306.7,0
206,older_adult,glycemic_control,wachter,0,1,0.6694,0.6788,0.0223,0.014,3,0,0,655,0.181,plateaued_without_validity,0.6788,0.6527,,,418.1,378.0,0
207,older_adult,glycemic_control,wachter,1,1,0.5066,0.729,0.5106,0.2622,5,0,0,3260,0.773,valid_and_plateaued,0.729,0.6996,,,247.3,357.9,0
208,older_adult,glycemic_control,wachter,0,0,0.0081,0.0809,0.0291,0.0248,3,0,1,659,0.731,plateaued_without_validity,0.809,0.7925,flag.hypertension.sodium_mg,500.0,757.7,754.8,1
209,older_adult,glycemic_control,wachter,1,1,0.1882,0.7283,1.3391,0.5425,9,3,0,3263,0.754,valid_and_plateaued,0.7283,0.6991,,,48.1,287.7,0
210,older_adult,balanced_nutrition,wachter,0,0,0.0334,0.0848,0.5753,0.2901,11,1,1,3412,3.539,plateaued_without_validity,0.8476,0.7692,flag.hypertension.sodium_mg,500.0,1711.5,2182.8,1
211,older_adult,weight_management,wachter,0,1,0.1571,0.6881,0.7817,0.3418,8,1,0,4258,1.094,plateaued_without_validity,0.6881,0.6923,,,95.5,116.2,0
212,older_adult,weight_management,wachter,0,1,0.4974,0.5996,0.1964,0.105,4,0,0,666,0.199,plateaued_without_validity,0.5996,0.6295,,,1602.9,1305.6,0
213,older_adult,glycemic_control,wachter,0,1,0.5338,0.5338,0.0196,0.0127,0,0,0,646,0.156,plateaued_without_validity,0.5338,0.5219,,,2309.6,1837.5,0
214,older_adult,weight_management,wachter,0,1,0.4628,0.6781,0.1411,0.0684,4,1,0,6025,4.908,evaluation_budget,0.6781,0.7009,,500.0,387.9,380.9,0
215,older_adult,weight_management,wachter,1,1,0.4318,0.7022,0.7152,0.3039,6,1,0,4556,1.025,valid_and_plateaued,0.7022,0.7059,,,668.4,523.6,0
216,older_adult,balanced_nutrition,wachter,1,1,0.1119,0.7276,1.6383,0.5706,10,2,0,2434,2.055,valid_and_plateaued,0.7276,0.7188,,500.0,51.6,211.6,0
217,older_adult,balanced_nutrition,wachter,0,0,0.0201,0.0772,0.9701,0.405,8,0,1,5669,1.426,plateaued_without_validity,0.7722,0.7048,flag.metformin.excluded_food,,28.5,269.0,0
218,older_adult,balanced_nutrition,wachter,0,0,0.0004,0.0,1.3282,0.5822,7,2,8,3593,3.032,plateaued_without_validity,0.7644,0.7515,flag.dysphagia.texture;flag.hypertension.sodium_mg,500.0,2120.8,766.1,1
219,older_adult,glycemic_control,wachter,0,0,0.0543,0.0545,0.0209,0.0127,2,0,1,666,0.767,plateaued_without_validity,0.5447,0.5453,flag.hypertension.sodium_mg,500.0,678.7,629.2,1
220,older_adult,glycemic_control,wachter,1,1,0.4374,0.7068,0.2882,0.2083,2,0,0,4381,1.004,valid_and_plateaued,0.7068,0.7042,,,159.2,166.7,0
221,older_adult,weight_management,wachter,0,1,0.6824,0.6768,0.1063,0.0554,3,0,0,657,0.17,plateaued_without_validity,0.6768,0.6324,,,1228.4,1316.5,0
222,older_adult,weight_management,wachter,1,1,0.0391,0.7041,2.7157,1.423,4,1,0,3184,0.786,valid_and_plateaued,0.7041,0.7067,,,1.4,276.8,0
223,older_adult,balanced_nutrition,wachter,1,1,0.4625,0.8131,0.9445,0.3285,11,3,0,3931,1.024,valid_and_plateaued,0.8131,0.7096,,,959.0,581.9,0
224,older_adult,balanced_nutrition,wachter,1,1,0.2881,0.7287,2.4854,1.0933,8,1,0,3313,0.918,valid_and_plateaued,0.7287,0.7113,,,123.1,96.5,0
225,older_adult,balanced_nutrition,wachter,0,0,0.2608,0.0766,1.3027,0.5691,8,1,1,5180,4.066,plateaued_without_validity,0.7662,0.7028,flag.hypertension.sodium_mg,500.0,190.5,722.3,0
226,older_adult,balanced_nutrition,wachter,1,1,0.0924,0.7358,2.2272,1.5146,5,2,0,1424,1.204,valid_and_plateaued,0.7358,0.6822,,500.0,47.2,302.3,0
227,older_adult,balanced_nutrition,wachter,0,1,0.392,0.6802,0.7851,0.4749,5,0,0,3936,0.905,plateaued_without_validity,0.6802,0.7016,,,116.8,142.8,0
228,older_adult,weight_management,wachter,0,1,0.3196,0.6733,1.0955,0.5662,6,2,0,6018,1.341,evaluation_budget,0.6733,0.6985,,,21.4,176.8,0
229,older_adult,glycemic_control,wachter,1,1,0.1808,0.734,1.1877,0.4637,10,2,0,2631,0.708,valid_and_plateaued,0.734,0.7102,,,9.6,394.7,0
230,older_adult,balanced_nutrition,wachter,0,0,0.1669,0.0082,2.0825,0.898,11,6,2,2077,2.043,plateaued_without_validity,0.8174,0.7339,flag.hypertension.sodium_mg;flag.warfarin.vitamin_k_ug,500.0,123.4,4405.6,0
231,older_adult,balanced_nutrition,wachter,0,0,0.0182,0.0673,0.7751,0.3819,13,1,1,3685,4.647,plateaued_without_validity,0.6734,0.6367,flag.hypertension.sodium_mg,500.0,1080.7,1949.1,1
232,older_adult,weight_management,wachter,1,1,0.3053,0.7638,1.5174,0.6431,9,1,0,4504,3.719,valid_and_plateaued,0.7638,0.6951,,500.0,154.5,248.8,0
233,older_adult,balanced_nutrition,wachter,1,1,0.3009,0.7091,1.2003,0.5967,6,1,0,3943,3.158,valid_and_plateaued,0.7091,0.7232,,,97.2,515.4,0
234,older_adult,balanced_nutrition,wachter,0,1,0.5195,0.512,0.0272,0.0213,2,0,0,650,0.649,plateaued_without_validity,0.512,0.54,,,491.7,489.8,0
235,older_adult,weight_management,wachter,0,1,0.1805,0.64,0.6566,0.2144,12,3,0,3687,1.023,plateaued_without_validity,0.64,0.7026,,,312.0,294.4,0
236,older_adult,balanced_nutrition,wachter,0,1,0.305,0.686,1.0713,0.7733,6,0,0,3899,0.963,plateaued_without_validity,0.686,0.7001,,,63.7,281.8,0
237,older_adult,glycemic_control,wachter,1,1,0.5812,0.7076,0.1913,0.0809,9,0,0,4636,1.265,valid_and_plateaued,0.7076,0.7219,,,166.8,189.9,0
238,older_adult,glycemic_control,wachter,0,0,0.068,0.0657,0.0669,0.035,3,0,1,669,0.813,plateaued_without_validity,0.6575,0.6372,flag.hypertension.sodium_mg,500.0,1228.1,1135.4,1
239,older_adult,balanced_nutrition,wachter,0,1,0.4398,0.4625,0.088,0.0504,2,0,0,673,0.8,plateaued_without_validity,0.4625,0.5374,,500.0,65.7,67.4,0
240,older_adult,weight_management,wachter,0,1,0.3426,0.6973,5.1591,2.3723,8,3,0,1746,0.415,plateaued_without_validity,0.6973,0.6924,,,5.4,566.6,0
241,older_adult,balanced_nutrition,wachter,1,1,0.039,0.8256,1.1651,0.4484,10,1,0,1572,1.808,valid_and_plateaued,0.8256,0.7305,,500.0,594.6,383.4,1
242,older_adult,weight_management,wachter,0,1,0.5376,0.5641,0.0765,0.0543,2,0,0,650,0.722,plateaued_without_validity,0.5641,0.5435,,,741.0,635.5,0
243,older_adult,weight_management,wachter,1,1,0.5088,0.7155,0.1731,0.1274,4,1,0,5467,4.104,valid_and_plateaued,0.7155,0.7148,,,92.9,94.5,0
244,older_adult,weight_management,wachter,0,1,0.3975,0.6915,0.6908,0.2794,7,1,0,3263,2.812,plateaued_without_validity,0.6915,0.7064,,500.0,240.0,189.8,0
245,older_adult,balanced_nutrition,wachter,1,1,0.2618,0.7787,1.9167,0.7122,10,0,0,2184,1.93,valid_and_plateaued,0.7787,0.7236,,,68.9,153.6,0
246,older_adult,glycemic_control,wachter,0,0,0.0172,0.075,0.7819,0.3777,8,1,1,3547,3.584,plateaued_without_validity,0.7503,0.7133,flag.hypertension.sodium_mg,500.0,792.7,561.8,1
247,older_adult,glycemic_control,wachter,0,1,0.3513,0.6804,2.1912,1.0465,8,1,0,3746,0.889,plateaued_without_validity,0.6804,0.7085,,,15.2,104.6,0
248,older_adult,weight_management,wachter,0,0,0.0626,0.0762,0.4317,0.3114,5,2,1,1820,1.443,plateaued_without_validity,0.7623,0.7003,flag.hypertension.sodium_mg,500.0,2071.5,1828.8,1
249,older_adult,weight_management,wachter,0,0,0.0389,0.0661,0.3333,0.1625,5,2,1,4748,3.384,plateaued_without_validity,0.6611,0.7062,flag.hypertension.sodium_mg,500.0,1202.4,1167.9,1
250,older_adult,balanced_nutrition,wachter,0,1,0.5808,0.5808,0.0016,0.0008,1,0,0,662,0.723,plateaued_without_validity,0.5808,0.5816,,500.0,465.5,469.0,0
251,older_adult,glycemic_control,wachter,1,1,0.4214,0.761,0.7132,0.4472,7,0,0,4906,1.292,valid_and_plateaued,0.761,0.7042,,,342.3,171.8,0
252,older_adult,balanced_nutrition,wachter,1,1,0.3461,0.727,0.6712,0.4576,9,1,0,3943,1.036,valid_and_plateaued,0.727,0.7006,,,308.9,196.0,0
253,older_adult,glycemic_control,wachter,1,1,0.479,0.7747,1.1363,0.4412,10,1,0,2506,0.64,valid_and_plateaued,0.7747,0.7627,,,42.2,135.9,0
254,older_adult,balanced_nutrition,wachter,1,1,0.3392,0.8087,1.2962,0.5129,9,1,0,3821,0.943,valid_and_plateaued,0.8087,0.691,,,79.5,190.9,0
255,older_adult,glycemic_control,wachter,0,0,0.0,0.0006,0.0333,0.0212,1,0,3,657,0.19,plateaued_without_validity,0.6225,0.6485,flag.dysphagia.texture,,828.3,634.4,0
256,older_adult,glycemic_control,wachter,0,0,0.0,0.0,1.0572,0.5585,5,2,5,4665,4.013,plateaued_without_validity,0.7466,0.7076,flag.dysphagia.texture,500.0,9.2,163.0,0
257,older_adult,weight_management,wachter,0,0,0.0,0.0,1.8122,1.0614,8,0,5,1422,0.418,plateaued_without_validity,0.703,0.6866,flag.dysphagia.texture,,65.6,187.9,0
258,older_adult,balanced_nutrition,wachter,1,1,0.283,0.7254,1.9779,0.7116,13,4,0,4678,1.213,valid_and_plateaued,0.7254,0.7023,,,135.9,681.3,0
259,older_adult,weight_management,wachter,0,1,0.2244,0.6957,1.703,0.6158,9,1,0,4186,3.48,plateaued_without_validity,0.6957,0.692,,500.0,171.6,388.4,0
260,older_adult,glycemic_control,wachter,1,1,0.4811,0.7048,5.13,2.712,6,1,0,3098,0.699,valid_and_plateaued,0.7048,0.7011,,,44.0,20.3,0
261,older_adult,balanced_nutrition,wachter,0,0,0.1046,0.0713,2.5263,1.1501,9,0,1,4141,3.705,plateaued_without_validity,0.7132,0.7042,flag.hypertension.sodium_mg,500.0,42.4,578.9,0
262,older_adult,weight_management,wachter,1,1,0.3325,0.7051,1.9333,1.4346,6,0,0,4574,3.55,valid_and_plateaued,0.7051,0.7015,,,18.2,91.4,0
263,older_adult,glycemic_control,wachter,0,0,0.0,0.0,0.0101,0.0042,0,0,7,660,0.216,plateaued_without_validity,0.5155,0.4743,flag.dysphagia.texture,,612.7,573.2,0
264,older_adult,glycemic_control,wachter,1,1,0.2637,0.737,1.0381,0.6011,4,2,0,3133,0.723,valid_and_plateaued,0.737,0.7154,,,198.9,212.7,0
265,older_adult,weight_management,wachter,1,1,0.2019,0.7025,1.6438,0.937,5,1,0,2737,1.892,valid_and_plateaued,0.7025,0.7135,,,29.7,163.5,0
266,older_adult,balanced_nutrition,wachter,0,1,0.0558,0.541,0.0424,0.0235,1,0,0,656,0.742,plateaued_without_validity,0.541,0.4582,,500.0,525.4,258.8,1
267,older_adult,weight_management,wachter,1,1,0.6064,0.7247,0.1264,0.1029,3,0,0,5456,3.544,valid_and_plateaued,0.7247,0.7007,,500.0,129.0,144.1,0
268,older_adult,weight_management,wachter,0,1,0.4309,0.5136,0.0989,0.047,4,0,0,662,0.755,plateaued_without_validity,0.5136,0.5265,,500.0,432.5,44.8,0
269,older_adult,balanced_nutrition,wachter,0,0,0.0,0.0,0.1046,0.0477,5,0,5,664,0.198,plateaued_without_validity,0.58,0.5256,flag.dysphagia.texture,,515.1,479.6,0
270,older_adult,glycemic_control,wachter,1,1,0.3929,0.7629,0.9392,0.5376,5,1,0,3301,0.769,valid_and_plateaued,0.7629,0.7043,,,251.2,340.9,0
271,older_adult,balanced_nutrition,wachter,0,1,0.3056,0.6274,0.9158,0.4542,6,1,0,3112,0.754,plateaued_without_validity,0.6274,0.7,,,1643.7,709.5,0
272,older_adult,weight_management,wachter,0,1,0.6353,0.6644,0.0566,0.0234,7,0,0,670,0.884,plateaued_without_validity,0.6644,0.6098,,500.0,330.4,327.9,0
273,older_adult,balanced_nutrition,wachter,1,1,0.3449,0.7431,4.8747,2.9627,7,1,0,5464,4.142,valid_and_plateaued,0.7431,0.7,,500.0,54.9,220.8,0
274,older_adult,weight_management,wachter,0,1,0.4504,0.6968,0.431,0.1904,9,3,0,2549,2.397,plateaued_without_validity,0.6968,0.7134,,,1427.0,3041.9,0
275,older_adult,balanced_nutrition,wachter,1,1,0.4781,0.7305,0.6262,0.2661,8,0,0,3389,0.851,valid_and_plateaued,0.7305,0.714,,,14.1,473.8,0
276,older_adult,balanced_nutrition,wachter,0,0,0.3914,0.0076,0.6904,0.2618,10,1,2,2410,2.284,plateaued_without_validity,0.7554,0.6961,flag.ace_inhibitor_or_k_sparing_diuretic.potassium_mg;flag.hypertension.sodium_mg,500.0,323.6,732.3,0
277,older_adult,weight_management,wachter,1,1,0.4938,0.7179,0.9739,0.5047,4,0,0,987,1.069,valid_and_plateaued,0.7179,0.694,,,448.3,392.5,0
278,older_adult,glycemic_control,wachter,0,0,0.0,0.0,0.6896,0.466,7,0,7,4303,1.118,plateaued_without_validity,0.7325,0.7015,flag.dysphagia.texture,,355.7,137.6,0
279,older_adult,balanced_nutrition,wachter,0,1,0.3665,0.6899,1.043,0.4165,8,3,0,2229,0.582,plateaued_without_validity,0.6899,0.7223,,,687.5,566.5,0
280,older_adult,balanced_nutrition,wachter,0,0,0.2998,0.065,1.0304,0.5779,11,4,1,2327,2.536,plateaued_without_validity,0.6504,0.6251,flag.hypertension.sodium_mg,500.0,73.9,708.6,0
281,older_adult,weight_management,wachter,0,1,0.4432,0.5162,0.2507,0.1289,3,0,0,655,0.176,plateaued_without_validity,0.5162,0.5264,,,277.8,280.6,0
282,older_adult,weight_management,wachter,0,1,0.4944,0.5094,0.0798,0.0353,2,0,0,669,0.841,plateaued_without_validity,0.5094,0.4828,,500.0,448.3,430.3,0
283,older_adult,glycemic_control,wachter,0,1,0.436,0.6853,2.3358,1.3179,5,1,0,5136,1.16,plateaued_without_validity,0.6853,0.7164,,,43.7,165.4,0
284,older_adult,balanced_nutrition,wachter,0,1,0.2313,0.6888,1.2802,0.9068,4,0,0,3178,0.731,plateaued_without_validity,0.6888,0.6968,,,322.9,445.3,0
285,older_adult,balanced_nutrition,wachter,1,1,0.3381,0.7635,3.76,2.0855,7,3,0,1716,0.436,valid_and_plateaued,0.7635,0.713,,,412.4,508.6,0
286,older_adult,glycemic_control,wachter,1,1,0.3464,0.7342,0.7952,0.4994,5,1,0,2301,1.895,valid_and_plateaued,0.7342,0.71,,500.0,2.9,75.8,0
287,older_adult,balanced_nutrition,wachter,1,1,0.317,0.8136,0.4677,0.1862,14,1,0,4697,1.44,valid_and_plateaued,0.8136,0.7283,,,1127.0,328.4,0
288,older_adult,balanced_nutrition,wachter,1,1,0.4455,0.7954,0.1662,0.0923,3,1,0,5380,1.304,valid_and_plateaued,0.7954,0.7072,,,323.1,318.3,0
289,older_adult,balanced_nutrition,wachter,1,1,0.4795,0.7714,0.9798,0.468,5,2,0,2906,2.151,valid_and_plateaued,0.7714,0.698,,,499.9,243.5,0
290,older_adult,glycemic_control,wachter,0,0,0.0423,0.0071,0.4811,0.2077,6,2,2,2509,2.079,plateaued_without_validity,0.7121,0.7122,flag.hypertension.sodium_mg;flag.warfarin.vitamin_k_ug,500.0,849.1,916.6,1
291,older_adult,weight_management,wachter,0,1,0.368,0.6331,0.6765,0.5198,4,0,0,6022,1.415,evaluation_budget,0.6331,0.7029,,,3392.3,958.2,0
292,older_adult,weight_management,wachter,0,1,0.3704,0.6984,0.2998,0.13,7,0,0,5601,1.448,plateaued_without_validity,0.6984,0.7023,,,631.9,570.5,0
293,older_adult,glycemic_control,wachter,0,1,0.4866,0.488,0.0188,0.0126,2,0,0,656,0.198,plateaued_without_validity,0.488,0.4956,,,394.9,392.3,0
294,older_adult,weight_management,wachter,0,1,0.1816,0.6767,0.6341,0.2174,12,3,0,4615,1.216,plateaued_without_validity,0.6767,0.7061,,,21.3,82.4,0
295,older_adult,glycemic_control,wachter,0,0,0.0001,0.0057,0.0598,0.0544,1,0,2,649,0.18,plateaued_without_validity,0.5657,0.5877,flag.dysphagia.texture,,61.4,22.6,0
296,older_adult,balanced_nutrition,wachter,0,0,0.1193,0.0737,1.0644,0.7562,6,2,1,5903,4.459,plateaued_without_validity,0.7374,0.7223,flag.hypertension.sodium_mg,500.0,148.6,531.4,0
297,older_adult,glycemic_control,wachter,0,1,0.1149,0.6786,0.9157,0.3588,10,2,0,4470,4.193,plateaued_without_validity,0.6786,0.6989,,500.0,105.4,96.3,0
298,older_adult,weight_management,wachter,0,1,0.3334,0.6692,2.3345,1.0581,7,2,0,2824,2.321,plateaued_without_validity,0.6692,0.6966,,500.0,245.7,439.9,0
299,older_adult,weight_management,wachter,0,1,0.6387,0.6562,0.107,0.0562,6,0,0,676,0.216,plateaued_without_validity,0.6562,0.6489,,,544.2,316.7,0
300,older_adult,weight_management,wachter,0,0,0.0706,0.0706,0.0082,0.0075,3,0,1,659,0.682,plateaued_without_validity,0.7061,0.7188,flag.ace_inhibitor_or_k_sparing_diuretic.potassium_mg,,3379.0,1673.2,0
1,toddler,glycemic_control,wachter_restricted,0,0,0.0378,0.0705,0.5584,0.3945,5,0,1,5219,2.734,plateaued_without_validity,0.7049,0.6949,toddler.choking.meat_chunk,,39.5,257.6,0
2,toddler,weight_management,wachter_restricted,0,1,0.0332,0.6359,1.0368,0.6395,4,0,0,4136,2.242,plateaued_without_validity,0.6359,0.6977,,,4.7,3.3,0
3,toddler,glycemic_control,wachter_restricted,0,0,0.0267,0.0724,1.2239,0.4356,10,0,1,3349,2.164,plateaued_without_validity,0.7244,0.701,flag.strict_no_added_sugar.added_sugars_g,,335.9,532.7,0
4,toddler,glycemic_control,wachter_restricted,0,0,0.0043,0.0708,1.0149,0.4326,7,0,1,986,0.872,plateaued_without_validity,0.7084,0.7058,toddler.choking.hard_raw_vegetable,,285.6,106.7,0
5,toddler,glycemic_control,wachter_restricted,1,1,0.2332,0.7489,0.9512,0.4764,6,0,0,4347,0.971,valid_and_plateaued,0.7489,0.6974,,,78.5,203.6,0
6,toddler,weight_management,wachter_restricted,0,0,0.0625,0.0666,0.0788,0.0448,5,0,1,655,0.165,plateaued_without_validity,0.6658,0.6449,toddler.choking.hard_raw_vegetable,,418.1,379.5,0
7,toddler,balanced_nutrition,wachter_restricted,1,1,0.6095,0.8034,0.3553,0.2182,3,0,0,2460,1.469,valid_and_plateaued,0.8034,0.7228,,,247.3,261.3,0
8,toddler,balanced_nutrition,wachter_restricted,0,0,0.6866,0.0681,0.0291,0.0248,3,0,1,659,0.553,plateaued_without_validity,0.6814,0.6602,toddler.choking.meat_chunk,,757.7,754.8,0
9,toddler,weight_management,wachter_restricted,0,1,0.3229,0.6873,0.887,0.5059,6,0,0,4334,0.897,plateaued_without_validity,0.6873,0.701,,,48.1,72.2,0
10,toddler,glycemic_control,wachter_restricted,0,1,0.0381,0.6566,0.5126,0.3265,7,0,0,4022,2.685,plateaued_without_validity,0.6566,0.7032,,,1711.5,857.5,0
11,toddler,weight_management,wachter_restricted,0,0,0.0032,0.0061,1.1247,0.4326,9,0,2,750,0.699,plateaued_without_validity,0.6123,0.6196,flag.strict_no_added_sugar.added_sugars_g;toddler.choking.nut,,95.5,217.3,0
12,toddler,weight_management,wachter_restricted,0,0,0.0066,0.0071,0.152,0.0778,4,0,2,672,0.183,plateaued_without_validity,0.7086,0.6599,toddler.choking.hard_raw_vegetable,,1602.9,1376.1,0
13,toddler,weight_management,wachter_restricted,0,0,0.4788,0.0705,1.1774,0.8789,3,0,1,4534,2.118,plateaued_without_validity,0.7046,0.6986,toddler.choking.seed,,2309.6,264.3,0
14,toddler,weight_management,wachter_restricted,0,1,0.4641,0.6363,0.221,0.0954,7,0,0,1821,1.392,plateaued_without_validity,0.6363,0.7112,,,387.9,289.1,0
15,toddler,weight_management,wachter_restricted,0,0,0.4222,0.0701,0.2965,0.2143,3,0,1,3777,0.754,valid_and_plateaued,0.7006,0.701,toddler.choking.meat_chunk,,668.4,645.8,0
16,toddler,weight_management,wachter_restricted,0,1,0.3632,0.6884,0.6596,0.476,3,0,0,4094,2.043,plateaued_without_validity,0.6884,0.6996,,,51.6,62.0,0
17,toddler,weight_management,wachter_restricted,0,0,0.0029,0.0669,1.2058,0.6846,7,0,1,1054,0.79,plateaued_without_validity,0.6692,0.6797,toddler.choking.meat_chunk,,28.5,62.5,0
18,toddler,weight_management,wachter_restricted,0,0,0.5224,0.0607,0.3282,0.1882,5,0,1,1777,0.382,plateaued_without_validity,0.6069,0.6302,toddler.choking.nut_butter,,2120.8,2980.2,0
19,toddler,weight_management,wachter_restricted,0,0,0.0041,0.0072,0.2713,0.1351,6,0,2,4833,1.116,plateaued_without_validity,0.7194,0.7023,toddler.choking.hard_raw_vegetable;toddler.choking.meat_chunk,,678.7,576.2,0
20,toddler,balanced_nutrition,wachter_restricted,1,1,0.0428,0.7674,0.6997,0.3412,6,0,0,3707,0.789,valid_and_plateaued,0.7674,0.7039,,,159.2,139.7,0
21,toddler,weight_management,wachter_restricted,0,0,0.6821,0.0723,0.0762,0.0485,3,0,1,3337,1.956,plateaued_without_validity,0.7227,0.7314,flag.strict_no_added_sugar.added_sugars_g,,1228.4,1241.2,0
22,toddler,glycemic_control,wachter_restricted,1,1,0.517,0.7071,0.8204,0.725,1,0,0,2211,0.489,valid_and_plateaued,0.7071,0.7046,,,1.4,6.2,0
23,toddler,balanced_nutrition,wachter_restricted,1,1,0.495,0.7862,0.7521,0.3442,6,0,0,3182,0.731,valid_and_plateaued,0.7862,0.7135,,,959.0,213.9,0
24,toddler,balanced_nutrition,wachter_restricted,0,0,0.0542,0.0746,1.2782,0.7903,5,0,1,1178,0.288,plateaued_without_validity,0.7464,0.7089,toddler.choking.meat_chunk,,123.1,98.4,0
25,toddler,weight_management,wachter_restricted,0,1,0.5081,0.6915,1.3068,0.8014,5,0,0,1456,0.316,plateaued_without_validity,0.6915,0.7068,,,190.5,54.3,0
26,toddler,balanced_nutrition,wachter_restricted,0,0,0.036,0.0655,1.1708,0.7861,3,0,1,4383,0.928,plateaued_without_validity,0.6553,0.6984,toddler.choking.hard_raw_vegetable,,47.2,82.5,0
27,toddler,balanced_nutrition,wachter_restricted,1,1,0.5872,0.7149,0.203,0.1839,2,0,0,4210,0.881,valid_and_plateaued,0.7149,0.7103,,,116.8,119.8,0
28,toddler,weight_management,wachter_restricted,0,0,0.0291,0.0664,1.9706,0.9139,7,0,1,1740,1.024,plateaued_without_validity,0.664,0.6799,toddler.choking.meat_chunk,,21.4,230.6,0
29,toddler,weight_management,wachter_restricted,0,0,0.3552,0.0071,0.6705,0.3605,5,0,2,3773,0.858,plateaued_without_validity,0.7138,0.7068,toddler.choking.meat_chunk,,9.6,90.8,0
30,toddler,glycemic_control,wachter_restricted,0,1,0.0214,0.689,0.6839,0.4568,4,0,0,3485,1.933,plateaued_without_validity,0.689,0.7028,,,123.4,89.6,0
31,toddler,balanced_nutrition,wachter_restricted,0,0,0.3685,0.0677,0.6222,0.284,11,0,1,6047,5.777,evaluation_budget,0.6769,0.7094,toddler.choking.meat_chunk,,1080.7,1019.3,0
32,toddler,balanced_nutrition,wachter_restricted,1,1,0.0392,0.7621,1.6209,0.5731,9,0,0,3358,2.418,valid_and_plateaued,0.7621,0.7021,,,154.5,167.2,0
33,toddler,weight_management,wachter_restricted,0,1,0.0507,0.687,0.8778,0.5077,4,0,0,3010,1.603,plateaued_without_validity,0.687,0.7038,,,97.2,25.7,0
34,toddler,balanced_nutrition,wachter_restricted,0,0,0.5493,0.0644,0.381,0.2203,5,0,1,2864,1.649,plateaued_without_validity,0.6444,0.6959,toddler.choking.meat_chunk,,491.7,251.6,0
35,toddler,glycemic_control,wachter_restricted,0,0,0.2903,0.0071,0.5389,0.2469,9,0,2,6029,1.444,evaluation_budget,0.7114,0.7045,toddler.choking.meat_chunk,,312.0,89.5,0
36,toddler,glycemic_control,wachter_restricted,0,0,0.0054,0.0077,0.2155,0.126,3,0,2,3137,0.684,plateaued_without_validity,0.7654,0.7028,toddler.choking.nut,,63.7,83.5,0
37,toddler,glycemic_control,wachter_restricted,0,0,0.6732,0.0748,0.0926,0.0386,5,0,1,6026,5.05,plateaued_without_validity,0.748,0.7069,toddler.choking.meat_chunk,,166.8,172.2,0
38,toddler,balanced_nutrition,wachter_restricted,0,1,0.4899,0.6888,0.5409,0.2868,8,0,0,3548,2.772,plateaued_without_validity,0.6888,0.7277,,,1228.1,728.8,0
39,toddler,balanced_nutrition,wachter_restricted,0,0,0.6844,0.0712,0.1806,0.0886,4,0,1,667,0.165,valid_and_plateaued,0.7122,0.6877,toddler.choking.meat_chunk,,65.7,57.5,0
40,toddler,weight_management,wachter_restricted,0,0,0.3189,0.0748,2.5864,1.2802,5,0,1,2295,0.48,valid_and_plateaued,0.7484,0.7124,toddler.choking.meat_chunk,,5.4,197.1,0
41,toddler,glycemic_control,wachter_restricted,0,0,0.0668,0.0745,0.0048,0.0022,1,0,1,677,0.171,plateaued_without_validity,0.7447,0.7285,toddler.choking.hard_raw_vegetable,,594.6,285.2,0
42,toddler,glycemic_control,wachter_restricted,0,0,0.0564,0.0685,0.7174,0.4428,5,0,1,2775,1.548,plateaued_without_validity,0.6847,0.702,flag.strict_no_added_sugar.added_sugars_g,,741.0,640.1,0
43,toddler,balanced_nutrition,wachter_restricted,0,0,0.403,0.0689,0.5328,0.2872,6,0,1,4269,2.76,plateaued_without_validity,0.6886,0.7164,toddler.choking.meat_chunk,,92.9,123.3,0
44,toddler,glycemic_control,wachter_restricted,0,0,0.5421,0.0681,0.5529,0.3995,5,0,1,1818,1.232,plateaued_without_validity,0.6815,0.7009,toddler.choking.meat_chunk,,240.0,92.7,0
45,toddler,glycemic_control,wachter_restricted,0,0,0.0029,0.0723,0.9792,0.3824,8,0,1,4059,2.594,plateaued_without_validity,0.7225,0.7128,toddler.choking.nut,,68.9,19.9,0
46,toddler,weight_management,wachter_restricted,0,0,0.0207,0.0771,0.6142,0.3363,6,0,1,3734,2.98,plateaued_without_validity,0.7714,0.7025,flag.strict_no_added_sugar.added_sugars_g,,792.7,88.9,0
47,toddler,balanced_nutrition,wachter_restricted,1,1,0.0532,0.8347,1.1591,0.4798,7,0,0,3139,2.071,valid_and_plateaued,0.8347,0.7198,,,15.2,56.9,0
48,toddler,glycemic_control,wachter_restricted,0,1,0.6339,0.6325,0.0453,0.0307,2,0,0,645,0.151,plateaued_without_validity,0.6325,0.6462,,,2071.5,1793.8,0
49,toddler,weight_management,wachter_restricted,0,0,0.2615,0.0063,0.3786,0.2211,4,0,2,3865,2.474,plateaued_without_validity,0.6337,0.7038,toddler.choking.meat_chunk;toddler.choking.seed,,1202.4,1216.7,0
50,toddler,weight_management,wachter_restricted,0,0,0.6832,0.0731,0.0144,0.0132,1,0,1,3982,2.214,plateaued_without_validity,0.7312,0.7141,toddler.choking.meat_chunk,,465.5,324.8,0
51,toddler,weight_management,wachter_restricted,0,0,0.0466,0.0074,0.6229,0.2963,7,0,2,2862,0.698,plateaued_without_validity,0.7353,0.7079,toddler.choking.meat_chunk;toddler.choking.nut,,342.3,152.6,0
52,toddler,glycemic_control,wachter_restricted,0,0,0.7143,0.071,0.0144,0.0076,2,0,1,657,0.174,valid_and_plateaued,0.7104,0.6772,toddler.choking.meat_chunk,,308.9,308.2,0
53,toddler,glycemic_control,wachter_restricted,0,0,0.0608,0.0782,0.9683,0.6329,7,0,1,2099,1.326,valid_and_plateaued,0.7815,0.7173,toddler.choking.meat_chunk,,42.2,94.6,0
54,toddler,glycemic_control,wachter_restricted,0,0,0.0525,0.0742,0.6895,0.3049,6,0,1,3978,0.892,plateaued_without_validity,0.7421,0.6965,toddler.choking.nut_butter,,79.5,30.6,0
55,toddler,glycemic_control,wachter_restricted,0,0,0.5459,0.007,0.5087,0.3673,4,0,2,1828,0.473,plateaued_without_validity,0.7004,0.7086,toddler.choking.meat_chunk;toddler.choking.seed,,828.3,574.6,0
56,toddler,glycemic_control,wachter_restricted,0,0,0.0373,0.0746,0.6426,0.3279,6,0,1,2339,0.549,plateaued_without_validity,0.7462,0.7011,toddler.choking.seed,,9.2,26.7,0
57,toddler,weight_management,wachter_restricted,0,0,0.5179,0.0689,1.38,0.5012,10,0,1,1386,0.327,plateaued_without_validity,0.6892,0.7146,toddler.choking.meat_chunk,,65.6,107.9,0
58,toddler,glycemic_control,wachter_restricted,0,0,0.0314,0.0708,0.9009,0.3661,9,0,1,2216,1.639,plateaued_without_validity,0.7081,0.7052,toddler.choking.meat_chunk,,135.9,196.4,0
59,toddler,balanced_nutrition,wachter_restricted,0,0,0.045,0.0791,0.6646,0.309,6,0,1,3579,2.573,plateaued_without_validity,0.7915,0.698,flag.strict_no_added_sugar.added_sugars_g,,171.6,265.2,0
60,toddler,weight_management,wachter_restricted,0,0,0.0384,0.0698,2.65,1.5962,4,0,1,3295,1.609,plateaued_without_validity,0.6982,0.7034,toddler.choking.meat_chunk,,44.0,215.0,0
61,toddler,balanced_nutrition,wachter_restricted,0,0,0.0301,0.0077,3.0105,1.2602,10,0,2,1710,1.339,plateaued_without_validity,0.7689,0.7008,flag.strict_no_added_sugar.added_sugars_g;toddler.choking.hard_raw_vegetable,,42.4,44.0,0
62,toddler,balanced_nutrition,wachter_restricted,0,1,0.3789,0.671,1.1573,0.5021,7,0,0,3214,0.73,plateaued_without_validity,0.671,0.7036,,,18.2,24.2,0
63,toddler,glycemic_control,wachter_restricted,0,1,0.4358,0.6401,0.1581,0.0987,2,0,0,4496,0.991,plateaued_without_validity,0.6401,0.7086,,,612.7,538.4,0
64,toddler,weight_management,wachter_restricted,0,0,0.0363,0.0063,1.2857,0.5955,6,0,2,1821,1.031,plateaued_without_validity,0.6285,0.7154,flag.strict_no_added_sugar.added_sugars_g;toddler.choking.meat_chunk,,198.9,268.4,0
65,toddler,balanced_nutrition,wachter_restricted,0,0,0.0201,0.0674,1.2,0.7649,4,0,1,4732,2.298,plateaued_without_validity,0.6741,0.7026,toddler.choking.meat_chunk,,29.7,23.1,0
66,toddler,weight_management,wachter_restricted,1,1,0.4486,0.7363,0.1264,0.1028,2,0,0,5059,1.217,valid_and_plateaued,0.7363,0.6998,,,525.4,251.8,0
67,toddler,weight_management,wachter_restricted,0,0,0.7544,0.0746,0.0246,0.0149,2,0,1,653,0.16,valid_and_plateaued,0.7456,0.7172,toddler.choking.meat_chunk,,129.0,128.5,0
68,toddler,glycemic_control,wachter_restricted,0,0,0.4264,0.0074,0.5298,0.2908,9,0,2,3557,0.846,plateaued_without_validity,0.7421,0.72,toddler.choking.meat_chunk,,432.5,56.2,0
69,toddler,balanced_nutrition,wachter_restricted,0,0,0.0539,0.0725,0.2291,0.1686,4,0,1,4342,0.953,plateaued_without_validity,0.7249,0.7082,toddler.choking.hard_raw_vegetable,,515.1,345.5,0
70,toddler,weight_management,wachter_restricted,1,1,0.4315,0.738,1.6203,0.7867,7,0,0,2335,1.49,valid_and_plateaued,0.738,0.7186,,,251.2,114.6,0
71,toddler,weight_management,wachter_restricted,0,0,0.5855,0.0729,0.3103,0.2233,4,0,1,2819,0.606,plateaued_without_validity,0.7289,0.7025,toddler.choking.meat_chunk,,1643.7,1045.5,0
72,toddler,balanced_nutrition,wachter_restricted,0,0,0.0628,0.0739,0.6015,0.2788,10,0,1,1061,0.304,plateaued_without_validity,0.7394,0.6939,toddler.choking.meat_chunk,,330.4,98.1,0
73,toddler,glycemic_control,wachter_restricted,0,0,0.0428,0.0739,3.4819,1.5383,7,0,1,1822,1.132,valid_and_plateaued,0.7388,0.7037,toddler.choking.meat_chunk,,54.9,55.2,0
74,toddler,weight_management,wachter_restricted,0,0,0.4873,0.0721,0.5464,0.229,8,0,1,2262,1.889,plateaued_without_validity,0.7215,0.6912,toddler.choking.meat_chunk,,1427.0,100.7,0
75,toddler,balanced_nutrition,wachter_restricted,1,1,0.6001,0.7328,0.2358,0.1361,4,0,0,2216,0.493,valid_and_plateaued,0.7328,0.7427,,,14.1,164.3,0
76,toddler,balanced_nutrition,wachter_restricted,0,0,0.0043,0.0007,0.7981,0.2884,11,0,3,2369,2.063,plateaued_without_validity,0.7321,0.7144,flag.strict_no_added_sugar.added_sugars_g;toddler.choking.meat_chunk,,323.6,1874.6,0
77,toddler,weight_management,wachter_restricted,0,0,0.0336,0.064,0.1608,0.1366,1,0,1,4738,2.986,plateaued_without_validity,0.6395,0.7026,toddler.choking.hard_raw_vegetable,,448.3,307.8,0
78,toddler,balanced_nutrition,wachter_restricted,0,0,0.0047,0.0725,0.8633,0.544,6,0,1,4145,2.869,plateaued_without_validity,0.7249,0.7042,toddler.choking.nut,,355.7,121.8,0
79,toddler,glycemic_control,wachter_restricted,0,0,0.0538,0.0737,0.1589,0.1362,1,0,1,2016,1.242,plateaued_without_validity,0.7372,0.733,flag.strict_no_added_sugar.added_sugars_g,,687.5,622.2,0
80,toddler,glycemic_control,wachter_restricted,0,0,0.4708,0.0067,0.756,0.5856,7,0,2,2779,0.636,plateaued_without_validity,0.6657,0.7038,toddler.choking.nut;toddler.choking.nut_butter,,73.9,134.5,0
81,toddler,glycemic_control,wachter_restricted,0,0,0.0585,0.0721,0.3731,0.215,4,0,1,4217,0.922,plateaued_without_validity,0.7214,0.7028,toddler.choking.seed,,277.8,269.7,0
82,toddler,glycemic_control,wachter_restricted,0,1,0.6232,0.6207,0.0574,0.0245,2,0,0,669,0.593,plateaued_without_validity,0.6207,0.6095,,,448.3,475.9,0
83,toddler,glycemic_control,wachter_restricted,0,1,0.4773,0.6995,1.0443,0.8423,2,0,0,2810,1.376,plateaued_without_validity,0.6995,0.7047,,,43.7,52.8,0
84,toddler,glycemic_control,wachter_restricted,0,0,0.4621,0.068,0.9259,0.6914,4,0,1,2104,1.306,plateaued_without_validity,0.6799,0.6976,flag.strict_no_added_sugar.added_sugars_g,,322.9,529.9,0
85,toddler,glycemic_control,wachter_restricted,0,0,0.0432,0.0704,0.8633,0.4166,5,0,1,3848,0.871,plateaued_without_validity,0.7041,0.7049,toddler.choking.nut,,412.4,300.8,0
86,toddler,weight_management,wachter_restricted,0,0,0.4281,0.0644,0.383,0.2795,3,0,1,5302,2.948,plateaued_without_validity,0.6444,0.7007,toddler.choking.nut,,2.9,6.2,0
87,toddler,weight_management,wachter_restricted,1,1,0.052,0.7265,0.1285,0.0956,5,0,0,6043,4.88,evaluation_budget,0.7265,0.7027,,,1127.0,220.6,0
88,toddler,balanced_nutrition,wachter_restricted,1,1,0.6852,0.7608,0.0719,0.0452,2,0,0,4254,0.908,valid_and_plateaued,0.7608,0.7264,,,323.1,300.2,0
89,toddler,glycemic_control,wachter_restricted,0,1,0.6293,0.6916,0.0051,0.0036,1,0,0,645,0.146,plateaued_without_validity,0.6916,0.6755,,,499.9,306.9,0
90,toddler,glycemic_control,wachter_restricted,0,0,0.0447,0.0068,0.1973,0.1193,6,0,2,3383,1.987,plateaued_without_validity,0.685,0.701,toddler.choking.hard_raw_vegetable;toddler.choking.meat_chunk,,849.1,930.6,0
91,toddler,weight_management,wachter_restricted,0,0,0.0471,0.0064,0.7648,0.5209,7,0,2,1590,1.159,plateaued_without_validity,0.6373,0.7014,toddler.choking.hard_raw_vegetable;toddler.choking.meat_chunk,,3392.3,963.1,0
92,toddler,balanced_nutrition,wachter_restricted,0,0,0.0004,0.0007,0.2616,0.1145,7,0,3,3710,0.953,plateaued_without_validity,0.7083,0.7038,toddler.choking.hard_raw_vegetable,,631.9,509.3,0
93,toddler,balanced_nutrition,wachter_restricted,0,0,0.0417,0.0787,0.3643,0.225,4,0,1,4620,2.926,valid_and_plateaued,0.7868,0.7084,toddler.choking.meat_chunk,,394.9,225.6,0
94,toddler,balanced_nutrition,wachter_restricted,0,0,0.398,0.068,0.4608,0.2271,7,0,1,4113,1.036,plateaued_without_validity,0.6802,0.6993,toddler.choking.meat_chunk,,21.3,224.7,0
95,toddler,glycemic_control,wachter_restricted,1,1,0.69,0.7009,0.0512,0.0428,1,0,0,649,0.164,valid_and_plateaued,0.7009,0.696,,,61.4,24.2,0
96,toddler,weight_management,wachter_restricted,0,1,0.4329,0.6982,0.4543,0.304,3,0,0,2971,0.631,plateaued_without_validity,0.6982,0.6905,,,148.6,188.0,0
97,toddler,weight_management,wachter_restricted,0,0,0.0027,0.007,0.8657,0.3225,9,0,2,2660,0.68,plateaued_without_validity,0.6966,0.7092,toddler.choking.nut;toddler.choking.nut_butter,,105.4,47.0,0
98,toddler,balanced_nutrition,wachter_restricted,0,0,0.0496,0.0674,1.369,1.1008,3,0,1,3293,0.71,plateaued_without_validity,0.6741,0.7,toddler.choking.nut,,245.7,216.9,0
99,toddler,balanced_nutrition,wachter_restricted,0,0,0.0006,0.0001,0.0058,0.0023,2,0,4,676,0.677,plateaued_without_validity,0.6569,0.6484,flag.strict_no_added_sugar.added_sugars_g;toddler.choking.hard_raw_vegetable;toddler.choking.meat_chunk,,544.2,351.2,0
100,toddler,balanced_nutrition,wachter_restricted,0,0,0.5785,0.0069,0.1769,0.115,5,0,2,4902,3.26,plateaued_without_validity,0.6926,0.704,toddler.choking.meat_chunk,,3379.0,1267.8,0
101,adult,glycemic_control,wachter_restricted,1,1,0.2883,0.7064,1.1244,0.5848,7,0,0,2183,0.452,valid_and_plateaued,0.7064,0.7043,,,39.5,631.2,0
102,adult,balanced_nutrition,wachter_restricted,1,1,0.1794,0.7611,1.3292,0.6376,6,0,0,3668,2.423,valid_and_plateaued,0.7611,0.6874,,500.0,4.7,95.8,0
103,adult,weight_management,wachter_restricted,0,1,0.4468,0.6804,1.3447,0.4737,10,0,0,3064,0.684,plateaued_without_validity,0.6804,0.7011,,,335.9,699.7,0
104,adult,weight_management,wachter_restricted,1,1,0.4045,0.7256,0.9752,0.405,9,0,0,2643,0.636,valid_and_plateaued,0.7256,0.6973,,,285.6,173.6,0
105,adult,glycemic_control,wachter_restricted,0,1,0.1901,0.6746,1.1789,0.5883,5,0,0,3702,0.846,plateaued_without_validity,0.6746,0.6893,,,78.5,240.0,0
106,adult,weight_management,wachter_restricted,1,1,0.6663,0.7963,0.2266,0.1407,5,0,0,1061,0.239,valid_and_plateaued,0.7963,0.7353,,,418.1,481.1,0
107,adult,balanced_nutrition,wachter_restricted,1,1,0.5235,0.7385,0.3447,0.2816,2,0,0,4655,0.955,valid_and_plateaued,0.7385,0.7075,,,247.3,260.1,0
108,adult,balanced_nutrition,wachter_restricted,0,0,0.0804,0.0792,0.0291,0.0248,3,0,1,659,0.487,plateaued_without_validity,0.7916,0.7152,flag.hypertension.sodium_mg,500.0,757.7,754.8,1
109,adult,weight_management,wachter_restricted,0,1,0.2661,0.6688,1.28,0.5746,8,0,0,4259,0.891,plateaued_without_validity,0.6688,0.7063,,,48.1,203.4,0
110,adult,weight_management,wachter_restricted,0,1,0.2605,0.6316,0.4092,0.2812,7,0,0,4788,1.069,plateaued_without_validity,0.6316,0.7028,,,1711.5,1860.1,0
111,adult,weight_management,wachter_restricted,1,1,0.1407,0.702,1.1323,0.5374,9,0,0,3016,0.751,valid_and_plateaued,0.702,0.7237,,,95.5,119.8,0
112,adult,balanced_nutrition,wachter_restricted,1,1,0.4006,0.7534,0.5766,0.2979,9,0,0,3160,0.756,valid_and_plateaued,0.7534,0.7012,,,1602.9,962.9,0
113,adult,weight_management,wachter_restricted,0,1,0.6033,0.6037,0.0196,0.0127,0,0,0,646,0.134,plateaued_without_validity,0.6037,0.5923,,,2309.6,1837.5,0
114,adult,balanced_nutrition,wachter_restricted,1,1,0.3386,0.7551,0.6673,0.2978,9,0,0,3281,2.661,valid_and_plateaued,0.7551,0.7033,,500.0,387.9,363.0,0
115,adult,balanced_nutrition,wachter_restricted,0,1,0.3628,0.5751,0.9397,0.4523,6,0,0,2229,0.486,plateaued_without_validity,0.5751,0.616,,,668.4,635.5,0
116,adult,weight_management,wachter_restricted,0,1,0.2975,0.6974,2.1915,1.3422,4,0,0,3340,2.063,plateaued_without_validity,0.6974,0.6999,,500.0,51.6,117.3,0
117,adult,weight_management,wachter_restricted,0,1,0.2629,0.6671,2.1618,0.8988,9,0,0,3629,0.779,plateaued_without_validity,0.6671,0.7079,,,28.5,135.3,0
118,adult,weight_management,wachter_restricted,1,1,0.452,0.7525,0.6182,0.4292,4,0,0,2057,0.409,valid_and_plateaued,0.7525,0.7027,,,2120.8,552.1,0
119,adult,weight_management,wachter_restricted,1,1,0.3669,0.7015,0.5461,0.2739,8,0,0,2834,0.648,valid_and_plateaued,0.7015,0.6979,,,678.7,570.7,0
120,adult,balanced_nutrition,wachter_restricted,0,1,0.3293,0.6919,0.7034,0.3154,7,0,0,3941,0.883,plateaued_without_validity,0.6919,0.7053,,,159.2,223.8,0
121,adult,weight_management,wachter_restricted,1,1,0.6579,0.7203,0.3528,0.2009,5,0,0,2505,0.535,valid_and_plateaued,0.7203,0.6991,,,1228.4,1372.2,0
122,adult,weight_management,wachter_restricted,1,1,0.4728,0.7461,2.7157,2.5701,2,0,0,3292,0.666,valid_and_plateaued,0.7461,0.7002,,,1.4,317.1,0
123,adult,weight_management,wachter_restricted,0,1,0.5911,0.6122,0.0496,0.0332,3,0,0,664,0.153,plateaued_without_validity,0.6122,0.6093,,,959.0,840.2,0
124,adult,weight_management,wachter_restricted,1,1,0.4899,0.7174,1.217,0.5752,7,0,0,3663,0.801,valid_and_plateaued,0.7174,0.7012,,,123.1,132.6,0
125,adult,balanced_nutrition,wachter_restricted,1,1,0.3081,0.7058,1.553,0.8396,8,0,0,3424,2.223,valid_and_plateaued,0.7058,0.7005,,500.0,190.5,52.2,0
126,adult,balanced_nutrition,wachter_restricted,1,1,0.1973,0.7662,1.6339,0.7857,6,0,0,2469,1.395,valid_and_plateaued,0.7662,0.7158,,500.0,47.2,268.5,0
127,adult,balanced_nutrition,wachter_restricted,1,1,0.4346,0.7363,0.7015,0.4718,5,0,0,2655,0.551,valid_and_plateaued,0.7363,0.7071,,,116.8,188.8,0
128,adult,balanced_nutrition,wachter_restricted,0,1,0.2789,0.6278,1.5394,0.754,7,0,0,2262,0.439,plateaued_without_validity,0.6278,0.6221,,,21.4,473.2,0
129,adult,glycemic_control,wachter_restricted,1,1,0.1859,0.7045,0.9923,0.4555,6,0,0,2813,0.595,valid_and_plateaued,0.7045,0.6947,,,9.6,528.1,0
130,adult,glycemic_control,wachter_restricted,1,1,0.1566,0.7137,0.6322,0.4421,4,0,0,4084,0.905,valid_and_plateaued,0.7137,0.7181,,,123.4,65.6,0
131,adult,balanced_nutrition,wachter_restricted,0,1,0.0198,0.6901,0.6518,0.4216,10,0,0,4905,4.278,plateaued_without_validity,0.6901,0.7172,,500.0,1080.7,278.3,1
132,adult,glycemic_control,wachter_restricted,1,1,0.3411,0.7018,1.7774,0.8019,8,0,0,2476,0.549,valid_and_plateaued,0.7018,0.7038,,,154.5,376.7,0
133,adult,glycemic_control,wachter_restricted,0,1,0.24,0.685,1.0543,0.5344,6,0,0,2218,0.473,plateaued_without_validity,0.685,0.7101,,,97.2,222.0,0
134,adult,balanced_nutrition,wachter_restricted,1,1,0.7163,0.7137,0.1095,0.0689,3,0,0,650,0.138,valid_and_plateaued,0.7137,0.6403,,,491.7,519.7,0
135,adult,glycemic_control,wachter_restricted,0,1,0.2495,0.6507,0.9464,0.373,11,0,0,1784,0.429,plateaued_without_validity,0.6507,0.6214,,,312.0,449.7,0
136,adult,balanced_nutrition,wachter_restricted,0,1,0.3638,0.6337,0.9915,0.7712,4,0,0,2054,0.43,plateaued_without_validity,0.6337,0.7029,,,63.7,122.3,0
137,adult,glycemic_control,wachter_restricted,0,1,0.5957,0.6945,0.1221,0.0465,7,0,0,4991,1.25,plateaued_without_validity,0.6945,0.7128,,,166.8,181.3,0
138,adult,weight_management,wachter_restricted,0,0,0.067,0.0746,0.1173,0.0583,6,0,1,5300,3.874,plateaued_without_validity,0.7459,0.7087,flag.hypertension.sodium_mg,500.0,1228.1,1147.0,1
139,adult,balanced_nutrition,wachter_restricted,1,1,0.5201,0.7039,0.1377,0.0754,4,0,0,6033,1.304,evaluation_budget,0.7039,0.7041,,,65.7,67.5,0
140,adult,glycemic_control,wachter_restricted,0,1,0.1846,0.6923,3.0409,1.7411,4,0,0,4812,0.917,plateaued_without_validity,0.6923,0.7019,,,5.4,316.4,0
141,adult,balanced_nutrition,wachter_restricted,1,1,0.0406,0.7887,0.2553,0.1563,6,0,0,6046,4.987,evaluation_budget,0.7887,0.7229,,500.0,594.6,278.3,1
142,adult,balanced_nutrition,wachter_restricted,1,1,0.4248,0.7401,0.9334,0.5946,4,0,0,3535,0.76,valid_and_plateaued,0.7401,0.7029,,,741.0,671.7,0
143,adult,balanced_nutrition,wachter_restricted,1,1,0.3046,0.8184,1.878,0.7264,10,0,0,1242,0.295,valid_and_plateaued,0.8184,0.748,,,92.9,734.8,0
144,adult,weight_management,wachter_restricted,1,1,0.448,0.7626,0.5931,0.3696,4,0,0,4618,2.916,valid_and_plateaued,0.7626,0.7004,,500.0,240.0,120.5,0
145,adult,glycemic_control,wachter_restricted,0,1,0.2387,0.6826,0.9375,0.4529,6,0,0,4331,0.889,plateaued_without_validity,0.6826,0.7006,,,68.9,0.8,0
146,adult,weight_management,wachter_restricted,0,1,0.005,0.6811,0.6099,0.3521,6,0,0,4864,3.692,plateaued_without_validity,0.6811,0.707,,500.0,792.7,283.1,1
147,adult,balanced_nutrition,wachter_restricted,0,1,0.415,0.6975,3.5787,1.3035,11,0,0,1834,0.422,plateaued_without_validity,0.6975,0.6903,,,15.2,92.9,0
148,adult,glycemic_control,wachter_restricted,0,0,0.0752,0.0751,0.0453,0.0307,2,0,1,645,0.467,plateaued_without_validity,0.7514,0.6839,flag.hypertension.sodium_mg,500.0,2071.5,1793.8,1
149,adult,weight_management,wachter_restricted,0,1,0.4165,0.6765,0.4403,0.258,4,0,0,3459,0.705,plateaued_without_validity,0.6765,0.7,,,1202.4,375.0,0
150,adult,weight_management,wachter_restricted,1,1,0.7064,0.7357,0.0664,0.0441,4,0,0,662,0.474,valid_and_plateaued,0.7357,0.7077,,500.0,465.5,454.9,0
151,adult,balanced_nutrition,wachter_restricted,1,1,0.4887,0.7892,0.7181,0.2688,9,0,0,1954,0.463,valid_and_plateaued,0.7892,0.7035,,,342.3,123.3,0
152,adult,glycemic_control,wachter_restricted,1,1,0.6099,0.7536,0.0525,0.0252,5,0,0,4258,0.982,valid_and_plateaued,0.7536,0.7,,,308.9,307.3,0
153,adult,balanced_nutrition,wachter_restricted,0,1,0.5464,0.6562,1.1905,0.7615,7,0,0,2059,0.51,plateaued_without_validity,0.6562,0.6954,,,42.2,170.3,0
154,adult,glycemic_control,wachter_restricted,0,1,0.4253,0.6781,1.7436,0.808,8,0,0,2062,0.451,plateaued_without_validity,0.6781,0.6882,,,79.5,201.6,0
155,adult,weight_management,wachter_restricted,0,1,0.4831,0.6894,0.644,0.4152,4,0,0,2741,0.546,plateaued_without_validity,0.6894,0.698,,,828.3,457.3,0
156,adult,balanced_nutrition,wachter_restricted,1,1,0.1185,0.7703,1.6548,0.7417,9,0,0,2284,1.649,valid_and_plateaued,0.7703,0.6888,,500.0,9.2,210.3,0
157,adult,weight_management,wachter_restricted,1,1,0.4662,0.7174,2.0467,0.8264,12,0,0,1997,0.518,valid_and_plateaued,0.7174,0.6957,,,65.6,300.2,0
158,adult,glycemic_control,wachter_restricted,1,1,0.195,0.7002,1.6322,0.9256,10,0,0,3014,0.687,valid_and_plateaued,0.7002,0.7125,,,135.9,331.7,0
159,adult,weight_management,wachter_restricted,1,1,0.1926,0.756,0.9535,0.4205,6,0,0,5579,3.348,valid_and_plateaued,0.756,0.7001,,500.0,171.6,318.1,0
160,adult,balanced_nutrition,wachter_restricted,1,1,0.4415,0.7325,7.23,4.2944,6,0,0,2660,0.545,valid_and_plateaued,0.7325,0.7033,,,44.0,299.7,0
161,adult,balanced_nutrition,wachter_restricted,1,1,0.1232,0.769,3.6316,2.1086,9,0,0,2618,1.833,valid_and_plateaued,0.769,0.7092,,500.0,42.4,307.5,0
162,adult,balanced_nutrition,wachter_restricted,0,1,0.2896,0.6867,1.9547,0.9641,9,0,0,2268,0.504,plateaued_without_validity,0.6867,0.6924,,,18.2,283.7,0
163,adult,glycemic_control,wachter_restricted,1,1,0.5053,0.7677,0.1522,0.0876,4,0,0,3056,0.722,valid_and_plateaued,0.7677,0.7056,,,612.7,564.2,0
164,adult,balanced_nutrition,wachter_restricted,0,1,0.2053,0.6877,2.2048,1.2645,6,0,0,2098,0.427,plateaued_without_validity,0.6877,0.7158,,,198.9,194.3,0
165,adult,glycemic_control,wachter_restricted,1,1,0.2225,0.7158,0.495,0.2923,3,0,0,4173,0.796,valid_and_plateaued,0.7158,0.7,,,29.7,60.7,0
166,adult,weight_management,wachter_restricted,1,1,0.4263,0.7794,0.3117,0.1438,6,0,0,2942,0.676,valid_and_plateaued,0.7794,0.7005,,,525.4,486.8,0
167,adult,weight_management,wachter_restricted,0,1,0.6361,0.6945,0.0942,0.0721,3,0,0,4576,2.638,plateaued_without_validity,0.6945,0.7059,,500.0,129.0,139.4,0
168,adult,weight_management,wachter_restricted,0,1,0.5549,0.642,0.1432,0.0718,4,0,0,662,0.151,plateaued_without_validity,0.642,0.6027,,,432.5,46.2,0
169,adult,balanced_nutrition,wachter_restricted,1,1,0.5065,0.7117,0.3033,0.196,4,0,0,6022,1.308,evaluation_budget,0.7117,0.701,,,515.1,405.2,0
170,adult,weight_management,wachter_restricted,1,1,0.4187,0.7422,1.9671,0.984,6,0,0,2178,0.478,valid_and_plateaued,0.7422,0.7248,,,251.2,206.9,0
171,adult,balanced_nutrition,wachter_restricted,1,1,0.3859,0.7033,0.6538,0.3786,4,0,0,2579,0.544,valid_and_plateaued,0.7033,0.7036,,,1643.7,1001.4,0
172,adult,weight_management,wachter_restricted,1,1,0.7357,0.7566,0.0566,0.0234,7,0,0,670,0.649,valid_and_plateaued,0.7566,0.6988,,500.0,330.4,327.9,0
173,adult,glycemic_control,wachter_restricted,0,1,0.4973,0.6572,4.2897,1.9648,7,0,0,2103,0.494,plateaued_without_validity,0.6572,0.6937,,,54.9,78.3,0
174,adult,balanced_nutrition,wachter_restricted,0,1,0.4568,0.6596,0.1747,0.1227,3,0,0,4224,0.934,plateaued_without_validity,0.6596,0.7037,,,1427.0,999.4,0
175,adult,glycemic_control,wachter_restricted,1,1,0.3902,0.7544,0.2192,0.1661,4,0,0,2855,0.594,valid_and_plateaued,0.7544,0.7012,,,14.1,10.8,0
176,adult,balanced_nutrition,wachter_restricted,0,1,0.5225,0.6813,0.9115,0.3338,11,0,0,2164,0.503,plateaued_without_validity,0.6813,0.6998,,,323.6,94.5,0
177,adult,glycemic_control,wachter_restricted,1,1,0.4633,0.7212,0.1346,0.1044,1,0,0,4698,1.062,valid_and_plateaued,0.7212,0.6997,,,448.3,303.4,0
178,adult,balanced_nutrition,wachter_restricted,1,1,0.2832,0.749,0.7864,0.5393,7,0,0,3255,0.704,valid_and_plateaued,0.749,0.7003,,,355.7,100.7,0
179,adult,glycemic_control,wachter_restricted,1,1,0.5047,0.7292,0.286,0.2405,2,0,0,2456,0.533,valid_and_plateaued,0.7292,0.7119,,,687.5,636.3,0
180,adult,balanced_nutrition,wachter_restricted,1,1,0.3163,0.7271,0.7461,0.5492,7,0,0,4706,3.058,valid_and_plateaued,0.7271,0.7036,,500.0,73.9,183.6,0
181,adult,glycemic_control,wachter_restricted,1,1,0.4838,0.7187,1.0448,0.5094,7,0,0,3023,0.729,valid_and_plateaued,0.7187,0.7074,,,277.8,248.3,0
182,adult,glycemic_control,wachter_restricted,0,1,0.5142,0.6946,0.5139,0.2809,6,0,0,3713,2.782,plateaued_without_validity,0.6946,0.6993,,500.0,448.3,459.1,0
183,adult,weight_management,wachter_restricted,0,1,0.4746,0.6401,3.7749,2.0044,5,0,0,2090,0.443,plateaued_without_validity,0.6401,0.7004,,,43.7,130.5,0
184,adult,glycemic_control,wachter_restricted,1,1,0.4829,0.7426,1.8309,1.0164,6,0,0,2707,0.543,valid_and_plateaued,0.7426,0.7073,,,322.9,382.5,0
185,adult,weight_management,wachter_restricted,1,1,0.4716,0.7191,0.95,0.568,4,0,0,2491,0.518,valid_and_plateaued,0.7191,0.6966,,,412.4,540.1,0
186,adult,weight_management,wachter_restricted,0,1,0.4121,0.6733,0.6339,0.4298,5,0,0,4228,2.418,plateaued_without_validity,0.6733,0.7191,,500.0,2.9,128.4,0
187,adult,glycemic_control,wachter_restricted,1,1,0.5464,0.7669,0.1844,0.0988,10,0,0,3449,0.853,valid_and_plateaued,0.7669,0.7471,,,1127.0,237.1,0
188,adult,weight_management,wachter_restricted,1,1,0.6262,0.7413,0.0762,0.0456,2,0,0,3611,0.768,valid_and_plateaued,0.7413,0.7045,,,323.1,300.1,0
189,adult,glycemic_control,wachter_restricted,0,1,0.5936,0.6883,0.2879,0.2101,3,0,0,1695,0.323,plateaued_without_validity,0.6883,0.7006,,,499.9,311.3,0
190,adult,glycemic_control,wachter_restricted,0,1,0.3913,0.6462,1.0011,0.4862,9,0,0,1797,0.405,plateaued_without_validity,0.6462,0.7025,,,849.1,6974.5,0
191,adult,balanced_nutrition,wachter_restricted,0,1,0.3504,0.6656,0.6675,0.4697,6,0,0,3625,0.801,plateaued_without_validity,0.6656,0.7055,,,3392.3,1247.1,0
192,adult,balanced_nutrition,wachter_restricted,0,1,0.2871,0.6824,0.4708,0.1935,10,0,0,2921,0.718,plateaued_without_validity,0.6824,0.6962,,,631.9,508.1,0
193,adult,weight_management,wachter_restricted,0,1,0.4355,0.6902,0.2667,0.1647,4,0,0,4254,0.899,plateaued_without_validity,0.6902,0.7055,,,394.9,407.3,0
194,adult,balanced_nutrition,wachter_restricted,1,1,0.3111,0.7661,0.9567,0.3239,12,0,0,2528,0.579,valid_and_plateaued,0.7661,0.7004,,,21.3,407.7,0
195,adult,glycemic_control,wachter_restricted,1,1,0.6301,0.7534,0.0951,0.0857,1,0,0,3534,0.68,valid_and_plateaued,0.7534,0.7005,,,61.4,256.2,0
196,adult,glycemic_control,wachter_restricted,0,0,0.5041,0.0727,0.5975,0.3118,5,0,1,2858,1.613,plateaued_without_validity,0.7274,0.698,flag.hypertension.sodium_mg,500.0,148.6,690.3,0
197,adult,weight_management,wachter_restricted,0,1,0.0754,0.6268,1.082,0.4956,9,0,0,3307,2.681,plateaued_without_validity,0.6268,0.6774,,500.0,105.4,179.1,0
198,adult,balanced_nutrition,wachter_restricted,0,0,0.3682,0.0712,1.9207,0.8882,7,0,1,2463,1.55,plateaued_without_validity,0.712,0.7042,flag.hypertension.sodium_mg,500.0,245.7,519.5,0
199,adult,balanced_nutrition,wachter_restricted,0,1,0.5675,0.6675,0.2317,0.1142,7,0,0,2916,0.737,plateaued_without_validity,0.6675,0.7048,,,544.2,405.7,0
200,adult,weight_management,wachter_restricted,1,1,0.7426,0.7427,0.0082,0.0075,3,0,0,659,0.149,valid_and_plateaued,0.7427,0.7429,,,3379.0,1673.2,0
201,older_adult,glycemic_control,wachter_restricted,0,0,0.0,0.0001,1.0977,0.5463,7,0,4,4582,1.04,plateaued_without_validity,0.6639,0.7114,flag.dysphagia.texture,,39.5,90.9,0
202,older_adult,balanced_nutrition,wachter_restricted,1,1,0.1571,0.748,1.1708,0.6297,6,0,0,2061,1.363,valid_and_plateaued,0.748,0.68,,500.0,4.7,282.7,0
203,older_adult,balanced_nutrition,wachter_restricted,0,0,0.0,0.0,1.7003,0.7903,9,0,8,3627,2.865,plateaued_without_validity,0.774,0.7009,flag.ace_inhibitor_or_k_sparing_diuretic.potassium_mg;flag.dysphagia.texture,,335.9,117.7,0
204,older_adult,balanced_nutrition,wachter_restricted,0,0,0.1591,0.0753,1.2733,0.4481,10,0,1,1767,1.622,plateaued_without_validity,0.7529,0.6484,flag.hypertension.sodium_mg,500.0,285.6,972.7,0
205,older_adult,weight_management,wachter_restricted,0,1,0.3426,0.6931,1.4423,0.629,8,0,0,1791,0.371,plateaued_without_validity,0.6931,0.7052,,,78.5,293.7,0
206,older_adult,glycemic_control,wachter_restricted,1,1,0.6694,0.8586,0.0832,0.0632,4,0,0,1418,0.319,valid_and_plateaued,0.8586,0.8369,,,418.1,390.6,0
207,older_adult,glycemic_control,wachter_restricted,1,1,0.5066,0.733,0.4255,0.2838,3,0,0,3420,0.722,valid_and_plateaued,0.733,0.7066,,,247.3,400.6,0
208,older_adult,glycemic_control,wachter_restricted,0,0,0.0081,0.0809,0.0291,0.0248,3,0,1,659,0.532,plateaued_without_validity,0.809,0.7925,flag.hypertension.sodium_mg,500.0,757.7,754.8,1
209,older_adult,glycemic_control,wachter_restricted,0,1,0.1882,0.637,1.1896,0.5356,8,0,0,2222,0.462,plateaued_without_validity,0.637,0.6612,,,48.1,108.2,0
210,older_adult,balanced_nutrition,wachter_restricted,0,0,0.0334,0.0859,0.4502,0.2855,8,0,1,2948,2.443,plateaued_without_validity,0.8591,0.7765,flag.hypertension.sodium_mg,500.0,1711.5,2038.9,1
211,older_adult,weight_management,wachter_restricted,0,1,0.1571,0.6641,0.957,0.4886,7,0,0,3099,0.737,plateaued_without_validity,0.6641,0.6993,,,95.5,88.1,0
212,older_adult,weight_management,wachter_restricted,0,1,0.4974,0.5777,0.0937,0.0457,3,0,0,672,0.181,plateaued_without_validity,0.5777,0.5792,,,1602.9,1525.9,0
213,older_adult,glycemic_control,wachter_restricted,0,1,0.5338,0.6932,1.056,0.6705,4,0,0,4493,0.849,plateaued_without_validity,0.6932,0.7019,,,2309.6,690.7,0
214,older_adult,weight_management,wachter_restricted,0,0,0.4628,0.0718,0.3527,0.1653,9,0,1,1949,1.526,plateaued_without_validity,0.7183,0.7585,flag.hypertension.sodium_mg,500.0,387.9,676.9,0
215,older_adult,weight_management,wachter_restricted,0,1,0.4318,0.6883,0.5667,0.3002,5,0,0,2704,0.552,plateaued_without_validity,0.6883,0.6921,,,668.4,589.2,0
216,older_adult,balanced_nutrition,wachter_restricted,0,1,0.1119,0.6848,1.3617,0.6283,6,0,0,1380,0.902,plateaued_without_validity,0.6848,0.6812,,500.0,51.6,198.9,0
217,older_adult,balanced_nutrition,wachter_restricted,0,0,0.0201,0.0811,1.1029,0.4451,8,0,1,2549,0.573,plateaued_without_validity,0.8113,0.7375,flag.metformin.excluded_food,,28.5,286.8,0
218,older_adult,balanced_nutrition,wachter_restricted,0,0,0.0004,0.0001,1.0776,0.5266,5,0,4,3899,2.326,plateaued_without_validity,0.6423,0.6726,flag.dysphagia.texture,500.0,2120.8,486.8,1
219,older_adult,glycemic_control,wachter_restricted,0,0,0.0543,0.0661,0.387,0.1664,7,0,1,3713,2.549,plateaued_without_validity,0.661,0.7004,flag.hypertension.sodium_mg,500.0,678.7,665.8,1
220,older_adult,glycemic_control,wachter_restricted,0,1,0.4374,0.6994,0.266,0.1989,2,0,0,4861,0.962,plateaued_without_validity,0.6994,0.7002,,,159.2,163.4,0
221,older_adult,weight_management,wachter_restricted,1,1,0.6824,0.7298,0.0589,0.0469,2,0,0,5657,1.205,valid_and_plateaued,0.7298,0.7451,,,1228.4,1280.5,0
222,older_adult,weight_management,wachter_restricted,0,1,0.0391,0.6831,2.2668,1.5379,3,0,0,4336,0.911,plateaued_without_validity,0.6831,0.7028,,,1.4,333.7,0
223,older_adult,balanced_nutrition,wachter_restricted,1,1,0.4625,0.7451,1.5454,0.6919,10,0,0,1651,0.387,valid_and_plateaued,0.7451,0.6899,,,959.0,532.0,0
224,older_adult,balanced_nutrition,wachter_restricted,1,1,0.2881,0.7531,1.6481,0.7537,6,0,0,4429,1.017,valid_and_plateaued,0.7531,0.7047,,,123.1,233.2,0
225,older_adult,balanced_nutrition,wachter_restricted,0,0,0.2608,0.0704,1.1191,0.6335,5,0,1,3738,2.386,plateaued_without_validity,0.7038,0.6902,flag.hypertension.sodium_mg,500.0,190.5,702.2,0
226,older_adult,balanced_nutrition,wachter_restricted,1,1,0.0924,0.721,1.7496,1.1536,4,0,0,4620,2.569,valid_and_plateaued,0.721,0.6817,,500.0,47.2,86.2,0
227,older_adult,balanced_nutrition,wachter_restricted,0,1,0.392,0.6694,0.7134,0.4222,4,0,0,4696,0.966,plateaued_without_validity,0.6694,0.7005,,,116.8,153.7,0
228,older_adult,weight_management,wachter_restricted,0,1,0.3196,0.6591,1.5728,0.7608,8,0,0,4463,0.97,plateaued_without_validity,0.6591,0.7021,,,21.4,105.0,0
229,older_adult,glycemic_control,wachter_restricted,0,1,0.1808,0.6969,1.1226,0.4789,8,0,0,2581,0.547,plateaued_without_validity,0.6969,0.7056,,,9.6,576.0,0
230,older_adult,balanced_nutrition,wachter_restricted,0,0,0.1669,0.0057,2.7916,2.0665,5,0,2,5734,3.803,plateaued_without_validity,0.5702,0.6621,flag.hypertension.sodium_mg;flag.warfarin.vitamin_k_ug,500.0,123.4,4638.8,0
231,older_adult,balanced_nutrition,wachter_restricted,0,0,0.0182,0.0682,1.2363,0.5471,14,0,1,1292,1.404,plateaued_without_validity,0.6821,0.6332,flag.hypertension.sodium_mg,500.0,1080.7,908.1,1
232,older_adult,weight_management,wachter_restricted,0,1,0.3053,0.6985,1.657,0.7526,9,0,0,2989,1.955,plateaued_without_validity,0.6985,0.7044,,500.0,154.5,143.4,0
233,older_adult,balanced_nutrition,wachter_restricted,0,1,0.3009,0.6853,0.9185,0.5214,4,0,0,3017,1.898,plateaued_without_validity,0.6853,0.6997,,,97.2,452.4,0
234,older_adult,balanced_nutrition,wachter_restricted,0,1,0.5195,0.6616,0.5986,0.2962,5,0,0,1861,1.178,plateaued_without_validity,0.6616,0.7075,,,491.7,559.8,0
235,older_adult,weight_management,wachter_restricted,0,1,0.1805,0.648,0.5595,0.2339,10,0,0,6027,1.438,evaluation_budget,0.648,0.7048,,,312.0,77.7,0
236,older_adult,balanced_nutrition,wachter_restricted,1,1,0.305,0.7122,1.0766,0.7691,6,0,0,3701,0.8,valid_and_plateaued,0.7122,0.7051,,,63.7,216.1,0
237,older_adult,glycemic_control,wachter_restricted,1,1,0.5812,0.7237,0.1772,0.0822,8,0,0,4228,1.075,valid_and_plateaued,0.7237,0.7501,,,166.8,176.0,0
238,older_adult,glycemic_control,wachter_restricted,0,0,0.068,0.0763,0.1127,0.058,5,0,1,5820,4.171,plateaued_without_validity,0.7627,0.7519,flag.hypertension.sodium_mg,500.0,1228.1,1150.0,1
239,older_adult,balanced_nutrition,wachter_restricted,1,1,0.4398,0.7385,0.3981,0.1801,7,0,0,2593,1.815,valid_and_plateaued,0.7385,0.7079,,500.0,65.7,65.3,0
240,older_adult,weight_management,wachter_restricted,0,1,0.3426,0.6764,4.0409,2.3689,5,0,0,3536,0.685,plateaued_without_validity,0.6764,0.7039,,,5.4,67.7,0
241,older_adult,balanced_nutrition,wachter_restricted,1,1,0.039,0.7746,0.5202,0.1956,8,0,0,2000,1.652,valid_and_plateaued,0.7746,0.704,,500.0,594.6,344.2,1
242,older_adult,weight_management,wachter_restricted,0,1,0.5376,0.6619,0.811,0.3884,5,0,0,4735,2.713,plateaued_without_validity,0.6619,0.7031,,,741.0,666.4,0
243,older_adult,weight_management,wachter_restricted,0,1,0.5088,0.6578,0.1746,0.1218,3,0,0,4664,2.898,plateaued_without_validity,0.6578,0.7015,,,92.9,91.9,0
244,older_adult,weight_management,wachter_restricted,1,1,0.3975,0.7348,0.754,0.3242,7,0,0,3630,2.455,valid_and_plateaued,0.7348,0.6959,,500.0,240.0,423.4,0
245,older_adult,balanced_nutrition,wachter_restricted,1,1,0.2618,0.7911,1.5521,0.6422,8,0,0,1500,1.126,valid_and_plateaued,0.7911,0.7128,,,68.9,87.3,0
246,older_adult,glycemic_control,wachter_restricted,0,0,0.0172,0.0803,0.7955,0.4041,7,0,1,2103,1.844,plateaued_without_validity,0.8027,0.7448,flag.hypertension.sodium_mg,500.0,792.7,784.5,1
247,older_adult,glycemic_control,wachter_restricted,0,1,0.3513,0.6951,2.3401,1.6182,6,0,0,4303,0.912,plateaued_without_validity,0.6951,0.7027,,,15.2,139.4,0
248,older_adult,weight_management,wachter_restricted,0,0,0.0626,0.0756,0.5562,0.3164,5,0,1,2504,1.502,plateaued_without_validity,0.7564,0.6996,flag.hypertension.sodium_mg,500.0,2071.5,3158.0,1
249,older_adult,weight_management,wachter_restricted,0,0,0.0389,0.0672,0.4528,0.2375,5,0,1,3629,2.116,plateaued_without_validity,0.6721,0.7098,flag.hypertension.sodium_mg,500.0,1202.4,1014.4,1
250,older_adult,balanced_nutrition,wachter_restricted,1,1,0.5808,0.7184,0.2736,0.1876,5,0,0,1748,1.218,valid_and_plateaued,0.7184,0.7039,,500.0,465.5,496.0,0
251,older_adult,glycemic_control,wachter_restricted,1,1,0.4214,0.7578,0.6833,0.4507,5,0,0,3183,0.729,valid_and_plateaued,0.7578,0.7098,,,342.3,137.1,0
252,older_adult,balanced_nutrition,wachter_restricted,1,1,0.3461,0.722,0.5742,0.4186,6,0,0,4742,1.101,valid_and_plateaued,0.722,0.7289,,,308.9,215.6,0
253,older_adult,glycemic_control,wachter_restricted,1,1,0.479,0.7012,0.9645,0.6722,7,0,0,3457,0.733,valid_and_plateaued,0.7012,0.7024,,,42.2,54.2,0
254,older_adult,balanced_nutrition,wachter_restricted,1,1,0.3392,0.8149,1.0327,0.5428,7,0,0,4820,1.023,valid_and_plateaued,0.8149,0.6958,,,79.5,152.4,0
255,older_adult,glycemic_control,wachter_restricted,0,0,0.0,0.0006,0.0333,0.0212,1,0,3,657,0.159,plateaued_without_validity,0.6225,0.6485,flag.dysphagia.texture,,828.3,634.4,0
256,older_adult,glycemic_control,wachter_restricted,0,0,0.0,0.0,1.3002,0.696,8,0,7,3987,2.628,plateaued_without_validity,0.6592,0.6848,flag.dysphagia.texture,500.0,9.2,71.9,0
257,older_adult,weight_management,wachter_restricted,0,0,0.0,0.0,1.5385,0.796,9,0,7,2591,0.628,plateaued_without_validity,0.681,0.7002,flag.dysphagia.texture,,65.6,175.3,0
258,older_adult,balanced_nutrition,wachter_restricted,1,1,0.283,0.7767,1.9315,0.9125,11,0,0,1544,0.423,valid_and_plateaued,0.7767,0.6818,,,135.9,448.4,0
259,older_adult,weight_management,wachter_restricted,0,0,0.2244,0.0662,2.5152,1.0225,11,0,1,1711,1.339,plateaued_without_validity,0.6616,0.6915,flag.hypertension.sodium_mg,500.0,171.6,696.7,0
260,older_adult,glycemic_control,wachter_restricted,0,1,0.4811,0.6831,5.08,2.7875,6,0,0,3777,0.699,plateaued_without_validity,0.6831,0.7,,,44.0,59.1,0
261,older_adult,balanced_nutrition,wachter_restricted,0,0,0.1046,0.0743,2.1439,1.021,9,0,1,4577,3.206,plateaued_without_validity,0.7426,0.705,flag.hypertension.sodium_mg,500.0,42.4,526.7,0
262,older_adult,weight_management,wachter_restricted,0,1,0.3325,0.6938,1.904,1.1937,7,0,0,2622,1.639,plateaued_without_validity,0.6938,0.7,,,18.2,76.8,0
263,older_adult,glycemic_control,wachter_restricted,0,0,0.0,0.0,0.1853,0.0964,4,0,5,3376,0.824,plateaued_without_validity,0.7338,0.7005,flag.dysphagia.texture,,612.7,509.2,0
264,older_adult,glycemic_control,wachter_restricted,1,1,0.2637,0.7008,1.6214,0.9548,6,0,0,4621,0.88,valid_and_plateaued,0.7008,0.6962,,,198.9,385.0,0
265,older_adult,weight_management,wachter_restricted,1,1,0.2019,0.7004,1.6062,0.916,6,0,0,2655,1.341,valid_and_plateaued,0.7004,0.7054,,,29.7,292.0,0
266,older_adult,balanced_nutrition,wachter_restricted,1,1,0.0558,0.849,0.6779,0.255,8,0,0,2150,1.712,valid_and_plateaued,0.849,0.7604,,500.0,525.4,206.6,1
267,older_adult,weight_management,wachter_restricted,1,1,0.6064,0.7247,0.1264,0.1029,3,0,0,4576,2.587,valid_and_plateaued,0.7247,0.7007,,500.0,129.0,144.1,0
268,older_adult,weight_management,wachter_restricted,0,1,0.4309,0.6897,0.5537,0.2359,9,0,0,2797,2.148,plateaued_without_validity,0.6897,0.7015,,500.0,432.5,87.7,0
269,older_adult,balanced_nutrition,wachter_restricted,0,0,0.0,0.0001,0.3033,0.1865,4,0,4,3382,0.775,plateaued_without_validity,0.7598,0.7076,flag.dysphagia.texture,,515.1,430.5,0
270,older_adult,glycemic_control,wachter_restricted,1,1,0.3929,0.7229,1.0101,0.7384,4,0,0,5655,1.171,valid_and_plateaued,0.7229,0.7009,,,251.2,292.1,0
271,older_adult,balanced_nutrition,wachter_restricted,0,1,0.3056,0.6084,0.7262,0.3947,5,0,0,5105,1.072,plateaued_without_validity,0.6084,0.6996,,,1643.7,812.1,0
272,older_adult,weight_management,wachter_restricted,0,1,0.6353,0.6644,0.0566,0.0234,7,0,0,670,0.652,plateaued_without_validity,0.6644,0.6098,,500.0,330.4,327.9,0
273,older_adult,balanced_nutrition,wachter_restricted,1,1,0.3449,0.7134,8.429,5.4552,7,0,0,1660,1.123,valid_and_plateaued,0.7134,0.6882,,500.0,54.9,86.7,0
274,older_adult,weight_management,wachter_restricted,0,1,0.4504,0.6701,0.4289,0.1836,8,0,0,1349,0.993,plateaued_without_validity,0.6701,0.7078,,,1427.0,1289.1,0
275,older_adult,balanced_nutrition,wachter_restricted,1,1,0.4781,0.7661,0.5315,0.2409,8,0,0,3743,0.847,valid_and_plateaued,0.7661,0.7036,,,14.1,126.2,0
276,older_adult,balanced_nutrition,wachter_restricted,0,0,0.3914,0.0808,0.8558,0.3573,12,0,1,2206,1.878,plateaued_without_validity,0.8075,0.7148,flag.ace_inhibitor_or_k_sparing_diuretic.potassium_mg,500.0,323.6,158.1,0
277,older_adult,weight_management,wachter_restricted,1,1,0.4938,0.7093,0.2588,0.1814,2,0,0,6024,3.834,evaluation_budget,0.7093,0.7002,,,448.3,318.8,0
278,older_adult,glycemic_control,wachter_restricted,0,0,0.0,0.0,0.7041,0.4829,5,0,6,2656,0.641,plateaued_without_validity,0.7398,0.714,flag.dysphagia.texture,,355.7,124.2,0
279,older_adult,balanced_nutrition,wachter_restricted,0,1,0.3665,0.6854,0.7944,0.4193,5,0,0,3022,0.647,plateaued_without_validity,0.6854,0.6996,,,687.5,439.8,0
280,older_adult,balanced_nutrition,wachter_restricted,0,1,0.2998,0.6092,0.8619,0.5535,7,0,0,1222,0.971,plateaued_without_validity,0.6092,0.6212,,500.0,73.9,320.7,0
281,older_adult,weight_management,wachter_restricted,0,1,0.4432,0.6988,1.1881,0.6368,7,0,0,3663,0.771,plateaued_without_validity,0.6988,0.6991,,,277.8,288.7,0
282,older_adult,weight_management,wachter_restricted,0,1,0.4944,0.6916,0.3081,0.193,4,0,0,3313,2.37,plateaued_without_validity,0.6916,0.7002,,500.0,448.3,458.6,0
283,older_adult,glycemic_control,wachter_restricted,1,1,0.436,0.7182,3.4133,2.2372,5,0,0,2297,0.477,valid_and_plateaued,0.7182,0.7028,,,43.7,84.7,0
284,older_adult,balanced_nutrition,wachter_restricted,1,1,0.2313,0.7179,1.0709,0.7192,4,0,0,4342,0.863,valid_and_plateaued,0.7179,0.7013,,,322.9,420.5,0
285,older_adult,balanced_nutrition,wachter_restricted,1,1,0.3381,0.7336,2.83,2.0384,5,0,0,2663,0.612,valid_and_plateaued,0.7336,0.6758,,,412.4,690.2,0
286,older_adult,glycemic_control,wachter_restricted,1,1,0.3464,0.7061,0.5418,0.4224,3,0,0,2857,1.521,valid_and_plateaued,0.7061,0.7044,,500.0,2.9,27.8,0
287,older_adult,balanced_nutrition,wachter_restricted,1,1,0.317,0.7386,0.4312,0.2079,12,0,0,3966,1.056,valid_and_plateaued,0.7386,0.7021,,,1127.0,178.2,0
288,older_adult,balanced_nutrition,wachter_restricted,1,1,0.4455,0.7816,0.3186,0.1681,6,0,0,2500,0.591,valid_and_plateaued,0.7816,0.7351,,,323.1,516.0,0
289,older_adult,balanced_nutrition,wachter_restricted,0,0,0.4795,0.0755,1.0051,0.5419,4,0,1,2623,1.313,plateaued_without_validity,0.7546,0.6973,flag.ace_inhibitor_or_k_sparing_diuretic.potassium_mg,,499.9,338.2,0
290,older_adult,glycemic_control,wachter_restricted,0,0,0.0423,0.0684,0.4302,0.2836,4,0,1,5179,3.051,plateaued_without_validity,0.6836,0.7152,flag.hypertension.sodium_mg,500.0,849.1,869.3,1
291,older_adult,weight_management,wachter_restricted,0,1,0.368,0.6409,0.6946,0.5474,5,0,0,3542,0.737,plateaued_without_validity,0.6409,0.7018,,,3392.3,854.8,0
292,older_adult,weight_management,wachter_restricted,0,1,0.3704,0.69,0.2505,0.1187,5,0,0,4837,1.212,plateaued_without_validity,0.69,0.706,,,631.9,658.1,0
293,older_adult,glycemic_control,wachter_restricted,0,1,0.4866,0.7,0.3972,0.2013,6,0,0,2183,0.496,plateaued_without_validity,0.7,0.7018,,,394.9,532.8,0
294,older_adult,weight_management,wachter_restricted,1,1,0.1816,0.7403,0.6603,0.2663,10,0,0,2405,0.544,valid_and_plateaued,0.7403,0.6968,,,21.3,348.2,0
295,older_adult,glycemic_control,wachter_restricted,0,0,0.0001,0.0008,0.2012,0.1833,1,0,3,1695,0.375,plateaued_without_validity,0.7564,0.7315,flag.dysphagia.texture,,61.4,135.5,0
296,older_adult,balanced_nutrition,wachter_restricted,0,1,0.1193,0.6823,1.036,0.759,5,0,0,4857,2.616,plateaued_without_validity,0.6823,0.704,,500.0,148.6,383.8,0
297,older_adult,glycemic_control,wachter_restricted,1,1,0.1149,0.7345,1.0355,0.3383,12,0,0,2477,2.038,valid_and_plateaued,0.7345,0.7142,,500.0,105.4,211.2,0
298,older_adult,weight_management,wachter_restricted,0,1,0.3334,0.6554,2.2862,0.9218,7,0,0,1827,1.148,plateaued_without_validity,0.6554,0.6738,,500.0,245.7,475.0,0
299,older_adult,weight_management,wachter_restricted,0,1,0.6387,0.6714,0.034,0.0236,3,0,0,6036,1.419,evaluation_budget,0.6714,0.7003,,,544.2,316.6,0
300,older_adult,weight_management,wachter_restricted,0,0,0.0706,0.0706,0.0082,0.0075,3,0,1,659,0.446,plateaued_without_validity,0.7061,0.7188,flag.ace_inhibitor_or_k_sparing_diuretic.potassium_mg,,3379.0,1673.2,0
1,toddler,glycemic_control,foodsense_de,0,1,0.0378,0.6622,0.5709,0.4673,3,0,0,6013,2.79,evaluation_budget,0.6622,0.6828,,,39.5,288.9,0
2,toddler,weight_management,foodsense_de,0,1,0.0332,0.6796,1.0745,0.6979,3,0,0,4130,1.86,plateaued_without_validity,0.6796,0.6999,,,4.7,3.4,0
3,toddler,glycemic_control,foodsense_de,0,1,0.0267,0.6589,1.191,0.7483,6,0,0,4491,2.618,plateaued_without_validity,0.6589,0.7003,,,335.9,358.1,0
4,toddler,glycemic_control,foodsense_de,1,1,0.0043,0.7312,1.1814,0.7506,3,0,0,4422,2.767,valid_and_plateaued,0.7312,0.6598,,,285.6,170.4,0
5,toddler,glycemic_control,foodsense_de,1,1,0.2332,0.7575,1.1789,0.6049,4,0,0,2136,0.427,valid_and_plateaued,0.7575,0.7008,,,78.5,154.5,0
6,toddler,weight_management,foodsense_de,0,1,0.0625,0.6749,0.1995,0.1745,3,0,0,4055,0.896,plateaued_without_validity,0.6749,0.6769,,,418.1,421.2,0
7,toddler,balanced_nutrition,foodsense_de,0,1,0.6095,0.5647,0.0723,0.0405,1,0,0,657,0.479,plateaued_without_validity,0.5647,0.546,,,247.3,243.3,0
8,toddler,balanced_nutrition,foodsense_de,0,1,0.6866,0.6814,0.0291,0.0248,1,0,0,659,0.527,plateaued_without_validity,0.6814,0.6602,,,757.7,754.8,0
9,toddler,weight_management,foodsense_de,1,1,0.3229,0.7157,1.0122,0.6044,5,0,0,4014,0.79,valid_and_plateaued,0.7157,0.6985,,,48.1,83.1,0
10,toddler,glycemic_control,foodsense_de,1,1,0.0381,0.7168,0.6291,0.3706,4,0,0,2739,1.626,valid_and_plateaued,0.7168,0.7589,,,1711.5,451.5,0
11,toddler,weight_management,foodsense_de,0,1,0.0032,0.6927,0.6957,0.3559,4,0,0,5858,3.359,plateaued_without_validity,0.6927,0.6859,,,95.5,84.2,0
12,toddler,weight_management,foodsense_de,1,1,0.0066,0.7185,0.2604,0.1071,6,0,0,2786,0.665,valid_and_plateaued,0.7185,0.6591,,,1602.9,1556.2,0
13,toddler,weight_management,foodsense_de,0,1,0.4788,0.6081,0.7199,0.7004,1,0,0,932,0.546,plateaued_without_validity,0.6081,0.5869,,,2309.6,1840.5,0
14,toddler,weight_management,foodsense_de,0,1,0.4641,0.5244,0.0641,0.0389,3,0,0,645,0.513,plateaued_without_validity,0.5244,0.5459,,,387.9,266.5,0
15,toddler,weight_management,foodsense_de,1,1,0.4222,0.7479,0.3445,0.2609,2,0,0,4937,0.939,valid_and_plateaued,0.7479,0.7167,,,668.4,685.5,0
16,toddler,weight_management,foodsense_de,1,1,0.3632,0.7382,0.8574,0.618,2,0,0,2052,0.998,valid_and_plateaued,0.7382,0.7038,,,51.6,64.8,0
17,toddler,weight_management,foodsense_de,0,1,0.0029,0.6761,1.2563,0.7876,4,0,0,4414,2.441,plateaued_without_validity,0.6761,0.686,,,28.5,67.0,0
18,toddler,weight_management,foodsense_de,0,1,0.5224,0.5224,0.0018,0.0011,0,0,0,653,0.149,plateaued_without_validity,0.5224,0.5108,,,2120.8,2118.9,0
19,toddler,weight_management,foodsense_de,0,1,0.0041,0.6836,0.7138,0.3043,7,0,0,2149,0.497,plateaued_without_validity,0.6836,0.6557,,,678.7,721.2,0
20,toddler,balanced_nutrition,foodsense_de,1,1,0.0428,0.7624,1.2261,0.9145,5,0,0,1418,0.294,valid_and_plateaued,0.7624,0.7037,,,159.2,285.4,0
21,toddler,weight_management,foodsense_de,0,1,0.6821,0.6668,0.0379,0.0352,1,0,0,657,0.443,plateaued_without_validity,0.6668,0.6381,,,1228.4,1226.3,0
22,toddler,glycemic_control,foodsense_de,1,1,0.517,0.7453,1.6035,1.4484,1,0,0,2849,0.616,valid_and_plateaued,0.7453,0.6935,,,1.4,239.8,0
23,toddler,balanced_nutrition,foodsense_de,0,1,0.495,0.494,0.0496,0.0332,2,0,0,664,0.163,plateaued_without_validity,0.494,0.478,,,959.0,840.2,0
24,toddler,balanced_nutrition,foodsense_de,1,1,0.0542,0.8194,0.4771,0.286,3,0,0,4454,0.936,valid_and_plateaued,0.8194,0.6976,,,123.1,140.0,0
25,toddler,weight_management,foodsense_de,0,1,0.5081,0.5208,0.0737,0.0542,1,0,0,652,0.147,plateaued_without_validity,0.5208,0.4856,,,190.5,114.8,0
26,toddler,balanced_nutrition,foodsense_de,0,1,0.036,0.6654,1.4602,0.8518,3,0,0,5659,1.072,plateaued_without_validity,0.6654,0.7026,,,47.2,94.9,0
27,toddler,balanced_nutrition,foodsense_de,0,1,0.5872,0.5745,0.0299,0.0154,0,0,0,647,0.138,plateaued_without_validity,0.5745,0.5699,,,116.8,117.2,0
28,toddler,weight_management,foodsense_de,0,1,0.0291,0.6011,1.5792,0.8665,5,0,0,6016,2.759,evaluation_budget,0.6011,0.6617,,,21.4,241.4,0
29,toddler,weight_management,foodsense_de,1,1,0.3552,0.7652,1.3602,0.9033,4,0,0,1967,0.408,valid_and_plateaued,0.7652,0.6964,,,9.6,152.1,0
30,toddler,glycemic_control,foodsense_de,1,1,0.0214,0.7199,0.9049,0.6196,3,0,0,3767,1.975,valid_and_plateaued,0.7199,0.7019,,,123.4,105.3,0
31,toddler,balanced_nutrition,foodsense_de,0,1,0.3685,0.698,0.8044,0.5279,5,0,0,3745,2.853,plateaued_without_validity,0.698,0.6721,,,1080.7,1032.6,0
32,toddler,balanced_nutrition,foodsense_de,1,1,0.0392,0.7342,2.2948,1.2778,7,0,0,2621,1.802,valid_and_plateaued,0.7342,0.7025,,,154.5,150.2,0
33,toddler,weight_management,foodsense_de,0,1,0.0507,0.6762,0.983,0.5227,4,0,0,2486,1.363,plateaued_without_validity,0.6762,0.7034,,,97.2,5.4,0
34,toddler,balanced_nutrition,foodsense_de,0,1,0.5493,0.5287,0.0272,0.0213,1,0,0,650,0.407,plateaued_without_validity,0.5287,0.6048,,,491.7,489.8,0
35,toddler,glycemic_control,foodsense_de,0,1,0.2903,0.3812,0.0275,0.0209,1,0,0,660,0.166,plateaued_without_validity,0.3812,0.3844,,,312.0,266.6,0
36,toddler,glycemic_control,foodsense_de,0,1,0.0054,0.4819,0.0495,0.0448,1,0,0,647,0.145,plateaued_without_validity,0.4819,0.478,,,63.7,41.9,0
37,toddler,glycemic_control,foodsense_de,0,1,0.6732,0.5846,0.0932,0.0437,3,0,0,663,0.654,plateaued_without_validity,0.5846,0.6155,,,166.8,157.2,0
38,toddler,balanced_nutrition,foodsense_de,0,1,0.4899,0.4881,0.0669,0.035,3,0,0,669,0.682,plateaued_without_validity,0.4881,0.5278,,,1228.1,1135.4,0
39,toddler,balanced_nutrition,foodsense_de,0,1,0.6844,0.6998,0.11,0.0709,2,0,0,667,0.163,plateaued_without_validity,0.6998,0.6778,,,65.7,64.7,0
40,toddler,weight_management,foodsense_de,1,1,0.3189,0.7193,2.6318,1.4254,4,0,0,1569,0.3,valid_and_plateaued,0.7193,0.7021,,,5.4,141.7,0
41,toddler,glycemic_control,foodsense_de,1,1,0.0668,0.7566,0.1933,0.1528,2,0,0,4957,1.061,valid_and_plateaued,0.7566,0.7288,,,594.6,210.9,0
42,toddler,glycemic_control,foodsense_de,0,1,0.0564,0.559,0.0765,0.0543,2,0,0,650,0.44,plateaued_without_validity,0.559,0.5804,,,741.0,635.5,0
43,toddler,balanced_nutrition,foodsense_de,1,1,0.403,0.7473,0.8246,0.7032,3,0,0,1150,0.782,valid_and_plateaued,0.7473,0.6515,,,92.9,138.7,0
44,toddler,glycemic_control,foodsense_de,0,1,0.5421,0.5495,0.0161,0.0067,0,0,0,652,0.506,plateaued_without_validity,0.5495,0.5512,,,240.0,76.9,0
45,toddler,glycemic_control,foodsense_de,1,1,0.0029,0.7017,1.3313,0.755,6,0,0,2773,1.677,valid_and_plateaued,0.7017,0.7034,,,68.9,41.6,0
46,toddler,weight_management,foodsense_de,0,1,0.0207,0.6748,0.6035,0.3534,4,0,0,3054,1.993,plateaued_without_validity,0.6748,0.6757,,,792.7,218.6,0
47,toddler,balanced_nutrition,foodsense_de,1,1,0.0532,0.7133,1.8596,1.2212,7,0,0,1897,1.086,valid_and_plateaued,0.7133,0.6788,,,15.2,6.5,0
48,toddler,glycemic_control,foodsense_de,0,1,0.6339,0.6325,0.0453,0.0307,2,0,0,645,0.146,plateaued_without_validity,0.6325,0.6462,,,2071.5,1793.8,0
49,toddler,weight_management,foodsense_de,0,1,0.2615,0.2587,0.0189,0.0106,0,0,0,659,0.514,plateaued_without_validity,0.2587,0.2941,,,1202.4,1186.5,0
50,toddler,weight_management,foodsense_de,0,1,0.6832,0.6828,0.0016,0.0008,0,0,0,662,0.49,plateaued_without_validity,0.6828,0.6785,,,465.5,469.0,0
51,toddler,weight_management,foodsense_de,1,1,0.0466,0.7813,0.9729,0.5711,4,0,0,4293,0.918,valid_and_plateaued,0.7813,0.749,,,342.3,133.9,0
52,toddler,glycemic_control,foodsense_de,1,1,0.7143,0.7104,0.0144,0.0076,1,0,0,657,0.171,valid_and_plateaued,0.7104,0.6772,,,308.9,308.2,0
53,toddler,glycemic_control,foodsense_de,1,1,0.0608,0.7075,0.8936,0.5881,5,0,0,3173,1.599,valid_and_plateaued,0.7075,0.6909,,,42.2,51.3,0
54,toddler,glycemic_control,foodsense_de,0,1,0.0525,0.5458,0.1747,0.0879,2,0,0,650,0.159,plateaued_without_validity,0.5458,0.5053,,,79.5,25.1,0
55,toddler,glycemic_control,foodsense_de,0,1,0.5459,0.5559,0.0333,0.0212,1,0,0,657,0.154,plateaued_without_validity,0.5559,0.5886,,,828.3,634.4,0
56,toddler,glycemic_control,foodsense_de,0,1,0.0373,0.3776,0.0722,0.0645,1,0,0,659,0.155,plateaued_without_validity,0.3776,0.3654,,,9.2,8.8,0
57,toddler,weight_management,foodsense_de,1,1,0.5179,0.7521,1.1802,0.8724,5,0,0,5823,1.19,valid_and_plateaued,0.7521,0.7046,,,65.6,99.8,0
58,toddler,glycemic_control,foodsense_de,0,1,0.0314,0.6811,0.9347,0.5203,5,0,0,3139,1.959,plateaued_without_validity,0.6811,0.6713,,,135.9,231.2,0
59,toddler,balanced_nutrition,foodsense_de,1,1,0.045,0.7646,0.7313,0.4085,5,0,0,6015,3.241,evaluation_budget,0.7646,0.7066,,,171.6,194.3,0
60,toddler,weight_management,foodsense_de,0,1,0.0384,0.6975,2.63,1.5562,4,0,0,5375,2.132,plateaued_without_validity,0.6975,0.7004,,,44.0,210.4,0
61,toddler,balanced_nutrition,foodsense_de,1,1,0.0301,0.7673,2.186,1.1998,7,0,0,4252,2.332,valid_and_plateaued,0.7673,0.6994,,,42.4,6.2,0
62,toddler,balanced_nutrition,foodsense_de,0,1,0.3789,0.6438,1.0107,0.4807,5,0,0,2530,0.513,plateaued_without_validity,0.6438,0.6718,,,18.2,22.0,0
63,toddler,glycemic_control,foodsense_de,0,1,0.4358,0.4352,0.0101,0.0042,0,0,0,660,0.161,plateaued_without_validity,0.4352,0.4535,,,612.7,573.2,0
64,toddler,weight_management,foodsense_de,0,1,0.0363,0.633,1.4762,1.0814,3,0,0,3252,1.44,plateaued_without_validity,0.633,0.6801,,,198.9,160.6,0
65,toddler,balanced_nutrition,foodsense_de,0,1,0.0201,0.6556,1.1375,0.7451,3,0,0,3566,1.434,plateaued_without_validity,0.6556,0.6851,,,29.7,11.8,0
66,toddler,weight_management,foodsense_de,0,1,0.4486,0.5031,0.0173,0.0084,0,0,0,656,0.164,plateaued_without_validity,0.5031,0.5007,,,525.4,251.7,0
67,toddler,weight_management,foodsense_de,1,1,0.7544,0.7456,0.0246,0.0149,1,0,0,653,0.175,valid_and_plateaued,0.7456,0.7172,,,129.0,128.5,0
68,toddler,glycemic_control,foodsense_de,0,1,0.4264,0.533,0.0604,0.0379,2,0,0,662,0.166,plateaued_without_validity,0.533,0.5218,,,432.5,41.4,0
69,toddler,balanced_nutrition,foodsense_de,1,1,0.0539,0.7122,0.3312,0.2332,3,0,0,2904,0.652,valid_and_plateaued,0.7122,0.7026,,,515.1,443.8,0
70,toddler,weight_management,foodsense_de,0,1,0.4315,0.689,1.5342,1.4317,2,0,0,3257,1.697,plateaued_without_validity,0.689,0.7019,,,251.2,220.4,0
71,toddler,weight_management,foodsense_de,0,1,0.5855,0.5641,0.0065,0.0048,0,0,0,653,0.193,plateaued_without_validity,0.5641,0.5218,,,1643.7,1643.6,0
72,toddler,balanced_nutrition,foodsense_de,0,1,0.0628,0.5821,0.0566,0.0234,5,0,0,670,0.179,plateaued_without_validity,0.5821,0.5902,,,330.4,327.9,0
73,toddler,glycemic_control,foodsense_de,1,1,0.0428,0.7326,3.1755,1.9345,5,0,0,1574,0.972,valid_and_plateaued,0.7326,0.7046,,,54.9,76.5,0
74,toddler,weight_management,foodsense_de,0,1,0.4873,0.4867,0.1195,0.115,1,0,0,660,0.498,plateaued_without_validity,0.4867,0.4648,,,1427.0,1114.7,0
75,toddler,balanced_nutrition,foodsense_de,0,1,0.6001,0.5981,0.0453,0.0342,1,0,0,653,0.15,plateaued_without_validity,0.5981,0.6167,,,14.1,7.4,0
76,toddler,balanced_nutrition,foodsense_de,0,1,0.0043,0.4259,0.225,0.0975,7,0,0,659,0.6,plateaued_without_validity,0.4259,0.4344,,,323.6,1.6,0
77,toddler,weight_management,foodsense_de,0,1,0.0336,0.6395,0.1608,0.1366,2,0,0,6018,3.259,evaluation_budget,0.6395,0.7026,,,448.3,307.8,0
78,toddler,balanced_nutrition,foodsense_de,0,1,0.0047,0.6671,0.7068,0.5151,4,0,0,2578,1.656,plateaued_without_validity,0.6671,0.6476,,,355.7,104.3,0
79,toddler,glycemic_control,foodsense_de,0,1,0.0538,0.6713,0.5645,0.3691,3,0,0,1734,1.015,plateaued_without_validity,0.6713,0.6913,,,687.5,564.2,0
80,toddler,glycemic_control,foodsense_de,1,1,0.4708,0.7016,0.8386,0.6648,3,0,0,2254,0.444,valid_and_plateaued,0.7016,0.7033,,,73.9,65.5,0
81,toddler,glycemic_control,foodsense_de,0,1,0.0585,0.5693,0.209,0.1243,2,0,0,655,0.153,plateaued_without_validity,0.5693,0.5739,,,277.8,267.4,0
82,toddler,glycemic_control,foodsense_de,0,1,0.6232,0.634,0.0242,0.0132,1,0,0,669,0.556,plateaued_without_validity,0.634,0.6064,,,448.3,446.5,0
83,toddler,glycemic_control,foodsense_de,1,1,0.4773,0.7008,1.0443,0.8765,2,0,0,3690,1.815,valid_and_plateaued,0.7008,0.7023,,,43.7,48.7,0
84,toddler,glycemic_control,foodsense_de,0,1,0.4621,0.6497,0.7649,0.6935,1,0,0,3665,1.874,plateaued_without_validity,0.6497,0.6292,,,322.9,316.1,0
85,toddler,glycemic_control,foodsense_de,0,1,0.0432,0.5346,0.38,0.2037,3,0,0,645,0.158,plateaued_without_validity,0.5346,0.513,,,412.4,335.2,0
86,toddler,weight_management,foodsense_de,0,1,0.4281,0.4293,0.0436,0.0413,1,0,0,653,0.452,plateaued_without_validity,0.4293,0.4714,,,2.9,2.1,0
87,toddler,weight_management,foodsense_de,0,1,0.052,0.5267,0.0103,0.0072,1,0,0,689,0.738,plateaued_without_validity,0.5267,0.5687,,,1127.0,1114.2,0
88,toddler,balanced_nutrition,foodsense_de,0,1,0.6852,0.6748,0.0312,0.0167,1,0,0,651,0.22,plateaued_without_validity,0.6748,0.5939,,,323.1,283.4,0
89,toddler,glycemic_control,foodsense_de,0,1,0.6293,0.6916,0.0051,0.0036,0,0,0,645,0.14,plateaued_without_validity,0.6916,0.6755,,,499.9,306.9,0
90,toddler,glycemic_control,foodsense_de,0,1,0.0447,0.6914,0.1724,0.1173,3,0,0,6023,3.291,evaluation_budget,0.6914,0.7045,,,849.1,875.5,0
91,toddler,weight_management,foodsense_de,0,1,0.0471,0.602,0.7693,0.5531,4,0,0,699,0.495,plateaued_without_validity,0.602,0.6345,,,3392.3,3229.0,0
92,toddler,balanced_nutrition,foodsense_de,0,1,0.0004,0.6696,0.7183,0.3357,7,0,0,3584,0.858,plateaued_without_validity,0.6696,0.713,,,631.9,462.3,0
93,toddler,balanced_nutrition,foodsense_de,1,1,0.0417,0.7889,0.5775,0.341,4,0,0,2931,1.889,valid_and_plateaued,0.7889,0.7199,,,394.9,156.0,0
94,toddler,balanced_nutrition,foodsense_de,0,1,0.398,0.5071,0.2219,0.1414,3,0,0,992,0.244,plateaued_without_validity,0.5071,0.494,,,21.3,45.7,0
95,toddler,glycemic_control,foodsense_de,0,1,0.69,0.6901,0.0037,0.0021,0,0,0,649,0.13,plateaued_without_validity,0.6901,0.6767,,,61.4,22.9,0
96,toddler,weight_management,foodsense_de,1,1,0.4329,0.7044,0.653,0.5522,2,0,0,2887,0.537,valid_and_plateaued,0.7044,0.7009,,,148.6,114.1,0
97,toddler,weight_management,foodsense_de,0,1,0.0027,0.2714,0.061,0.033,2,0,0,662,0.17,plateaued_without_validity,0.2714,0.2601,,,105.4,50.5,0
98,toddler,balanced_nutrition,foodsense_de,0,1,0.0496,0.6247,4.6034,2.9215,6,0,0,1050,0.228,plateaued_without_validity,0.6247,0.6542,,,245.7,38.6,0
99,toddler,balanced_nutrition,foodsense_de,1,1,0.0006,0.7049,0.5726,0.3128,5,0,0,4462,2.901,valid_and_plateaued,0.7049,0.6507,,,544.2,231.4,0
100,toddler,balanced_nutrition,foodsense_de,0,1,0.5785,0.5785,0.0082,0.0075,1,0,0,659,0.481,plateaued_without_validity,0.5785,0.5685,,,3379.0,1673.2,0
101,adult,glycemic_control,foodsense_de,1,1,0.2883,0.7305,1.1955,0.725,6,0,0,1731,0.382,valid_and_plateaued,0.7305,0.7161,,,39.5,297.6,0
102,adult,balanced_nutrition,foodsense_de,1,1,0.1794,0.7545,1.8217,0.9983,5,0,0,2296,1.22,valid_and_plateaued,0.7545,0.6953,,500.0,4.7,55.5,0
103,adult,weight_management,foodsense_de,0,1,0.4468,0.4773,0.258,0.1272,4,0,0,649,0.152,plateaued_without_validity,0.4773,0.4511,,,335.9,206.1,0
104,adult,weight_management,foodsense_de,0,1,0.4045,0.4074,0.0273,0.01,0,0,0,667,0.17,plateaued_without_validity,0.4074,0.3766,,,285.6,137.8,0
105,adult,glycemic_control,foodsense_de,0,1,0.1901,0.6637,1.252,0.7778,3,0,0,5976,1.122,plateaued_without_validity,0.6637,0.691,,,78.5,177.9,0
106,adult,weight_management,foodsense_de,0,1,0.6663,0.6871,0.0223,0.014,2,0,0,655,0.142,plateaued_without_validity,0.6871,0.6672,,,418.1,378.0,0
107,adult,balanced_nutrition,foodsense_de,0,1,0.5235,0.5314,0.0723,0.0405,1,0,0,657,0.141,plateaued_without_validity,0.5314,0.5096,,,247.3,243.3,0
108,adult,balanced_nutrition,foodsense_de,1,1,0.0804,0.7555,0.1445,0.1221,2,0,0,5785,3.098,valid_and_plateaued,0.7555,0.7109,,500.0,757.7,499.1,1
109,adult,weight_management,foodsense_de,0,1,0.2661,0.6564,1.64,0.9293,6,0,0,1412,0.288,plateaued_without_validity,0.6564,0.6407,,,48.1,155.2,0
110,adult,weight_management,foodsense_de,0,1,0.2605,0.6726,0.5012,0.3303,3,0,0,6022,1.201,evaluation_budget,0.6726,0.6997,,,1711.5,733.3,0
111,adult,weight_management,foodsense_de,0,1,0.1407,0.1412,0.0194,0.0087,0,0,0,659,0.158,plateaued_without_validity,0.1412,0.1723,,,95.5,55.1,0
112,adult,balanced_nutrition,foodsense_de,1,1,0.4006,0.7543,0.7529,0.5048,6,0,0,1286,0.302,valid_and_plateaued,0.7543,0.7169,,,1602.9,477.6,0
113,adult,weight_management,foodsense_de,0,1,0.6033,0.6037,0.0196,0.0127,0,0,0,646,0.129,plateaued_without_validity,0.6037,0.5923,,,2309.6,1837.5,0
114,adult,balanced_nutrition,foodsense_de,0,1,0.3386,0.639,1.4127,1.1841,6,0,0,1531,1.042,plateaued_without_validity,0.639,0.706,,500.0,387.9,449.2,0
115,adult,balanced_nutrition,foodsense_de,0,1,0.3628,0.3615,0.005,0.003,0,0,0,655,0.131,plateaued_without_validity,0.3615,0.356,,,668.4,666.6,0
116,adult,weight_management,foodsense_de,0,1,0.2975,0.6766,1.2085,0.9314,2,0,0,3094,1.389,plateaued_without_validity,0.6766,0.6474,,500.0,51.6,107.3,0
117,adult,weight_management,foodsense_de,0,1,0.2629,0.6295,1.7783,1.2766,4,0,0,2134,0.479,plateaued_without_validity,0.6295,0.6341,,,28.5,124.3,0
118,adult,weight_management,foodsense_de,1,1,0.452,0.8996,0.8537,0.5033,4,0,0,929,0.178,valid_and_plateaued,0.8996,0.8152,,,2120.8,182.4,0
119,adult,weight_management,foodsense_de,0,1,0.3669,0.4085,0.0209,0.0127,1,0,0,666,0.154,plateaued_without_validity,0.4085,0.4524,,,678.7,629.2,0
120,adult,balanced_nutrition,foodsense_de,0,1,0.3293,0.676,0.7442,0.4704,4,0,0,3215,0.615,plateaued_without_validity,0.676,0.7031,,,159.2,301.0,0
121,adult,weight_management,foodsense_de,0,1,0.6579,0.6456,0.0379,0.0352,1,0,0,657,0.139,plateaued_without_validity,0.6456,0.609,,,1228.4,1226.3,0
122,adult,weight_management,foodsense_de,1,1,0.4728,0.7574,3.2793,3.1429,1,0,0,2809,0.531,valid_and_plateaued,0.7574,0.702,,,1.4,387.6,0
123,adult,weight_management,foodsense_de,0,1,0.5911,0.6122,0.0496,0.0332,2,0,0,664,0.146,plateaued_without_validity,0.6122,0.6093,,,959.0,840.2,0
124,adult,weight_management,foodsense_de,0,1,0.4899,0.4999,0.2211,0.1245,2,0,0,646,0.151,plateaued_without_validity,0.4999,0.5119,,,123.1,25.6,0
125,adult,balanced_nutrition,foodsense_de,1,1,0.3081,0.7485,2.2331,1.701,5,0,0,1780,1.096,valid_and_plateaued,0.7485,0.7191,,500.0,190.5,112.0,0
126,adult,balanced_nutrition,foodsense_de,1,1,0.1973,0.7268,1.2721,0.8805,2,0,0,3140,1.465,valid_and_plateaued,0.7268,0.695,,500.0,47.2,340.7,0
127,adult,balanced_nutrition,foodsense_de,1,1,0.4346,0.7175,0.9224,0.6327,2,0,0,4090,0.768,valid_and_plateaued,0.7175,0.6961,,,116.8,174.4,0
128,adult,balanced_nutrition,foodsense_de,0,1,0.2789,0.6434,1.6826,1.06,4,0,0,3328,0.61,plateaued_without_validity,0.6434,0.618,,,21.4,463.3,0
129,adult,glycemic_control,foodsense_de,0,1,0.1859,0.6374,1.0958,0.7132,3,0,0,2447,0.48,plateaued_without_validity,0.6374,0.6769,,,9.6,1233.0,0
130,adult,glycemic_control,foodsense_de,1,1,0.1566,0.7119,0.793,0.5354,3,0,0,3006,0.608,valid_and_plateaued,0.7119,0.7031,,,123.4,66.3,0
131,adult,balanced_nutrition,foodsense_de,1,1,0.0198,0.7434,0.8568,0.553,7,0,0,3025,2.193,valid_and_plateaued,0.7434,0.7009,,500.0,1080.7,101.4,1
132,adult,glycemic_control,foodsense_de,1,1,0.3411,0.7227,2.5042,2.0019,6,0,0,2181,0.444,valid_and_plateaued,0.7227,0.7018,,,154.5,213.6,0
133,adult,glycemic_control,foodsense_de,0,1,0.24,0.695,1.0204,0.5797,3,0,0,3852,0.723,plateaued_without_validity,0.695,0.7002,,,97.2,187.7,0
134,adult,balanced_nutrition,foodsense_de,0,1,0.7163,0.6974,0.0272,0.0213,1,0,0,650,0.129,plateaued_without_validity,0.6974,0.6317,,,491.7,489.8,0
135,adult,glycemic_control,foodsense_de,0,1,0.2495,0.3052,0.0275,0.0209,1,0,0,660,0.159,plateaued_without_validity,0.3052,0.3255,,,312.0,266.6,0
136,adult,balanced_nutrition,foodsense_de,0,1,0.3638,0.6371,0.9755,0.7708,3,0,0,1851,0.361,plateaued_without_validity,0.6371,0.6748,,,63.7,61.3,0
137,adult,glycemic_control,foodsense_de,0,1,0.5957,0.5758,0.0932,0.0437,3,0,0,663,0.162,plateaued_without_validity,0.5758,0.5908,,,166.8,157.2,0
138,adult,weight_management,foodsense_de,1,1,0.067,0.7882,0.7186,0.3417,8,0,0,2872,2.116,valid_and_plateaued,0.7882,0.7689,,500.0,1228.1,458.8,1
139,adult,balanced_nutrition,foodsense_de,0,1,0.5201,0.5506,0.11,0.0709,2,0,0,667,0.151,plateaued_without_validity,0.5506,0.5721,,,65.7,64.7,0
140,adult,glycemic_control,foodsense_de,0,1,0.1846,0.6766,3.1773,1.8095,4,0,0,1970,0.363,plateaued_without_validity,0.6766,0.7009,,,5.4,304.7,0
141,adult,balanced_nutrition,foodsense_de,0,1,0.0406,0.4058,0.0048,0.0022,0,0,0,677,0.575,plateaued_without_validity,0.4058,0.4259,,500.0,594.6,285.2,1
142,adult,balanced_nutrition,foodsense_de,1,1,0.4248,0.7334,0.955,0.6617,4,0,0,3135,0.608,valid_and_plateaued,0.7334,0.6998,,,741.0,693.0,0
143,adult,balanced_nutrition,foodsense_de,0,1,0.3046,0.3041,0.0067,0.0037,0,0,0,663,0.145,plateaued_without_validity,0.3041,0.2832,,,92.9,92.5,0
144,adult,weight_management,foodsense_de,0,1,0.448,0.4445,0.0161,0.0067,0,0,0,652,0.494,plateaued_without_validity,0.4445,0.4789,,500.0,240.0,76.9,0
145,adult,glycemic_control,foodsense_de,0,1,0.2387,0.6965,1.1875,0.8082,5,0,0,3297,0.645,plateaued_without_validity,0.6965,0.6988,,,68.9,2.5,0
146,adult,weight_management,foodsense_de,1,1,0.005,0.7106,0.5821,0.379,3,0,0,3613,2.241,valid_and_plateaued,0.7106,0.7077,,500.0,792.7,217.1,1
147,adult,balanced_nutrition,foodsense_de,0,1,0.415,0.6366,0.9222,0.4478,6,0,0,2488,0.477,plateaued_without_validity,0.6366,0.6107,,,15.2,43.8,0
148,adult,glycemic_control,foodsense_de,0,1,0.0752,0.6981,1.2657,0.8902,4,0,0,4297,1.86,plateaued_without_validity,0.6981,0.6997,,500.0,2071.5,498.2,1
149,adult,weight_management,foodsense_de,0,1,0.4165,0.6765,0.4403,0.258,3,0,0,3179,0.579,plateaued_without_validity,0.6765,0.7,,,1202.4,375.0,0
150,adult,weight_management,foodsense_de,1,1,0.7064,0.7065,0.0016,0.0008,0,0,0,662,0.451,valid_and_plateaued,0.7065,0.6855,,500.0,465.5,469.0,0
151,adult,balanced_nutrition,foodsense_de,0,1,0.4887,0.4906,0.0132,0.0047,0,0,0,655,0.152,plateaued_without_validity,0.4906,0.485,,,342.3,70.9,0
152,adult,glycemic_control,foodsense_de,0,1,0.6099,0.5981,0.0144,0.0076,1,0,0,657,0.152,plateaued_without_validity,0.5981,0.6244,,,308.9,308.2,0
153,adult,balanced_nutrition,foodsense_de,0,1,0.5464,0.4886,0.169,0.086,4,0,0,647,0.137,plateaued_without_validity,0.4886,0.5006,,,42.2,41.8,0
154,adult,glycemic_control,foodsense_de,0,1,0.4253,0.632,1.143,0.6692,6,0,0,1852,0.373,plateaued_without_validity,0.632,0.6567,,,79.5,57.2,0
155,adult,weight_management,foodsense_de,0,1,0.4831,0.534,0.0333,0.0212,1,0,0,657,0.137,plateaued_without_validity,0.534,0.5707,,,828.3,634.4,0
156,adult,balanced_nutrition,foodsense_de,1,1,0.1185,0.7394,1.6619,0.8854,5,0,0,3468,2.125,valid_and_plateaued,0.7394,0.6845,,500.0,9.2,92.6,0
157,adult,weight_management,foodsense_de,0,1,0.4662,0.482,0.5548,0.2257,6,0,0,650,0.144,plateaued_without_validity,0.482,0.4798,,,65.6,0.7,0
158,adult,glycemic_control,foodsense_de,0,1,0.195,0.3343,0.2097,0.1145,4,0,0,655,0.155,plateaued_without_validity,0.3343,0.3542,,,135.9,127.2,0
159,adult,weight_management,foodsense_de,1,1,0.1926,0.7932,0.9758,0.4396,5,0,0,3859,2.208,valid_and_plateaued,0.7932,0.7023,,500.0,171.6,381.4,0
160,adult,balanced_nutrition,foodsense_de,1,1,0.4415,0.723,7.68,5.6568,4,0,0,4174,0.749,valid_and_plateaued,0.723,0.703,,,44.0,347.9,0
161,adult,balanced_nutrition,foodsense_de,1,1,0.1232,0.7214,3.3333,2.495,7,0,0,1414,0.95,valid_and_plateaued,0.7214,0.6987,,500.0,42.4,350.4,0
162,adult,balanced_nutrition,foodsense_de,0,1,0.2896,0.652,1.924,0.8992,6,0,0,1537,0.325,plateaued_without_validity,0.652,0.6696,,,18.2,47.6,0
163,adult,glycemic_control,foodsense_de,0,1,0.5053,0.5049,0.0101,0.0042,0,0,0,660,0.153,plateaued_without_validity,0.5049,0.4699,,,612.7,573.2,0
164,adult,balanced_nutrition,foodsense_de,0,1,0.2053,0.6826,2.3,1.6921,3,0,0,4650,0.831,plateaued_without_validity,0.6826,0.6996,,,198.9,122.7,0
165,adult,glycemic_control,foodsense_de,1,1,0.2225,0.72,0.5075,0.3762,2,0,0,2527,0.445,valid_and_plateaued,0.72,0.6961,,,29.7,52.8,0
166,adult,weight_management,foodsense_de,0,1,0.4263,0.4302,0.0173,0.0084,0,0,0,656,0.147,plateaued_without_validity,0.4302,0.447,,,525.4,251.7,0
167,adult,weight_management,foodsense_de,0,1,0.6361,0.6237,0.0246,0.0149,1,0,0,653,0.505,plateaued_without_validity,0.6237,0.6051,,500.0,129.0,128.5,0
168,adult,weight_management,foodsense_de,0,1,0.5549,0.6271,0.0604,0.0379,2,0,0,662,0.144,plateaued_without_validity,0.6271,0.5873,,,432.5,41.4,0
169,adult,balanced_nutrition,foodsense_de,1,1,0.5065,0.7139,1.0818,0.7572,4,0,0,1070,0.226,valid_and_plateaued,0.7139,0.6668,,,515.1,841.8,0
170,adult,weight_management,foodsense_de,0,1,0.4187,0.6859,1.7949,1.4538,3,0,0,1779,0.349,plateaued_without_validity,0.6859,0.6953,,,251.2,416.4,0
171,adult,balanced_nutrition,foodsense_de,1,1,0.3859,0.8236,0.9871,0.5713,3,0,0,1776,0.332,valid_and_plateaued,0.8236,0.7071,,,1643.7,478.7,0
172,adult,weight_management,foodsense_de,1,1,0.7357,0.7566,0.0566,0.0234,5,0,0,670,0.62,valid_and_plateaued,0.7566,0.6988,,500.0,330.4,327.9,0
173,adult,glycemic_control,foodsense_de,0,1,0.4973,0.6288,3.3203,2.6167,4,0,0,1452,0.282,plateaued_without_validity,0.6288,0.606,,,54.9,203.0,0
174,adult,balanced_nutrition,foodsense_de,1,1,0.4568,0.7257,0.4719,0.2667,4,0,0,1304,0.28,valid_and_plateaued,0.7257,0.7303,,,1427.0,504.4,0
175,adult,glycemic_control,foodsense_de,0,1,0.3902,0.6472,0.6189,0.4146,4,0,0,1011,0.21,plateaued_without_validity,0.6472,0.6581,,,14.1,5.2,0
176,adult,balanced_nutrition,foodsense_de,0,1,0.5225,0.5213,0.0875,0.0416,4,0,0,665,0.154,plateaued_without_validity,0.5213,0.4971,,,323.6,8.7,0
177,adult,glycemic_control,foodsense_de,0,1,0.4633,0.4628,0.0327,0.0157,0,0,0,655,0.199,plateaued_without_validity,0.4628,0.4991,,,448.3,292.8,0
178,adult,balanced_nutrition,foodsense_de,1,1,0.2832,0.7472,0.7946,0.5621,3,0,0,3975,0.772,valid_and_plateaued,0.7472,0.6933,,,355.7,93.3,0
179,adult,glycemic_control,foodsense_de,0,1,0.5047,0.5168,0.015,0.0067,0,0,0,653,0.138,plateaued_without_validity,0.5168,0.5106,,,687.5,615.0,0
180,adult,balanced_nutrition,foodsense_de,0,1,0.3163,0.6997,0.9068,0.6315,5,0,0,1296,0.866,plateaued_without_validity,0.6997,0.7118,,500.0,73.9,254.4,0
181,adult,glycemic_control,foodsense_de,0,1,0.4838,0.537,0.209,0.1243,2,0,0,655,0.142,plateaued_without_validity,0.537,0.5431,,,277.8,267.4,0
182,adult,glycemic_control,foodsense_de,0,1,0.5142,0.5169,0.0242,0.0132,1,0,0,669,0.595,plateaued_without_validity,0.5169,0.4913,,500.0,448.3,446.5,0
183,adult,weight_management,foodsense_de,0,1,0.4746,0.4745,0.1439,0.0923,1,0,0,647,0.133,plateaued_without_validity,0.4745,0.5005,,,43.7,42.4,0
184,adult,glycemic_control,foodsense_de,1,1,0.4829,0.7823,1.4799,1.4494,1,0,0,4459,0.824,valid_and_plateaued,0.7823,0.7023,,,322.9,321.1,0
185,adult,weight_management,foodsense_de,1,1,0.4716,0.7409,1.23,0.7809,3,0,0,3051,0.572,valid_and_plateaued,0.7409,0.6826,,,412.4,725.7,0
186,adult,weight_management,foodsense_de,0,1,0.4121,0.6673,0.5952,0.4666,3,0,0,4742,2.152,plateaued_without_validity,0.6673,0.7008,,500.0,2.9,129.1,0
187,adult,glycemic_control,foodsense_de,0,1,0.5464,0.6011,0.0103,0.0072,1,0,0,689,0.17,plateaued_without_validity,0.6011,0.5894,,,1127.0,1114.2,0
188,adult,weight_management,foodsense_de,0,1,0.6262,0.6284,0.0312,0.0167,1,0,0,651,0.149,plateaued_without_validity,0.6284,0.6228,,,323.1,283.4,0
189,adult,glycemic_control,foodsense_de,0,1,0.5936,0.5988,0.0051,0.0036,0,0,0,645,0.122,plateaued_without_validity,0.5988,0.6308,,,499.9,306.9,0
190,adult,glycemic_control,foodsense_de,0,1,0.3913,0.4356,0.0921,0.0548,2,0,0,655,0.143,plateaued_without_validity,0.4356,0.5001,,,849.1,316.9,0
191,adult,balanced_nutrition,foodsense_de,0,1,0.3504,0.6457,0.7693,0.6711,3,0,0,3896,0.716,plateaued_without_validity,0.6457,0.6988,,,3392.3,411.4,0
192,adult,balanced_nutrition,foodsense_de,0,1,0.2871,0.3468,0.1177,0.0679,3,0,0,666,0.163,plateaued_without_validity,0.3468,0.3637,,,631.9,518.0,0
193,adult,weight_management,foodsense_de,0,1,0.4355,0.4339,0.0188,0.0126,1,0,0,656,0.15,plateaued_without_validity,0.4339,0.4573,,,394.9,392.3,0
194,adult,balanced_nutrition,foodsense_de,1,1,0.3111,0.7606,0.8837,0.4728,7,0,0,2756,0.593,valid_and_plateaued,0.7606,0.6937,,,21.3,72.1,0
195,adult,glycemic_control,foodsense_de,0,1,0.6301,0.6302,0.0037,0.0021,0,0,0,649,0.127,plateaued_without_validity,0.6302,0.6175,,,61.4,22.9,0
196,adult,glycemic_control,foodsense_de,0,1,0.5041,0.5038,0.0019,0.0013,0,0,0,643,0.374,plateaued_without_validity,0.5038,0.4804,,500.0,148.6,148.4,0
197,adult,weight_management,foodsense_de,0,1,0.0754,0.6139,1.1099,0.5733,8,0,0,1822,1.389,plateaued_without_validity,0.6139,0.6309,,500.0,105.4,119.9,0
198,adult,balanced_nutrition,foodsense_de,0,1,0.3682,0.381,0.2138,0.1365,1,0,0,650,0.425,plateaued_without_validity,0.381,0.4147,,500.0,245.7,213.2,0
199,adult,balanced_nutrition,foodsense_de,0,1,0.5675,0.5743,0.0058,0.0023,0,0,0,676,0.211,plateaued_without_validity,0.5743,0.5872,,,544.2,351.2,0
200,adult,weight_management,foodsense_de,1,1,0.7426,0.7427,0.0082,0.0075,1,0,0,659,0.139,valid_and_plateaued,0.7427,0.7429,,,3379.0,1673.2,0
201,older_adult,glycemic_control,foodsense_de,0,1,0.0,0.5942,0.6695,0.4712,5,0,0,3855,0.746,plateaued_without_validity,0.5942,0.6201,,,39.5,146.6,0
202,older_adult,balanced_nutrition,foodsense_de,1,1,0.1571,0.7657,1.3038,0.759,4,0,0,3970,1.887,valid_and_plateaued,0.7657,0.6986,,500.0,4.7,364.9,0
203,older_adult,balanced_nutrition,foodsense_de,1,1,0.0,0.7484,3.6367,2.0632,9,0,0,2853,1.423,valid_and_plateaued,0.7484,0.6874,,,335.9,412.6,0
204,older_adult,balanced_nutrition,foodsense_de,0,1,0.1591,0.6971,0.7627,0.499,4,0,0,1991,1.446,plateaued_without_validity,0.6971,0.6034,,500.0,285.6,273.7,0
205,older_adult,weight_management,foodsense_de,0,1,0.3426,0.6933,1.3659,0.8695,3,0,0,2096,0.401,plateaued_without_validity,0.6933,0.6844,,,78.5,497.7,0
206,older_adult,glycemic_control,foodsense_de,0,1,0.6694,0.6788,0.0223,0.014,2,0,0,655,0.151,plateaued_without_validity,0.6788,0.6527,,,418.1,378.0,0
207,older_adult,glycemic_control,foodsense_de,0,1,0.5066,0.5098,0.0723,0.0405,1,0,0,657,0.142,plateaued_without_validity,0.5098,0.5243,,,247.3,243.3,0
208,older_adult,glycemic_control,foodsense_de,1,1,0.0081,0.7326,0.3601,0.2535,3,0,0,3579,2.069,valid_and_plateaued,0.7326,0.6974,,500.0,757.7,383.7,1
209,older_adult,glycemic_control,foodsense_de,0,1,0.1882,0.6506,1.0783,0.602,6,0,0,4174,0.771,plateaued_without_validity,0.6506,0.6692,,,48.1,85.0,0
210,older_adult,balanced_nutrition,foodsense_de,1,1,0.0334,0.8104,1.3453,0.6034,7,0,0,1504,1.112,valid_and_plateaued,0.8104,0.7611,,500.0,1711.5,399.1,1
211,older_adult,weight_management,foodsense_de,0,1,0.1571,0.6802,0.9215,0.4798,5,0,0,3939,0.824,plateaued_without_validity,0.6802,0.704,,,95.5,96.0,0
212,older_adult,weight_management,foodsense_de,0,1,0.4974,0.5777,0.0937,0.0457,3,0,0,672,0.165,plateaued_without_validity,0.5777,0.5792,,,1602.9,1525.9,0
213,older_adult,glycemic_control,foodsense_de,0,1,0.5338,0.5338,0.0196,0.0127,0,0,0,646,0.125,plateaued_without_validity,0.5338,0.5219,,,2309.6,1837.5,0
214,older_adult,weight_management,foodsense_de,0,1,0.4628,0.6032,0.6055,0.294,6,0,0,1867,1.251,plateaued_without_validity,0.6032,0.7214,,500.0,387.9,468.3,0
215,older_adult,weight_management,foodsense_de,0,1,0.4318,0.4307,0.005,0.003,0,0,0,655,0.135,plateaued_without_validity,0.4307,0.4266,,,668.4,666.6,0
216,older_adult,balanced_nutrition,foodsense_de,0,1,0.1119,0.6504,1.3085,0.6212,6,0,0,1861,1.137,plateaued_without_validity,0.6504,0.681,,500.0,51.6,145.5,0
217,older_adult,balanced_nutrition,foodsense_de,0,1,0.0201,0.6221,1.2601,0.5749,6,0,0,1617,0.358,plateaued_without_validity,0.6221,0.5743,,,28.5,469.6,0
218,older_adult,balanced_nutrition,foodsense_de,0,1,0.0004,0.5772,1.4013,0.9069,3,0,0,2896,1.369,plateaued_without_validity,0.5772,0.5786,,500.0,2120.8,448.7,1
219,older_adult,glycemic_control,foodsense_de,0,1,0.0543,0.6535,0.4004,0.1677,7,0,0,2548,1.656,plateaued_without_validity,0.6535,0.6753,,500.0,678.7,494.1,1
220,older_adult,glycemic_control,foodsense_de,0,1,0.4374,0.6994,0.266,0.1989,2,0,0,4581,0.867,plateaued_without_validity,0.6994,0.7002,,,159.2,163.4,0
221,older_adult,weight_management,foodsense_de,0,1,0.6824,0.6687,0.0379,0.0352,1,0,0,657,0.137,plateaued_without_validity,0.6687,0.62,,,1228.4,1226.3,0
222,older_adult,weight_management,foodsense_de,0,1,0.0391,0.6677,2.591,1.7655,2,0,0,2780,0.547,plateaued_without_validity,0.6677,0.6887,,,1.4,449.6,0
223,older_adult,balanced_nutrition,foodsense_de,0,1,0.4625,0.4709,0.0496,0.0332,2,0,0,664,0.154,plateaued_without_validity,0.4709,0.4208,,,959.0,840.2,0
224,older_adult,balanced_nutrition,foodsense_de,1,1,0.2881,0.7108,2.3408,1.2796,6,0,0,1613,0.352,valid_and_plateaued,0.7108,0.6762,,,123.1,340.0,0
225,older_adult,balanced_nutrition,foodsense_de,0,1,0.2608,0.6342,0.56,0.337,4,0,0,2616,1.493,plateaued_without_validity,0.6342,0.5462,,500.0,190.5,68.8,0
226,older_adult,balanced_nutrition,foodsense_de,1,1,0.0924,0.7174,1.6918,1.1456,3,0,0,4220,2.032,valid_and_plateaued,0.7174,0.6808,,500.0,47.2,84.2,0
227,older_adult,balanced_nutrition,foodsense_de,1,1,0.392,0.7561,1.0866,0.7525,2,0,0,2296,0.462,valid_and_plateaued,0.7561,0.7125,,,116.8,148.0,0
228,older_adult,weight_management,foodsense_de,0,1,0.3196,0.3297,0.0724,0.0604,1,0,0,648,0.141,plateaued_without_validity,0.3297,0.3305,,,21.4,20.6,0
229,older_adult,glycemic_control,foodsense_de,0,1,0.1808,0.5289,0.8276,0.6007,2,0,0,2927,0.599,plateaued_without_validity,0.5289,0.5955,,,9.6,108.0,0
230,older_adult,balanced_nutrition,foodsense_de,0,1,0.1669,0.1598,0.0741,0.0571,2,0,0,645,0.514,plateaued_without_validity,0.1598,0.171,,500.0,123.4,77.9,0
231,older_adult,balanced_nutrition,foodsense_de,0,1,0.0182,0.6295,0.9222,0.488,6,0,0,3710,2.944,plateaued_without_validity,0.6295,0.6171,,500.0,1080.7,328.5,1
232,older_adult,weight_management,foodsense_de,1,1,0.3053,0.7001,1.6137,1.0211,5,0,0,4830,2.784,valid_and_plateaued,0.7001,0.6587,,500.0,154.5,223.6,0
233,older_adult,balanced_nutrition,foodsense_de,0,1,0.3009,0.688,1.2105,0.6845,4,0,0,2733,1.549,plateaued_without_validity,0.688,0.6854,,,97.2,565.7,0
234,older_adult,balanced_nutrition,foodsense_de,0,1,0.5195,0.512,0.0272,0.0213,1,0,0,650,0.412,plateaued_without_validity,0.512,0.54,,,491.7,489.8,0
235,older_adult,weight_management,foodsense_de,0,1,0.1805,0.5931,1.1794,0.6169,5,0,0,1040,0.247,plateaued_without_validity,0.5931,0.5649,,,312.0,398.9,0
236,older_adult,balanced_nutrition,foodsense_de,1,1,0.305,0.7058,1.0713,0.7859,4,0,0,2617,0.531,valid_and_plateaued,0.7058,0.6972,,,63.7,507.1,0
237,older_adult,glycemic_control,foodsense_de,0,1,0.5812,0.5544,0.0932,0.0437,3,0,0,663,0.172,plateaued_without_validity,0.5544,0.5773,,,166.8,157.2,0
238,older_adult,glycemic_control,foodsense_de,1,1,0.068,0.8356,0.8214,0.3884,7,0,0,3702,2.387,valid_and_plateaued,0.8356,0.7816,,500.0,1228.1,403.4,1
239,older_adult,balanced_nutrition,foodsense_de,0,1,0.4398,0.459,0.11,0.0709,2,0,0,667,0.502,plateaued_without_validity,0.459,0.5294,,500.0,65.7,64.7,0
240,older_adult,weight_management,foodsense_de,0,1,0.3426,0.6732,3.7682,2.3686,4,0,0,2810,0.501,plateaued_without_validity,0.6732,0.6952,,,5.4,72.8,0
241,older_adult,balanced_nutrition,foodsense_de,0,1,0.039,0.3901,0.0048,0.0022,0,0,0,677,0.553,plateaued_without_validity,0.3901,0.4116,,500.0,594.6,285.2,1
242,older_adult,weight_management,foodsense_de,0,1,0.5376,0.5641,0.0765,0.0543,2,0,0,650,0.453,plateaued_without_validity,0.5641,0.5435,,,741.0,635.5,0
243,older_adult,weight_management,foodsense_de,0,1,0.5088,0.5075,0.0067,0.0037,0,0,0,663,0.501,plateaued_without_validity,0.5075,0.4946,,,92.9,92.5,0
244,older_adult,weight_management,foodsense_de,0,1,0.3975,0.3949,0.0161,0.0067,0,0,0,652,0.489,plateaued_without_validity,0.3949,0.4355,,500.0,240.0,76.9,0
245,older_adult,balanced_nutrition,foodsense_de,1,1,0.2618,0.7366,1.4062,0.7297,7,0,0,2029,1.275,valid_and_plateaued,0.7366,0.692,,,68.9,82.0,0
246,older_adult,glycemic_control,foodsense_de,1,1,0.0172,0.7519,0.7641,0.4209,4,0,0,3458,2.301,valid_and_plateaued,0.7519,0.7539,,500.0,792.7,413.3,1
247,older_adult,glycemic_control,foodsense_de,0,1,0.3513,0.6984,2.3909,1.9588,5,0,0,4857,0.923,plateaued_without_validity,0.6984,0.6972,,,15.2,140.4,0
248,older_adult,weight_management,foodsense_de,1,1,0.0626,0.712,2.0491,1.4612,4,0,0,2451,1.321,valid_and_plateaued,0.712,0.6925,,500.0,2071.5,472.5,1
249,older_adult,weight_management,foodsense_de,0,1,0.0389,0.623,0.5094,0.2492,5,0,0,2583,1.365,plateaued_without_validity,0.623,0.6958,,500.0,1202.4,383.2,1
250,older_adult,balanced_nutrition,foodsense_de,0,1,0.5808,0.5808,0.0016,0.0008,0,0,0,662,0.48,plateaued_without_validity,0.5808,0.5816,,500.0,465.5,469.0,0
251,older_adult,glycemic_control,foodsense_de,0,1,0.4214,0.4219,0.0132,0.0047,0,0,0,655,0.154,plateaued_without_validity,0.4219,0.4235,,,342.3,70.9,0
252,older_adult,balanced_nutrition,foodsense_de,0,1,0.3461,0.3398,0.0144,0.0076,1,0,0,657,0.157,plateaued_without_validity,0.3398,0.3595,,,308.9,308.2,0
253,older_adult,glycemic_control,foodsense_de,0,1,0.479,0.6984,0.9141,0.7774,5,0,0,3251,0.623,plateaued_without_validity,0.6984,0.6954,,,42.2,42.9,0
254,older_adult,balanced_nutrition,foodsense_de,1,1,0.3392,0.7923,0.9796,0.6113,4,0,0,3898,0.773,valid_and_plateaued,0.7923,0.6781,,,79.5,213.2,0
255,older_adult,glycemic_control,foodsense_de,1,1,0.0,0.7133,1.1323,0.6533,4,0,0,5370,1.056,valid_and_plateaued,0.7133,0.7026,,,828.3,666.8,0
256,older_adult,glycemic_control,foodsense_de,0,1,0.0,0.6734,2.8942,1.6156,8,0,0,4859,2.326,plateaued_without_validity,0.6734,0.6929,,500.0,9.2,214.9,0
257,older_adult,weight_management,foodsense_de,0,1,0.0,0.6972,3.38,2.2062,10,0,0,2097,0.465,plateaued_without_validity,0.6972,0.7058,,,65.6,66.3,0
258,older_adult,balanced_nutrition,foodsense_de,1,1,0.283,0.7569,1.7292,0.7005,8,0,0,2540,0.567,valid_and_plateaued,0.7569,0.6532,,,135.9,500.1,0
259,older_adult,weight_management,foodsense_de,0,1,0.2244,0.5469,0.5636,0.314,3,0,0,3897,2.224,plateaued_without_validity,0.5469,0.5412,,500.0,171.6,464.1,0
260,older_adult,glycemic_control,foodsense_de,0,1,0.4811,0.6925,5.35,4.8639,3,0,0,3248,0.581,plateaued_without_validity,0.6925,0.7029,,,44.0,7.0,0
261,older_adult,balanced_nutrition,foodsense_de,1,1,0.1046,0.763,2.5123,1.1922,8,0,0,3301,2.276,valid_and_plateaued,0.763,0.7304,,500.0,42.4,463.9,0
262,older_adult,weight_management,foodsense_de,0,1,0.3325,0.3634,0.176,0.1125,2,0,0,652,0.479,plateaued_without_validity,0.3634,0.359,,,18.2,17.9,0
263,older_adult,glycemic_control,foodsense_de,1,1,0.0,0.7858,2.7336,1.4938,8,0,0,2531,0.604,valid_and_plateaued,0.7858,0.7592,,,612.7,452.5,0
264,older_adult,glycemic_control,foodsense_de,0,1,0.2637,0.6539,1.8595,1.5916,2,0,0,4092,0.812,plateaued_without_validity,0.6539,0.6698,,,198.9,522.2,0
265,older_adult,weight_management,foodsense_de,0,1,0.2019,0.5916,1.475,0.9712,3,0,0,2005,0.844,plateaued_without_validity,0.5916,0.6545,,,29.7,113.2,0
266,older_adult,balanced_nutrition,foodsense_de,0,1,0.0558,0.5201,0.0173,0.0084,0,0,0,656,0.591,plateaued_without_validity,0.5201,0.4456,,500.0,525.4,251.7,1
267,older_adult,weight_management,foodsense_de,0,1,0.6064,0.5946,0.0246,0.0149,1,0,0,653,0.517,plateaued_without_validity,0.5946,0.588,,500.0,129.0,128.5,0
268,older_adult,weight_management,foodsense_de,0,1,0.4309,0.4957,0.0604,0.0379,2,0,0,662,0.502,plateaued_without_validity,0.4957,0.5122,,500.0,432.5,41.4,0
269,older_adult,balanced_nutrition,foodsense_de,0,1,0.0,0.492,1.6009,0.7449,7,0,0,1453,0.324,plateaued_without_validity,0.492,0.4607,,,515.1,483.4,0
270,older_adult,glycemic_control,foodsense_de,0,1,0.3929,0.6922,1.7595,1.573,3,0,0,1175,0.24,plateaued_without_validity,0.6922,0.704,,,251.2,241.3,0
271,older_adult,balanced_nutrition,foodsense_de,0,1,0.3056,0.3019,0.0065,0.0048,0,0,0,653,0.131,plateaued_without_validity,0.3019,0.3412,,,1643.7,1643.6,0
272,older_adult,weight_management,foodsense_de,0,1,0.6353,0.6644,0.0566,0.0234,5,0,0,670,0.631,plateaued_without_validity,0.6644,0.6098,,500.0,330.4,327.9,0
273,older_adult,balanced_nutrition,foodsense_de,0,1,0.3449,0.5753,1.8162,0.9672,4,0,0,1617,0.939,plateaued_without_validity,0.5753,0.5264,,500.0,54.9,60.0,0
274,older_adult,weight_management,foodsense_de,0,1,0.4504,0.6173,0.2756,0.147,4,0,0,2580,1.565,plateaued_without_validity,0.6173,0.6866,,,1427.0,1052.0,0
275,older_adult,balanced_nutrition,foodsense_de,0,1,0.4781,0.4745,0.0453,0.0342,1,0,0,653,0.159,plateaued_without_validity,0.4745,0.4535,,,14.1,7.4,0
276,older_adult,balanced_nutrition,foodsense_de,0,1,0.3914,0.3875,0.0875,0.0416,4,0,0,665,0.63,plateaued_without_validity,0.3875,0.3433,,500.0,323.6,8.7,0
277,older_adult,weight_management,foodsense_de,0,1,0.4938,0.4958,0.0327,0.0157,0,0,0,655,0.526,plateaued_without_validity,0.4958,0.4944,,,448.3,292.8,0
278,older_adult,glycemic_control,foodsense_de,0,1,0.0,0.6359,1.0534,0.5736,6,0,0,3328,0.687,plateaued_without_validity,0.6359,0.6775,,,355.7,102.9,0
279,older_adult,balanced_nutrition,foodsense_de,0,1,0.3665,0.6964,0.729,0.4228,3,0,0,3177,0.629,plateaued_without_validity,0.6964,0.6913,,,687.5,282.8,0
280,older_adult,balanced_nutrition,foodsense_de,0,1,0.2998,0.6621,0.7646,0.5512,5,0,0,6022,3.238,evaluation_budget,0.6621,0.7003,,500.0,73.9,178.1,0
281,older_adult,weight_management,foodsense_de,0,1,0.4432,0.5164,0.209,0.1243,2,0,0,655,0.141,plateaued_without_validity,0.5164,0.5233,,,277.8,267.4,0
282,older_adult,weight_management,foodsense_de,0,1,0.4944,0.4966,0.0242,0.0132,1,0,0,669,0.564,plateaued_without_validity,0.4966,0.4767,,500.0,448.3,446.5,0
283,older_adult,glycemic_control,foodsense_de,1,1,0.436,0.7417,5.4428,4.5373,2,0,0,2017,0.407,valid_and_plateaued,0.7417,0.7026,,,43.7,65.3,0
284,older_adult,balanced_nutrition,foodsense_de,1,1,0.2313,0.7045,1.0548,0.7302,2,0,0,4942,0.917,valid_and_plateaued,0.7045,0.6968,,,322.9,390.7,0
285,older_adult,balanced_nutrition,foodsense_de,1,1,0.3381,0.7048,1.49,0.9925,4,0,0,3413,0.671,valid_and_plateaued,0.7048,0.6261,,,412.4,562.7,0
286,older_adult,glycemic_control,foodsense_de,0,1,0.3464,0.6624,0.4388,0.3894,2,0,0,4737,2.241,plateaued_without_validity,0.6624,0.6838,,500.0,2.9,27.1,0
287,older_adult,balanced_nutrition,foodsense_de,0,1,0.317,0.3181,0.0103,0.0072,1,0,0,689,0.181,plateaued_without_validity,0.3181,0.3111,,,1127.0,1114.2,0
288,older_adult,balanced_nutrition,foodsense_de,1,1,0.4455,0.7468,0.1619,0.1255,2,0,0,4174,0.852,valid_and_plateaued,0.7468,0.6851,,,323.1,328.8,0
289,older_adult,balanced_nutrition,foodsense_de,1,1,0.4795,0.7228,2.0657,2.0207,2,0,0,1051,0.545,valid_and_plateaued,0.7228,0.6956,,,499.9,296.9,0
290,older_adult,glycemic_control,foodsense_de,0,1,0.0423,0.4003,0.0921,0.0548,2,0,0,655,0.512,plateaued_without_validity,0.4003,0.4515,,500.0,849.1,316.9,1
291,older_adult,weight_management,foodsense_de,0,1,0.368,0.68,0.8575,0.6886,2,0,0,2141,0.411,plateaued_without_validity,0.68,0.6577,,,3392.3,425.7,0
292,older_adult,weight_management,foodsense_de,0,1,0.3704,0.4139,0.1177,0.0679,3,0,0,666,0.163,plateaued_without_validity,0.4139,0.422,,,631.9,518.0,0
293,older_adult,glycemic_control,foodsense_de,0,1,0.4866,0.488,0.0188,0.0126,1,0,0,656,0.147,plateaued_without_validity,0.488,0.4956,,,394.9,392.3,0
294,older_adult,weight_management,foodsense_de,0,1,0.1816,0.6665,0.6122,0.2785,7,0,0,2985,0.693,plateaued_without_validity,0.6665,0.6895,,,21.3,37.5,0
295,older_adult,glycemic_control,foodsense_de,1,1,0.0001,0.7742,0.578,0.3595,3,0,0,1733,0.346,valid_and_plateaued,0.7742,0.78,,,61.4,43.3,0
296,older_adult,balanced_nutrition,foodsense_de,1,1,0.1193,0.7492,1.123,0.7766,3,0,0,3852,1.777,valid_and_plateaued,0.7492,0.6788,,500.0,148.6,291.8,0
297,older_adult,glycemic_control,foodsense_de,0,1,0.1149,0.6858,0.8073,0.3275,7,0,0,4461,3.01,plateaued_without_validity,0.6858,0.6604,,500.0,105.4,87.5,0
298,older_adult,weight_management,foodsense_de,0,1,0.3334,0.6355,1.7069,1.0729,3,0,0,2978,1.539,plateaued_without_validity,0.6355,0.6366,,500.0,245.7,431.6,0
299,older_adult,weight_management,foodsense_de,0,1,0.6387,0.6466,0.0058,0.0023,0,0,0,676,0.171,plateaued_without_validity,0.6466,0.627,,,544.2,351.2,0
300,older_adult,weight_management,foodsense_de,0,1,0.0706,0.6474,0.4879,0.2823,4,0,0,3933,2.022,plateaued_without_validity,0.6474,0.6705,,,3379.0,546.2,0
